Segment,Frequency,Year,Quarter,Month,City,TOM_4q,Share_closed_2w_4q
EFH,quarterly,2012,1,,Berlin,,
EFH,quarterly,2012,2,,Berlin,,
EFH,quarterly,2012,3,,Berlin,,
EFH,quarterly,2012,4,,Berlin,83.4898853302002,0.15346244536340237
EFH,quarterly,2013,1,,Berlin,92.81402587890625,0.1222981121391058
EFH,quarterly,2013,2,,Berlin,91.97926330566406,0.13980559818446636
EFH,quarterly,2013,3,,Berlin,97.95235252380371,0.15059717185795307
EFH,quarterly,2013,4,,Berlin,101.58313369750977,0.15938645973801613
EFH,quarterly,2014,1,,Berlin,95.81649780273438,0.17744924128055573
EFH,quarterly,2014,2,,Berlin,93.01592063903809,0.19065548852086067
EFH,quarterly,2014,3,,Berlin,87.84339714050293,0.2000301592051983
EFH,quarterly,2014,4,,Berlin,83.47457695007324,0.22427735477685928
EFH,quarterly,2015,1,,Berlin,85.16342353820801,0.22637136280536652
EFH,quarterly,2015,2,,Berlin,86.3088321685791,0.23635263741016388
EFH,quarterly,2015,3,,Berlin,80.11980438232422,0.25727834179997444
EFH,quarterly,2015,4,,Berlin,75.03561401367188,0.26196203753352165
EFH,quarterly,2016,1,,Berlin,72.21450233459473,0.26128051057457924
EFH,quarterly,2016,2,,Berlin,70.12214660644531,0.25618838518857956
EFH,quarterly,2016,3,,Berlin,73.87596130371094,0.24658237397670746
EFH,quarterly,2016,4,,Berlin,75.64920997619629,0.2377973459661007
EFH,quarterly,2017,1,,Berlin,77.47488975524902,0.23348135128617287
EFH,quarterly,2017,2,,Berlin,76.43523025512695,0.23923759907484055
EFH,quarterly,2017,3,,Berlin,77.07603454589844,0.2432599440217018
EFH,quarterly,2017,4,,Berlin,78.00607299804688,0.23843270540237427
EFH,quarterly,2018,1,,Berlin,74.78523063659668,0.2555236481130123
EFH,quarterly,2018,2,,Berlin,75.30233764648438,0.23964228853583336
EFH,quarterly,2018,3,,Berlin,74.5175838470459,0.23979512229561806
EFH,quarterly,2018,4,,Berlin,72.8558177947998,0.2452019341289997
EFH,quarterly,2019,1,,Berlin,74.04726219177246,0.2335575707256794
EFH,quarterly,2019,2,,Berlin,73.40711402893066,0.24101684242486954
EFH,quarterly,2019,3,,Berlin,72.97694778442383,0.23322715982794762
EFH,quarterly,2019,4,,Berlin,74.0850944519043,0.2378545179963112
EFH,quarterly,2020,1,,Berlin,72.05624389648438,0.24469520896673203
EFH,quarterly,2020,2,,Berlin,76.02633666992188,0.23488348349928856
EFH,quarterly,2020,3,,Berlin,77.83344650268555,0.23678052425384521
EFH,quarterly,2020,4,,Berlin,78.06672477722168,0.23213055357336998
EFH,quarterly,2021,1,,Berlin,80.20980834960938,0.22277310490608215
EFH,quarterly,2021,2,,Berlin,72.67851066589355,0.2757205367088318
EFH,quarterly,2021,3,,Berlin,72.3865852355957,0.2798801511526108
EFH,quarterly,2021,4,,Berlin,71.00287628173828,0.28917819634079933
EFH,quarterly,2022,1,,Berlin,69.59665298461914,0.29643575847148895
EFH,quarterly,2022,2,,Berlin,73.20983123779297,0.2586301639676094
EFH,quarterly,2022,3,,Berlin,71.9174976348877,0.23566098883748055
EFH,quarterly,2022,4,,Berlin,75.95660591125488,0.1965252384543419
EFH,quarterly,2023,1,,Berlin,82.9482421875,0.15985447727143764
EFH,quarterly,2023,2,,Berlin,89.84917449951172,0.1323931496590376
EFH,quarterly,2023,3,,Berlin,95.21358489990234,0.12228216230869293
EFH,quarterly,2023,4,,Berlin,98.33758163452148,0.12191984429955482
EFH,quarterly,2024,1,,Berlin,99.48407554626465,0.12534494139254093
EFH,quarterly,2024,2,,Berlin,102.9725227355957,0.12184197083115578
EFH,quarterly,2024,3,,Berlin,103.81725883483887,0.12299642898142338
EFH,quarterly,2024,4,,Berlin,102.69894599914551,0.13193399645388126
EFH,quarterly,2025,1,,Berlin,99.97347450256348,0.14100890047848225
EFH,quarterly,2025,2,,Berlin,92.34798049926758,0.15593601390719414
EFH,quarterly,2025,3,,Berlin,90.39191246032715,0.15841051191091537
EFH,quarterly,2025,4,,Berlin,90.88295936584473,0.15603671967983246
EFH,quarterly,2026,1,,Berlin,91.17849540710449,0.1530086062848568
EFH,quarterly,2012,1,,Bocholt,,
EFH,quarterly,2012,2,,Bocholt,,
EFH,quarterly,2012,3,,Bocholt,,
EFH,quarterly,2012,4,,Bocholt,94.94080543518066,0.11603620182722807
EFH,quarterly,2013,1,,Bocholt,99.38769912719727,0.12646106537431479
EFH,quarterly,2013,2,,Bocholt,102.40853309631348,0.14729439839720726
EFH,quarterly,2013,3,,Bocholt,102.5655632019043,0.18153055012226105
EFH,quarterly,2013,4,,Bocholt,110.14064025878906,0.13702590484172106
EFH,quarterly,2014,1,,Bocholt,106.32600593566895,0.1276763128116727
EFH,quarterly,2014,2,,Bocholt,103.14715385437012,0.13416216243058443
EFH,quarterly,2014,3,,Bocholt,90.90521812438965,0.14827506709843874
EFH,quarterly,2014,4,,Bocholt,87.93717384338379,0.19126149266958237
EFH,quarterly,2015,1,,Bocholt,90.06574440002441,0.1864995863288641
EFH,quarterly,2015,2,,Bocholt,82.78394794464111,0.23209707252681255
EFH,quarterly,2015,3,,Bocholt,89.5994234085083,0.21126374043524265
EFH,quarterly,2015,4,,Bocholt,83.32298183441162,0.20357143320143223
EFH,quarterly,2016,1,,Bocholt,85.61892032623291,0.20441176928579807
EFH,quarterly,2016,2,,Bocholt,91.99895286560059,0.1699914764612913
EFH,quarterly,2016,3,,Bocholt,101.44943428039551,0.16555885039269924
EFH,quarterly,2016,4,,Bocholt,101.33187484741211,0.17508265934884548
EFH,quarterly,2017,1,,Bocholt,93.56139755249023,0.19405798986554146
EFH,quarterly,2017,2,,Bocholt,94.73836708068848,0.18030119687318802
EFH,quarterly,2017,3,,Bocholt,83.6065559387207,0.19794520363211632
EFH,quarterly,2017,4,,Bocholt,83.75772476196289,0.18087422475218773
EFH,quarterly,2018,1,,Bocholt,81.68293762207031,0.17493996024131775
EFH,quarterly,2018,2,,Bocholt,79.05186080932617,0.18422815576195717
EFH,quarterly,2018,3,,Bocholt,78.74463844299316,0.16781164705753326
EFH,quarterly,2018,4,,Bocholt,77.31727981567383,0.1753588169813156
EFH,quarterly,2019,1,,Bocholt,76.41367530822754,0.17777778208255768
EFH,quarterly,2019,2,,Bocholt,81.43671035766602,0.14552845805883408
EFH,quarterly,2019,3,,Bocholt,77.4687614440918,0.17757974192500114
EFH,quarterly,2019,4,,Bocholt,84.04462242126465,0.16206249967217445
EFH,quarterly,2020,1,,Bocholt,81.09590530395508,0.18770352751016617
EFH,quarterly,2020,2,,Bocholt,75.11019706726074,0.25363340601325035
EFH,quarterly,2020,3,,Bocholt,78.5735912322998,0.2423311099410057
EFH,quarterly,2020,4,,Bocholt,68.90957164764404,0.2999536134302616
EFH,quarterly,2021,1,,Bocholt,69.29098129272461,0.30444079264998436
EFH,quarterly,2021,2,,Bocholt,60.77297878265381,0.3893592767417431
EFH,quarterly,2021,3,,Bocholt,66.17060947418213,0.360148748382926
EFH,quarterly,2021,4,,Bocholt,69.52230834960938,0.3149184864014387
EFH,quarterly,2022,1,,Bocholt,70.34076118469238,0.3292041998356581
EFH,quarterly,2022,2,,Bocholt,83.8724889755249,0.1999444980174303
EFH,quarterly,2022,3,,Bocholt,78.55725193023682,0.20565878599882126
EFH,quarterly,2022,4,,Bocholt,80.99214839935303,0.17440878599882126
EFH,quarterly,2023,1,,Bocholt,91.21133041381836,0.1093166172504425
EFH,quarterly,2023,2,,Bocholt,91.69339752197266,0.09476360492408276
EFH,quarterly,2023,3,,Bocholt,96.57509422302246,0.09550764970481396
EFH,quarterly,2023,4,,Bocholt,101.01876258850098,0.11935633234679699
EFH,quarterly,2024,1,,Bocholt,98.26769256591797,0.151285232976079
EFH,quarterly,2024,2,,Bocholt,100.81285667419434,0.16235749423503876
EFH,quarterly,2024,3,,Bocholt,98.57356834411621,0.1494840681552887
EFH,quarterly,2024,4,,Bocholt,89.61539077758789,0.13679610006511211
EFH,quarterly,2025,1,,Bocholt,88.91215896606445,0.12234031967818737
EFH,quarterly,2025,2,,Bocholt,82.97276496887207,0.12927133031189442
EFH,quarterly,2025,3,,Bocholt,76.9300594329834,0.15479356609284878
EFH,quarterly,2025,4,,Bocholt,79.80613136291504,0.16800785064697266
EFH,quarterly,2026,1,,Bocholt,78.1716079711914,0.17634118348360062
EFH,quarterly,2012,1,,Bochum,,
EFH,quarterly,2012,2,,Bochum,,
EFH,quarterly,2012,3,,Bochum,,
EFH,quarterly,2012,4,,Bochum,76.16444969177246,0.1419385876506567
EFH,quarterly,2013,1,,Bochum,85.61941719055176,0.12525693513453007
EFH,quarterly,2013,2,,Bochum,86.31463241577148,0.13841401226818562
EFH,quarterly,2013,3,,Bochum,95.32749557495117,0.14819781109690666
EFH,quarterly,2013,4,,Bochum,102.01716804504395,0.13451246544718742
EFH,quarterly,2014,1,,Bochum,99.31134796142578,0.1426713913679123
EFH,quarterly,2014,2,,Bochum,98.42304229736328,0.13357935473322868
EFH,quarterly,2014,3,,Bochum,95.44639015197754,0.13738682493567467
EFH,quarterly,2014,4,,Bochum,85.54814529418945,0.1561654955148697
EFH,quarterly,2015,1,,Bochum,85.08666229248047,0.15843822434544563
EFH,quarterly,2015,2,,Bochum,91.39514923095703,0.15732033923268318
EFH,quarterly,2015,3,,Bochum,84.30139923095703,0.1844036728143692
EFH,quarterly,2015,4,,Bochum,80.16902351379395,0.20172414183616638
EFH,quarterly,2016,1,,Bochum,78.76508903503418,0.20842517167329788
EFH,quarterly,2016,2,,Bochum,70.91633796691895,0.22092517092823982
EFH,quarterly,2016,3,,Bochum,79.24967193603516,0.20634183660149574
EFH,quarterly,2016,4,,Bochum,84.41831398010254,0.20774269849061966
EFH,quarterly,2017,1,,Bochum,82.56685447692871,0.2228238470852375
EFH,quarterly,2017,2,,Bochum,83.55340194702148,0.24187146872282028
EFH,quarterly,2017,3,,Bochum,77.75131797790527,0.26426730304956436
EFH,quarterly,2017,4,,Bochum,77.71012496948242,0.26796048507094383
EFH,quarterly,2018,1,,Bochum,78.97378540039062,0.2716500051319599
EFH,quarterly,2018,2,,Bochum,75.93440818786621,0.26853645220398903
EFH,quarterly,2018,3,,Bochum,76.87598419189453,0.24713699519634247
EFH,quarterly,2018,4,,Bochum,72.30539894104004,0.2648380436003208
EFH,quarterly,2019,1,,Bochum,74.10453796386719,0.24864469468593597
EFH,quarterly,2019,2,,Bochum,77.23736763000488,0.23021062463521957
EFH,quarterly,2019,3,,Bochum,75.98464965820312,0.23021062463521957
EFH,quarterly,2019,4,,Bochum,74.74629592895508,0.2225928008556366
EFH,quarterly,2020,1,,Bochum,65.34214782714844,0.2847430221736431
EFH,quarterly,2020,2,,Bochum,63.43589782714844,0.31536802276968956
EFH,quarterly,2020,3,,Bochum,60.48040008544922,0.3768445923924446
EFH,quarterly,2020,4,,Bochum,56.30371284484863,0.41442079842090607
EFH,quarterly,2021,1,,Bochum,56.07617473602295,0.37789788842201233
EFH,quarterly,2021,2,,Bochum,47.30282020568848,0.44450972974300385
EFH,quarterly,2021,3,,Bochum,45.82590866088867,0.43332646787166595
EFH,quarterly,2021,4,,Bochum,48.116764068603516,0.4178319051861763
EFH,quarterly,2022,1,,Bochum,43.66969966888428,0.4857040196657181
EFH,quarterly,2022,2,,Bochum,43.62041091918945,0.4721147119998932
EFH,quarterly,2022,3,,Bochum,42.846299171447754,0.4299735799431801
EFH,quarterly,2022,4,,Bochum,41.361374855041504,0.3883589506149292
EFH,quarterly,2023,1,,Bochum,54.547743797302246,0.2762788496911526
EFH,quarterly,2023,2,,Bochum,67.79851245880127,0.18307774513959885
EFH,quarterly,2023,3,,Bochum,74.6579418182373,0.16172681376338005
EFH,quarterly,2023,4,,Bochum,83.58589363098145,0.15007267892360687
EFH,quarterly,2024,1,,Bochum,86.86441993713379,0.14783654361963272
EFH,quarterly,2024,2,,Bochum,92.12379455566406,0.14739011600613594
EFH,quarterly,2024,3,,Bochum,92.74303436279297,0.13379972241818905
EFH,quarterly,2024,4,,Bochum,87.96694755554199,0.14420193992555141
EFH,quarterly,2025,1,,Bochum,83.94497108459473,0.15244369767606258
EFH,quarterly,2025,2,,Bochum,75.06910705566406,0.16575670428574085
EFH,quarterly,2025,3,,Bochum,76.55412292480469,0.18584060296416283
EFH,quarterly,2025,4,,Bochum,79.7403335571289,0.18073972314596176
EFH,quarterly,2026,1,,Bochum,78.04152870178223,0.17429066449403763
EFH,quarterly,2012,1,,Bonn,,
EFH,quarterly,2012,2,,Bonn,,
EFH,quarterly,2012,3,,Bonn,,
EFH,quarterly,2012,4,,Bonn,85.6309700012207,0.19741348549723625
EFH,quarterly,2013,1,,Bonn,93.79142761230469,0.16571413725614548
EFH,quarterly,2013,2,,Bonn,92.47013854980469,0.16007350757718086
EFH,quarterly,2013,3,,Bonn,98.15769386291504,0.16235914453864098
EFH,quarterly,2013,4,,Bonn,97.4451847076416,0.1661137342453003
EFH,quarterly,2014,1,,Bonn,92.2087287902832,0.1699473187327385
EFH,quarterly,2014,2,,Bonn,86.84611701965332,0.1798122189939022
EFH,quarterly,2014,3,,Bonn,80.99689292907715,0.1793910562992096
EFH,quarterly,2014,4,,Bonn,76.20418930053711,0.2076306752860546
EFH,quarterly,2015,1,,Bonn,77.32252502441406,0.22551191598176956
EFH,quarterly,2015,2,,Bonn,80.7335319519043,0.24033723771572113
EFH,quarterly,2015,3,,Bonn,76.68458938598633,0.25023161619901657
EFH,quarterly,2015,4,,Bonn,75.64121437072754,0.2362515740096569
EFH,quarterly,2016,1,,Bonn,74.44152450561523,0.23557433113455772
EFH,quarterly,2016,2,,Bonn,75.7763614654541,0.223602045327425
EFH,quarterly,2016,3,,Bonn,77.76880836486816,0.2502720095217228
EFH,quarterly,2016,4,,Bonn,79.96844673156738,0.25788070634007454
EFH,quarterly,2017,1,,Bonn,75.36140727996826,0.2538124807178974
EFH,quarterly,2017,2,,Bonn,68.20635986328125,0.2615152858197689
EFH,quarterly,2017,3,,Bonn,69.3034439086914,0.23116733133792877
EFH,quarterly,2017,4,,Bonn,69.44693946838379,0.23173220455646515
EFH,quarterly,2018,1,,Bonn,71.745680809021,0.2444663941860199
EFH,quarterly,2018,2,,Bonn,71.39866542816162,0.24314437434077263
EFH,quarterly,2018,3,,Bonn,66.21619415283203,0.2738034278154373
EFH,quarterly,2018,4,,Bonn,64.18213081359863,0.27475252747535706
EFH,quarterly,2019,1,,Bonn,68.60970878601074,0.24995094165205956
EFH,quarterly,2019,2,,Bonn,73.75486278533936,0.25640975683927536
EFH,quarterly,2019,3,,Bonn,74.31790733337402,0.2658166438341141
EFH,quarterly,2019,4,,Bonn,74.48085403442383,0.2680487893521786
EFH,quarterly,2020,1,,Bonn,69.029465675354,0.3140557333827019
EFH,quarterly,2020,2,,Bonn,67.40999507904053,0.3027678579092026
EFH,quarterly,2020,3,,Bonn,64.50640869140625,0.29921672493219376
EFH,quarterly,2020,4,,Bonn,59.877923011779785,0.31479156017303467
EFH,quarterly,2021,1,,Bonn,57.03450965881348,0.31000325083732605
EFH,quarterly,2021,2,,Bonn,49.34154415130615,0.38635917752981186
EFH,quarterly,2021,3,,Bonn,53.08141899108887,0.40653691440820694
EFH,quarterly,2021,4,,Bonn,53.47016143798828,0.3939853608608246
EFH,quarterly,2022,1,,Bonn,55.581321716308594,0.39289018511772156
EFH,quarterly,2022,2,,Bonn,58.09735584259033,0.36948880553245544
EFH,quarterly,2022,3,,Bonn,56.25027370452881,0.31626680865883827
EFH,quarterly,2022,4,,Bonn,60.660701751708984,0.2910709083080292
EFH,quarterly,2023,1,,Bonn,73.28618431091309,0.22924606129527092
EFH,quarterly,2023,2,,Bonn,83.66002082824707,0.17605341970920563
EFH,quarterly,2023,3,,Bonn,94.29620552062988,0.16471131145954132
EFH,quarterly,2023,4,,Bonn,100.63334083557129,0.14999736659228802
EFH,quarterly,2024,1,,Bonn,97.94844436645508,0.14739319868385792
EFH,quarterly,2024,2,,Bonn,100.24674415588379,0.1266449000686407
EFH,quarterly,2024,3,,Bonn,101.59302520751953,0.1299672145396471
EFH,quarterly,2024,4,,Bonn,94.6487808227539,0.14435570314526558
EFH,quarterly,2025,1,,Bonn,92.50859832763672,0.1660718061029911
EFH,quarterly,2025,2,,Bonn,89.59049987792969,0.175917848944664
EFH,quarterly,2025,3,,Bonn,83.1249885559082,0.18427502363920212
EFH,quarterly,2025,4,,Bonn,89.84109306335449,0.18354227766394615
EFH,quarterly,2026,1,,Bonn,94.55703353881836,0.17224284261465073
EFH,quarterly,2012,1,,Chemnitz,,
EFH,quarterly,2012,2,,Chemnitz,,
EFH,quarterly,2012,3,,Chemnitz,,
EFH,quarterly,2012,4,,Chemnitz,79.71911811828613,0.1318979635834694
EFH,quarterly,2013,1,,Chemnitz,93.4687557220459,0.10707912594079971
EFH,quarterly,2013,2,,Chemnitz,93.89307022094727,0.11060853861272335
EFH,quarterly,2013,3,,Chemnitz,98.98397827148438,0.11515399254858494
EFH,quarterly,2013,4,,Chemnitz,106.14485740661621,0.100107696140185
EFH,quarterly,2014,1,,Chemnitz,107.91152381896973,0.07927436218596995
EFH,quarterly,2014,2,,Chemnitz,104.44387626647949,0.09371963166631758
EFH,quarterly,2014,3,,Chemnitz,101.25382041931152,0.10707190283574164
EFH,quarterly,2014,4,,Chemnitz,106.43908500671387,0.12072296813130379
EFH,quarterly,2015,1,,Chemnitz,115.36286735534668,0.1414546761661768
EFH,quarterly,2015,2,,Chemnitz,124.28559303283691,0.14893454127013683
EFH,quarterly,2015,3,,Chemnitz,118.31807327270508,0.1992186363786459
EFH,quarterly,2015,4,,Chemnitz,112.16221618652344,0.22291167452931404
EFH,quarterly,2016,1,,Chemnitz,100.55986213684082,0.2262871079146862
EFH,quarterly,2016,2,,Chemnitz,82.39408111572266,0.24680478498339653
EFH,quarterly,2016,3,,Chemnitz,92.49674034118652,0.20691610127687454
EFH,quarterly,2016,4,,Chemnitz,94.73821258544922,0.20719566568732262
EFH,quarterly,2017,1,,Chemnitz,94.40816307067871,0.22418047860264778
EFH,quarterly,2017,2,,Chemnitz,94.64229011535645,0.23856539651751518
EFH,quarterly,2017,3,,Chemnitz,93.25759696960449,0.2554021328687668
EFH,quarterly,2017,4,,Chemnitz,89.90253257751465,0.27091001719236374
EFH,quarterly,2018,1,,Chemnitz,78.92448711395264,0.303151398897171
EFH,quarterly,2018,2,,Chemnitz,86.58073711395264,0.2674371153116226
EFH,quarterly,2018,3,,Chemnitz,83.37610912322998,0.24183348938822746
EFH,quarterly,2018,4,,Chemnitz,79.08556079864502,0.23811433091759682
EFH,quarterly,2019,1,,Chemnitz,89.21645736694336,0.19747330248355865
EFH,quarterly,2019,2,,Chemnitz,88.56004524230957,0.21646680682897568
EFH,quarterly,2019,3,,Chemnitz,88.94064712524414,0.2060314677655697
EFH,quarterly,2019,4,,Chemnitz,85.72401428222656,0.20538565889000893
EFH,quarterly,2020,1,,Chemnitz,85.90478515625,0.21644335240125656
EFH,quarterly,2020,2,,Chemnitz,81.15158081054688,0.21428240090608597
EFH,quarterly,2020,3,,Chemnitz,70.16272068023682,0.26089559495449066
EFH,quarterly,2020,4,,Chemnitz,70.77839183807373,0.2491973266005516
EFH,quarterly,2021,1,,Chemnitz,61.97682857513428,0.2741973251104355
EFH,quarterly,2021,2,,Chemnitz,55.48912334442139,0.34665048122406006
EFH,quarterly,2021,3,,Chemnitz,66.25639152526855,0.33640092611312866
EFH,quarterly,2021,4,,Chemnitz,65.03298759460449,0.35969017446041107
EFH,quarterly,2022,1,,Chemnitz,63.32572650909424,0.38358723372220993
EFH,quarterly,2022,2,,Chemnitz,65.92468452453613,0.3486170023679733
EFH,quarterly,2022,3,,Chemnitz,62.984283447265625,0.32830752432346344
EFH,quarterly,2022,4,,Chemnitz,66.9118537902832,0.306144405156374
EFH,quarterly,2023,1,,Chemnitz,77.07393741607666,0.2102364767342806
EFH,quarterly,2023,2,,Chemnitz,84.47497940063477,0.14536905102431774
EFH,quarterly,2023,3,,Chemnitz,86.24492645263672,0.12323200330138206
EFH,quarterly,2023,4,,Chemnitz,92.0407600402832,0.10043326020240784
EFH,quarterly,2024,1,,Chemnitz,96.80759811401367,0.08849805127829313
EFH,quarterly,2024,2,,Chemnitz,106.8151741027832,0.07713441457599401
EFH,quarterly,2024,3,,Chemnitz,107.01193428039551,0.09152257535606623
EFH,quarterly,2024,4,,Chemnitz,106.0446720123291,0.12027369905263186
EFH,quarterly,2025,1,,Chemnitz,106.3289852142334,0.1288521308451891
EFH,quarterly,2025,2,,Chemnitz,100.25253105163574,0.13418608158826828
EFH,quarterly,2025,3,,Chemnitz,101.74327087402344,0.13798154518008232
EFH,quarterly,2025,4,,Chemnitz,96.15880966186523,0.1550176665186882
EFH,quarterly,2026,1,,Chemnitz,95.41511344909668,0.16441309079527855
EFH,quarterly,2012,1,,Dortmund,,
EFH,quarterly,2012,2,,Dortmund,,
EFH,quarterly,2012,3,,Dortmund,,
EFH,quarterly,2012,4,,Dortmund,92.21759986877441,0.1340560596436262
EFH,quarterly,2013,1,,Dortmund,106.35065650939941,0.0979586336761713
EFH,quarterly,2013,2,,Dortmund,111.02926635742188,0.10950402542948723
EFH,quarterly,2013,3,,Dortmund,113.3756332397461,0.12856801971793175
EFH,quarterly,2013,4,,Dortmund,111.72748565673828,0.13645437359809875
EFH,quarterly,2014,1,,Dortmund,105.80044937133789,0.1435539647936821
EFH,quarterly,2014,2,,Dortmund,101.60295104980469,0.14104608073830605
EFH,quarterly,2014,3,,Dortmund,96.7684268951416,0.1393241211771965
EFH,quarterly,2014,4,,Dortmund,94.18109130859375,0.15379048138856888
EFH,quarterly,2015,1,,Dortmund,95.95014381408691,0.162654597312212
EFH,quarterly,2015,2,,Dortmund,94.91420555114746,0.17059480771422386
EFH,quarterly,2015,3,,Dortmund,87.95023536682129,0.2016671821475029
EFH,quarterly,2015,4,,Dortmund,81.33338737487793,0.20312660560011864
EFH,quarterly,2016,1,,Dortmund,77.50985717773438,0.19653742760419846
EFH,quarterly,2016,2,,Dortmund,75.31350708007812,0.20815469324588776
EFH,quarterly,2016,3,,Dortmund,87.09784126281738,0.19909453764557838
EFH,quarterly,2016,4,,Dortmund,85.2016830444336,0.21138479188084602
EFH,quarterly,2017,1,,Dortmund,81.85012435913086,0.24045350402593613
EFH,quarterly,2017,2,,Dortmund,82.18743324279785,0.246726643294096
EFH,quarterly,2017,3,,Dortmund,77.61462593078613,0.25458161532878876
EFH,quarterly,2017,4,,Dortmund,78.1200122833252,0.2567025423049927
EFH,quarterly,2018,1,,Dortmund,75.42686748504639,0.27005379647016525
EFH,quarterly,2018,2,,Dortmund,72.8633279800415,0.27636850625276566
EFH,quarterly,2018,3,,Dortmund,66.43953037261963,0.29128547757864
EFH,quarterly,2018,4,,Dortmund,70.26423740386963,0.28911488503217697
EFH,quarterly,2019,1,,Dortmund,74.07645797729492,0.2658218964934349
EFH,quarterly,2019,2,,Dortmund,74.84330558776855,0.27093038707971573
EFH,quarterly,2019,3,,Dortmund,74.16813659667969,0.27429620921611786
EFH,quarterly,2019,4,,Dortmund,69.75332450866699,0.2879382222890854
EFH,quarterly,2020,1,,Dortmund,65.52661514282227,0.30738019943237305
EFH,quarterly,2020,2,,Dortmund,62.54108810424805,0.316946305334568
EFH,quarterly,2020,3,,Dortmund,61.73746967315674,0.34037473797798157
EFH,quarterly,2020,4,,Dortmund,58.59821701049805,0.3693781644105911
EFH,quarterly,2021,1,,Dortmund,60.308799743652344,0.37470486760139465
EFH,quarterly,2021,2,,Dortmund,55.10297203063965,0.4242146760225296
EFH,quarterly,2021,3,,Dortmund,55.34438610076904,0.41226181387901306
EFH,quarterly,2021,4,,Dortmund,53.77059078216553,0.4112180471420288
EFH,quarterly,2022,1,,Dortmund,53.08890628814697,0.41315626353025436
EFH,quarterly,2022,2,,Dortmund,53.04340362548828,0.37676169723272324
EFH,quarterly,2022,3,,Dortmund,53.416266441345215,0.33945756778120995
EFH,quarterly,2022,4,,Dortmund,60.06886672973633,0.26315748505294323
EFH,quarterly,2023,1,,Dortmund,66.49209022521973,0.22330566681921482
EFH,quarterly,2023,2,,Dortmund,81.20796298980713,0.15636689215898514
EFH,quarterly,2023,3,,Dortmund,86.90801620483398,0.14158768951892853
EFH,quarterly,2023,4,,Dortmund,90.92597961425781,0.1317501924932003
EFH,quarterly,2024,1,,Dortmund,89.39502716064453,0.13260608911514282
EFH,quarterly,2024,2,,Dortmund,90.98900985717773,0.12459683045744896
EFH,quarterly,2024,3,,Dortmund,92.24996948242188,0.10947819799184799
EFH,quarterly,2024,4,,Dortmund,90.29059028625488,0.13431295193731785
EFH,quarterly,2025,1,,Dortmund,90.1344108581543,0.15233940817415714
EFH,quarterly,2025,2,,Dortmund,83.16378402709961,0.17080174013972282
EFH,quarterly,2025,3,,Dortmund,84.15164566040039,0.18505512923002243
EFH,quarterly,2025,4,,Dortmund,89.14802169799805,0.1742358785122633
EFH,quarterly,2026,1,,Dortmund,94.49540901184082,0.14468658156692982
EFH,quarterly,2012,1,,Dresden,,
EFH,quarterly,2012,2,,Dresden,,
EFH,quarterly,2012,3,,Dresden,,
EFH,quarterly,2012,4,,Dresden,95.6674690246582,0.11655301041901112
EFH,quarterly,2013,1,,Dresden,105.02878761291504,0.10835536010563374
EFH,quarterly,2013,2,,Dresden,106.75475311279297,0.11082522384822369
EFH,quarterly,2013,3,,Dresden,114.16050720214844,0.12049784138798714
EFH,quarterly,2013,4,,Dresden,115.43355178833008,0.12170345708727837
EFH,quarterly,2014,1,,Dresden,104.74883651733398,0.13546637445688248
EFH,quarterly,2014,2,,Dresden,102.3333740234375,0.14167719334363937
EFH,quarterly,2014,3,,Dresden,95.35760879516602,0.15156240016222
EFH,quarterly,2014,4,,Dresden,90.77721786499023,0.15818099677562714
EFH,quarterly,2015,1,,Dresden,91.01254081726074,0.17223557829856873
EFH,quarterly,2015,2,,Dresden,91.20834159851074,0.19171331822872162
EFH,quarterly,2015,3,,Dresden,88.01906394958496,0.201376274228096
EFH,quarterly,2015,4,,Dresden,86.59562110900879,0.2042614072561264
EFH,quarterly,2016,1,,Dresden,87.96268081665039,0.18702956661581993
EFH,quarterly,2016,2,,Dresden,86.43661499023438,0.190154567360878
EFH,quarterly,2016,3,,Dresden,86.33000946044922,0.20048042386770248
EFH,quarterly,2016,4,,Dresden,87.28622245788574,0.22841943055391312
EFH,quarterly,2017,1,,Dresden,89.4430980682373,0.2245418056845665
EFH,quarterly,2017,2,,Dresden,87.33222007751465,0.22823308035731316
EFH,quarterly,2017,3,,Dresden,85.02587890625,0.22059981152415276
EFH,quarterly,2017,4,,Dresden,82.42226028442383,0.20752668753266335
EFH,quarterly,2018,1,,Dresden,67.6207447052002,0.22052154317498207
EFH,quarterly,2018,2,,Dresden,64.1636905670166,0.22833820432424545
EFH,quarterly,2018,3,,Dresden,66.59557723999023,0.24079713225364685
EFH,quarterly,2018,4,,Dresden,63.28206157684326,0.23851434513926506
EFH,quarterly,2019,1,,Dresden,73.64695835113525,0.23913031816482544
EFH,quarterly,2019,2,,Dresden,73.43101978302002,0.23729979991912842
EFH,quarterly,2019,3,,Dresden,74.07044315338135,0.21981728076934814
EFH,quarterly,2019,4,,Dresden,73.97621250152588,0.2621249742805958
EFH,quarterly,2020,1,,Dresden,72.23480892181396,0.2799692563712597
EFH,quarterly,2020,2,,Dresden,68.00597190856934,0.3198288753628731
EFH,quarterly,2020,3,,Dresden,60.24530029296875,0.36818617582321167
EFH,quarterly,2020,4,,Dresden,59.29542350769043,0.3611348941922188
EFH,quarterly,2021,1,,Dresden,54.658005714416504,0.3808280751109123
EFH,quarterly,2021,2,,Dresden,52.959702491760254,0.4047478288412094
EFH,quarterly,2021,3,,Dresden,57.553528785705566,0.3854013755917549
EFH,quarterly,2021,4,,Dresden,58.98474884033203,0.38252781331539154
EFH,quarterly,2022,1,,Dresden,59.421345710754395,0.3823109269142151
EFH,quarterly,2022,2,,Dresden,57.30467414855957,0.3752334490418434
EFH,quarterly,2022,3,,Dresden,56.188913345336914,0.35593996569514275
EFH,quarterly,2022,4,,Dresden,61.284284591674805,0.3041964080184698
EFH,quarterly,2023,1,,Dresden,71.4307918548584,0.23676219396293163
EFH,quarterly,2023,2,,Dresden,83.75928115844727,0.15667320229113102
EFH,quarterly,2023,3,,Dresden,93.8017406463623,0.12518215738236904
EFH,quarterly,2023,4,,Dresden,97.19927406311035,0.11603115871548653
EFH,quarterly,2024,1,,Dresden,99.30671501159668,0.11372852697968483
EFH,quarterly,2024,2,,Dresden,103.51773643493652,0.09979592822492123
EFH,quarterly,2024,3,,Dresden,99.78900718688965,0.10980473272502422
EFH,quarterly,2024,4,,Dresden,94.20930671691895,0.13354660384356976
EFH,quarterly,2025,1,,Dresden,89.16701889038086,0.1520130280405283
EFH,quarterly,2025,2,,Dresden,81.10451889038086,0.19404924288392067
EFH,quarterly,2025,3,,Dresden,77.62127113342285,0.21871131286025047
EFH,quarterly,2025,4,,Dresden,79.2586555480957,0.2141639143228531
EFH,quarterly,2026,1,,Dresden,86.53633880615234,0.1949191354215145
EFH,quarterly,2012,1,,Duisburg,,
EFH,quarterly,2012,2,,Duisburg,,
EFH,quarterly,2012,3,,Duisburg,,
EFH,quarterly,2012,4,,Duisburg,89.12371826171875,0.12067683786153793
EFH,quarterly,2013,1,,Duisburg,103.33964538574219,0.0923880860209465
EFH,quarterly,2013,2,,Duisburg,103.31107330322266,0.09929736703634262
EFH,quarterly,2013,3,,Duisburg,109.6194076538086,0.10276316478848457
EFH,quarterly,2013,4,,Duisburg,114.21415901184082,0.10250570252537727
EFH,quarterly,2014,1,,Duisburg,110.9110279083252,0.12018214911222458
EFH,quarterly,2014,2,,Duisburg,113.54794883728027,0.11916737630963326
EFH,quarterly,2014,3,,Duisburg,108.62760543823242,0.12852566502988338
EFH,quarterly,2014,4,,Duisburg,100.01773071289062,0.14303137734532356
EFH,quarterly,2015,1,,Duisburg,99.22344398498535,0.14064425975084305
EFH,quarterly,2015,2,,Duisburg,100.41240119934082,0.1518248226493597
EFH,quarterly,2015,3,,Duisburg,97.20719909667969,0.1809844858944416
EFH,quarterly,2015,4,,Duisburg,94.56230735778809,0.17973320931196213
EFH,quarterly,2016,1,,Duisburg,94.11102485656738,0.1666857749223709
EFH,quarterly,2016,2,,Duisburg,87.35881805419922,0.17356913164258003
EFH,quarterly,2016,3,,Duisburg,86.5695571899414,0.17534253001213074
EFH,quarterly,2016,4,,Duisburg,88.11945533752441,0.18930992484092712
EFH,quarterly,2017,1,,Duisburg,88.90040588378906,0.21199263259768486
EFH,quarterly,2017,2,,Duisburg,85.7473030090332,0.21916484087705612
EFH,quarterly,2017,3,,Duisburg,86.54132652282715,0.21715334802865982
EFH,quarterly,2017,4,,Duisburg,80.68045043945312,0.2499188333749771
EFH,quarterly,2018,1,,Duisburg,73.14380264282227,0.2625608816742897
EFH,quarterly,2018,2,,Duisburg,75.53742599487305,0.27208688482642174
EFH,quarterly,2018,3,,Duisburg,74.52744483947754,0.26773082464933395
EFH,quarterly,2018,4,,Duisburg,78.10432434082031,0.24564168229699135
EFH,quarterly,2019,1,,Duisburg,81.33624267578125,0.23336747288703918
EFH,quarterly,2019,2,,Duisburg,77.59029197692871,0.24623286724090576
EFH,quarterly,2019,3,,Duisburg,76.31104469299316,0.2700701653957367
EFH,quarterly,2019,4,,Duisburg,73.15958213806152,0.2769807390868664
EFH,quarterly,2020,1,,Duisburg,69.63633918762207,0.2745149992406368
EFH,quarterly,2020,2,,Duisburg,70.87827682495117,0.27809762582182884
EFH,quarterly,2020,3,,Duisburg,69.69779968261719,0.29504111781716347
EFH,quarterly,2020,4,,Duisburg,65.05925846099854,0.31049123778939247
EFH,quarterly,2021,1,,Duisburg,58.20226573944092,0.3715052232146263
EFH,quarterly,2021,2,,Duisburg,51.608110427856445,0.4076833352446556
EFH,quarterly,2021,3,,Duisburg,50.23392105102539,0.3947009742259979
EFH,quarterly,2021,4,,Duisburg,52.42891788482666,0.37557630985975266
EFH,quarterly,2022,1,,Duisburg,53.70453453063965,0.3658883571624756
EFH,quarterly,2022,2,,Duisburg,55.73418712615967,0.315055176615715
EFH,quarterly,2022,3,,Duisburg,58.99191951751709,0.2694636844098568
EFH,quarterly,2022,4,,Duisburg,64.5242052078247,0.2334176655858755
EFH,quarterly,2023,1,,Duisburg,73.6691837310791,0.1683537568897009
EFH,quarterly,2023,2,,Duisburg,81.28676414489746,0.1481976117938757
EFH,quarterly,2023,3,,Duisburg,84.03292655944824,0.1450322698801756
EFH,quarterly,2023,4,,Duisburg,84.83732414245605,0.15733034908771515
EFH,quarterly,2024,1,,Duisburg,86.16701316833496,0.15380585566163063
EFH,quarterly,2024,2,,Duisburg,93.27398681640625,0.13362624868750572
EFH,quarterly,2024,3,,Duisburg,95.04380798339844,0.12002485617995262
EFH,quarterly,2024,4,,Duisburg,95.00672149658203,0.11235961690545082
EFH,quarterly,2025,1,,Duisburg,95.13635063171387,0.11606332287192345
EFH,quarterly,2025,2,,Duisburg,90.22857284545898,0.12559960037469864
EFH,quarterly,2025,3,,Duisburg,88.17354583740234,0.13559388928115368
EFH,quarterly,2025,4,,Duisburg,88.79814529418945,0.13879754953086376
EFH,quarterly,2026,1,,Duisburg,88.31021690368652,0.1352489721029997
EFH,quarterly,2012,1,,Düsseldorf,,
EFH,quarterly,2012,2,,Düsseldorf,,
EFH,quarterly,2012,3,,Düsseldorf,,
EFH,quarterly,2012,4,,Düsseldorf,73.67340850830078,0.18453707173466682
EFH,quarterly,2013,1,,Düsseldorf,84.77497673034668,0.15256081894040108
EFH,quarterly,2013,2,,Düsseldorf,86.65536880493164,0.1573362536728382
EFH,quarterly,2013,3,,Düsseldorf,88.86364936828613,0.18527814373373985
EFH,quarterly,2013,4,,Düsseldorf,92.67066955566406,0.17028515972197056
EFH,quarterly,2014,1,,Düsseldorf,88.25785255432129,0.17106748186051846
EFH,quarterly,2014,2,,Düsseldorf,86.30311393737793,0.17409616895020008
EFH,quarterly,2014,3,,Düsseldorf,88.47612762451172,0.1580739226192236
EFH,quarterly,2014,4,,Düsseldorf,84.67680358886719,0.17090050131082535
EFH,quarterly,2015,1,,Düsseldorf,85.05145263671875,0.17011817917227745
EFH,quarterly,2015,2,,Düsseldorf,85.86610221862793,0.20027880743145943
EFH,quarterly,2015,3,,Düsseldorf,77.81887531280518,0.22371630743145943
EFH,quarterly,2015,4,,Düsseldorf,76.21996212005615,0.23126518726348877
EFH,quarterly,2016,1,,Düsseldorf,74.74723148345947,0.2436397597193718
EFH,quarterly,2016,2,,Düsseldorf,74.06152629852295,0.2299305573105812
EFH,quarterly,2016,3,,Düsseldorf,78.5361442565918,0.24358949810266495
EFH,quarterly,2016,4,,Düsseldorf,76.06498908996582,0.26662439852952957
EFH,quarterly,2017,1,,Düsseldorf,79.86107063293457,0.27255086600780487
EFH,quarterly,2017,2,,Düsseldorf,78.37407112121582,0.2755354829132557
EFH,quarterly,2017,3,,Düsseldorf,78.59126663208008,0.2652680166065693
EFH,quarterly,2017,4,,Düsseldorf,80.35736274719238,0.2520545423030853
EFH,quarterly,2018,1,,Düsseldorf,75.19838905334473,0.24836863949894905
EFH,quarterly,2018,2,,Düsseldorf,72.62949562072754,0.2597767487168312
EFH,quarterly,2018,3,,Düsseldorf,68.60964298248291,0.27721861004829407
EFH,quarterly,2018,4,,Düsseldorf,68.6554765701294,0.27289168909192085
EFH,quarterly,2019,1,,Düsseldorf,72.95618343353271,0.26332248002290726
EFH,quarterly,2019,2,,Düsseldorf,74.60141277313232,0.24271808937191963
EFH,quarterly,2019,3,,Düsseldorf,76.37457275390625,0.22819209471344948
EFH,quarterly,2019,4,,Düsseldorf,77.60623931884766,0.23460235074162483
EFH,quarterly,2020,1,,Düsseldorf,72.5045223236084,0.259512472897768
EFH,quarterly,2020,2,,Düsseldorf,73.8846206665039,0.28449854999780655
EFH,quarterly,2020,3,,Düsseldorf,71.73828983306885,0.3081912100315094
EFH,quarterly,2020,4,,Düsseldorf,70.732741355896,0.30361803993582726
EFH,quarterly,2021,1,,Düsseldorf,69.34486293792725,0.31952713057398796
EFH,quarterly,2021,2,,Düsseldorf,66.44070148468018,0.3393157236278057
EFH,quarterly,2021,3,,Düsseldorf,74.83098030090332,0.3127879463136196
EFH,quarterly,2021,4,,Düsseldorf,74.90707969665527,0.32953643798828125
EFH,quarterly,2022,1,,Düsseldorf,72.03067111968994,0.33376017957925797
EFH,quarterly,2022,2,,Düsseldorf,66.4363660812378,0.3298712894320488
EFH,quarterly,2022,3,,Düsseldorf,58.14948558807373,0.31972430646419525
EFH,quarterly,2022,4,,Düsseldorf,57.89587879180908,0.27679501846432686
EFH,quarterly,2023,1,,Düsseldorf,65.63052558898926,0.22751477733254433
EFH,quarterly,2023,2,,Düsseldorf,78.89191055297852,0.165961105376482
EFH,quarterly,2023,3,,Düsseldorf,83.09526824951172,0.15405478328466415
EFH,quarterly,2023,4,,Düsseldorf,88.54368019104004,0.15315290540456772
EFH,quarterly,2024,1,,Düsseldorf,89.03359031677246,0.1528390310704708
EFH,quarterly,2024,2,,Düsseldorf,93.64299392700195,0.15064516849815845
EFH,quarterly,2024,3,,Düsseldorf,97.44274520874023,0.14097282476723194
EFH,quarterly,2024,4,,Düsseldorf,97.83600044250488,0.14901755936443806
EFH,quarterly,2025,1,,Düsseldorf,98.52413558959961,0.15428376384079456
EFH,quarterly,2025,2,,Düsseldorf,94.99800682067871,0.1693408228456974
EFH,quarterly,2025,3,,Düsseldorf,93.08733367919922,0.18587549775838852
EFH,quarterly,2025,4,,Düsseldorf,89.64481163024902,0.19185840338468552
EFH,quarterly,2026,1,,Düsseldorf,87.42545890808105,0.1905604526400566
EFH,quarterly,2012,1,,Erfurt,,
EFH,quarterly,2012,2,,Erfurt,,
EFH,quarterly,2012,3,,Erfurt,,
EFH,quarterly,2012,4,,Erfurt,82.31533813476562,0.17613505944609642
EFH,quarterly,2013,1,,Erfurt,100.35213470458984,0.12202250212430954
EFH,quarterly,2013,2,,Erfurt,99.17225074768066,0.1504707783460617
EFH,quarterly,2013,3,,Erfurt,110.18917846679688,0.1504707783460617
EFH,quarterly,2013,4,,Erfurt,113.1158447265625,0.1504707783460617
EFH,quarterly,2014,1,,Erfurt,115.7129077911377,0.14741278998553753
EFH,quarterly,2014,2,,Erfurt,115.37828254699707,0.14318743534386158
EFH,quarterly,2014,3,,Erfurt,105.0432357788086,0.14275935292243958
EFH,quarterly,2014,4,,Erfurt,98.45341110229492,0.1553909331560135
EFH,quarterly,2015,1,,Erfurt,92.67272567749023,0.18825591914355755
EFH,quarterly,2015,2,,Erfurt,97.48760223388672,0.16302921809256077
EFH,quarterly,2015,3,,Erfurt,96.49445152282715,0.17672784999012947
EFH,quarterly,2015,4,,Erfurt,90.6903018951416,0.17217319458723068
EFH,quarterly,2016,1,,Erfurt,86.6970272064209,0.14472436532378197
EFH,quarterly,2016,2,,Erfurt,83.7166576385498,0.18051444739103317
EFH,quarterly,2016,3,,Erfurt,88.40348625183105,0.19849389791488647
EFH,quarterly,2016,4,,Erfurt,92.67024803161621,0.20779402181506157
EFH,quarterly,2017,1,,Erfurt,86.50727272033691,0.21788174286484718
EFH,quarterly,2017,2,,Erfurt,74.78669166564941,0.266382422298193
EFH,quarterly,2017,3,,Erfurt,75.21451759338379,0.2611740902066231
EFH,quarterly,2017,4,,Erfurt,72.85881423950195,0.27671370655298233
EFH,quarterly,2018,1,,Erfurt,71.78959655761719,0.29348859563469887
EFH,quarterly,2018,2,,Erfurt,78.3280029296875,0.24489988759160042
EFH,quarterly,2018,3,,Erfurt,76.36769485473633,0.22640132158994675
EFH,quarterly,2018,4,,Erfurt,72.9921989440918,0.21697672456502914
EFH,quarterly,2019,1,,Erfurt,74.82877922058105,0.2220272347331047
EFH,quarterly,2019,2,,Erfurt,70.85122299194336,0.23720581084489822
EFH,quarterly,2019,3,,Erfurt,71.34952735900879,0.23939631506800652
EFH,quarterly,2019,4,,Erfurt,75.34523582458496,0.2569853253662586
EFH,quarterly,2020,1,,Erfurt,73.71298789978027,0.2750150002539158
EFH,quarterly,2020,2,,Erfurt,71.89575290679932,0.2973364256322384
EFH,quarterly,2020,3,,Erfurt,62.806931495666504,0.3382493704557419
EFH,quarterly,2020,4,,Erfurt,65.09296894073486,0.2988349609076977
EFH,quarterly,2021,1,,Erfurt,58.114105224609375,0.3284243308007717
EFH,quarterly,2021,2,,Erfurt,61.22521686553955,0.3318965546786785
EFH,quarterly,2021,3,,Erfurt,66.03125095367432,0.3174603246152401
EFH,quarterly,2021,4,,Erfurt,58.88229179382324,0.3476686552166939
EFH,quarterly,2022,1,,Erfurt,61.090396881103516,0.33081983774900436
EFH,quarterly,2022,2,,Erfurt,57.14436340332031,0.30986879765987396
EFH,quarterly,2022,3,,Erfurt,53.74436378479004,0.29865847527980804
EFH,quarterly,2022,4,,Erfurt,57.76966571807861,0.26307379826903343
EFH,quarterly,2023,1,,Erfurt,70.34238624572754,0.205396868288517
EFH,quarterly,2023,2,,Erfurt,86.61932945251465,0.1574275717139244
EFH,quarterly,2023,3,,Erfurt,95.08097267150879,0.13199949078261852
EFH,quarterly,2023,4,,Erfurt,98.97474479675293,0.13019192777574062
EFH,quarterly,2024,1,,Erfurt,99.64198684692383,0.11534569412469864
EFH,quarterly,2024,2,,Erfurt,98.08538246154785,0.11396688409149647
EFH,quarterly,2024,3,,Erfurt,99.62167739868164,0.10891816206276417
EFH,quarterly,2024,4,,Erfurt,102.08385276794434,0.11506040208041668
EFH,quarterly,2025,1,,Erfurt,100.78312873840332,0.15129228681325912
EFH,quarterly,2025,2,,Erfurt,98.51414108276367,0.16550845094025135
EFH,quarterly,2025,3,,Erfurt,94.13269805908203,0.19128164649009705
EFH,quarterly,2025,4,,Erfurt,89.1645736694336,0.20065664872527122
EFH,quarterly,2026,1,,Erfurt,97.7116756439209,0.1641910094767809
EFH,quarterly,2012,1,,Frankfurt am Main,,
EFH,quarterly,2012,2,,Frankfurt am Main,,
EFH,quarterly,2012,3,,Frankfurt am Main,,
EFH,quarterly,2012,4,,Frankfurt am Main,70.9059534072876,0.19079841300845146
EFH,quarterly,2013,1,,Frankfurt am Main,80.74166297912598,0.1811603344976902
EFH,quarterly,2013,2,,Frankfurt am Main,79.0435962677002,0.20501381158828735
EFH,quarterly,2013,3,,Frankfurt am Main,84.918212890625,0.21448054909706116
EFH,quarterly,2013,4,,Frankfurt am Main,92.54729461669922,0.20058656483888626
EFH,quarterly,2014,1,,Frankfurt am Main,88.8945369720459,0.20820851624011993
EFH,quarterly,2014,2,,Frankfurt am Main,87.6128101348877,0.21786821633577347
EFH,quarterly,2014,3,,Frankfurt am Main,82.13344192504883,0.22182122245430946
EFH,quarterly,2014,4,,Frankfurt am Main,77.78537368774414,0.2405524179339409
EFH,quarterly,2015,1,,Frankfurt am Main,81.32915115356445,0.24373038113117218
EFH,quarterly,2015,2,,Frankfurt am Main,84.89116096496582,0.25884027034044266
EFH,quarterly,2015,3,,Frankfurt am Main,77.07577896118164,0.2805575244128704
EFH,quarterly,2015,4,,Frankfurt am Main,71.10879325866699,0.28537358343601227
EFH,quarterly,2016,1,,Frankfurt am Main,63.95057487487793,0.28809184581041336
EFH,quarterly,2016,2,,Frankfurt am Main,64.01946830749512,0.2534418925642967
EFH,quarterly,2016,3,,Frankfurt am Main,69.73774528503418,0.24440598487854004
EFH,quarterly,2016,4,,Frankfurt am Main,75.70983123779297,0.2577502131462097
EFH,quarterly,2017,1,,Frankfurt am Main,78.04609680175781,0.26146937161684036
EFH,quarterly,2017,2,,Frankfurt am Main,73.81402206420898,0.28947823494672775
EFH,quarterly,2017,3,,Frankfurt am Main,72.99842643737793,0.2699560932815075
EFH,quarterly,2017,4,,Frankfurt am Main,71.84147453308105,0.27440832927823067
EFH,quarterly,2018,1,,Frankfurt am Main,69.50196838378906,0.2892494685947895
EFH,quarterly,2018,2,,Frankfurt am Main,68.19408702850342,0.28123170509934425
EFH,quarterly,2018,3,,Frankfurt am Main,65.04115104675293,0.3203731179237366
EFH,quarterly,2018,4,,Frankfurt am Main,60.97138690948486,0.3069747984409332
EFH,quarterly,2019,1,,Frankfurt am Main,69.57551288604736,0.2812427654862404
EFH,quarterly,2019,2,,Frankfurt am Main,71.54566192626953,0.2644517235457897
EFH,quarterly,2019,3,,Frankfurt am Main,73.60606098175049,0.25042446330189705
EFH,quarterly,2019,4,,Frankfurt am Main,78.35830497741699,0.23968728631734848
EFH,quarterly,2020,1,,Frankfurt am Main,70.58567237854004,0.2553858757019043
EFH,quarterly,2020,2,,Frankfurt am Main,70.23408508300781,0.2718743793666363
EFH,quarterly,2020,3,,Frankfurt am Main,69.18078804016113,0.2832185588777065
EFH,quarterly,2020,4,,Frankfurt am Main,66.60174179077148,0.2872082255780697
EFH,quarterly,2021,1,,Frankfurt am Main,68.1933765411377,0.27995727583765984
EFH,quarterly,2021,2,,Frankfurt am Main,65.22837352752686,0.30453405156731606
EFH,quarterly,2021,3,,Frankfurt am Main,70.020188331604,0.2906947694718838
EFH,quarterly,2021,4,,Frankfurt am Main,64.69408226013184,0.31068913638591766
EFH,quarterly,2022,1,,Frankfurt am Main,62.56008434295654,0.32797352969646454
EFH,quarterly,2022,2,,Frankfurt am Main,67.8332633972168,0.2893402874469757
EFH,quarterly,2022,3,,Frankfurt am Main,61.11077690124512,0.2713508643209934
EFH,quarterly,2022,4,,Frankfurt am Main,64.52214908599854,0.2560206763446331
EFH,quarterly,2023,1,,Frankfurt am Main,72.98781967163086,0.20683393627405167
EFH,quarterly,2023,2,,Frankfurt am Main,79.51711463928223,0.17757382988929749
EFH,quarterly,2023,3,,Frankfurt am Main,88.36826133728027,0.1685909666121006
EFH,quarterly,2023,4,,Frankfurt am Main,96.59432220458984,0.1275195386260748
EFH,quarterly,2024,1,,Frankfurt am Main,93.82892799377441,0.13266020454466343
EFH,quarterly,2024,2,,Frankfurt am Main,94.96656036376953,0.12424281425774097
EFH,quarterly,2024,3,,Frankfurt am Main,92.84588241577148,0.12469916604459286
EFH,quarterly,2024,4,,Frankfurt am Main,87.35476493835449,0.14757439121603966
EFH,quarterly,2025,1,,Frankfurt am Main,86.2331600189209,0.16204098984599113
EFH,quarterly,2025,2,,Frankfurt am Main,83.53314018249512,0.17516491562128067
EFH,quarterly,2025,3,,Frankfurt am Main,85.3657341003418,0.18380231782794
EFH,quarterly,2025,4,,Frankfurt am Main,90.37848281860352,0.16648715734481812
EFH,quarterly,2026,1,,Frankfurt am Main,93.64978218078613,0.15022853016853333
EFH,quarterly,2012,1,,Hamburg,,
EFH,quarterly,2012,2,,Hamburg,,
EFH,quarterly,2012,3,,Hamburg,,
EFH,quarterly,2012,4,,Hamburg,75.5748348236084,0.19010433740913868
EFH,quarterly,2013,1,,Hamburg,82.59795379638672,0.16992035694420338
EFH,quarterly,2013,2,,Hamburg,81.89410591125488,0.18460369855165482
EFH,quarterly,2013,3,,Hamburg,83.9517707824707,0.18686804920434952
EFH,quarterly,2013,4,,Hamburg,84.64262008666992,0.1895296648144722
EFH,quarterly,2014,1,,Hamburg,83.73897171020508,0.1909865401685238
EFH,quarterly,2014,2,,Hamburg,84.62579345703125,0.18860435485839844
EFH,quarterly,2014,3,,Hamburg,87.0420913696289,0.17736676707863808
EFH,quarterly,2014,4,,Hamburg,87.81294059753418,0.17094902321696281
EFH,quarterly,2015,1,,Hamburg,89.35976982116699,0.16815103217959404
EFH,quarterly,2015,2,,Hamburg,91.15148735046387,0.17394977807998657
EFH,quarterly,2015,3,,Hamburg,85.85040664672852,0.1920495331287384
EFH,quarterly,2015,4,,Hamburg,81.0189208984375,0.20617469400167465
EFH,quarterly,2016,1,,Hamburg,78.8985652923584,0.21613861992955208
EFH,quarterly,2016,2,,Hamburg,74.0362663269043,0.22529011592268944
EFH,quarterly,2016,3,,Hamburg,75.61349105834961,0.23658066242933273
EFH,quarterly,2016,4,,Hamburg,75.37790870666504,0.2396400161087513
EFH,quarterly,2017,1,,Hamburg,73.43006324768066,0.2419016845524311
EFH,quarterly,2017,2,,Hamburg,71.40224266052246,0.24578924477100372
EFH,quarterly,2017,3,,Hamburg,70.39597702026367,0.23954081907868385
EFH,quarterly,2017,4,,Hamburg,72.98568344116211,0.2361651472747326
EFH,quarterly,2018,1,,Hamburg,75.2745532989502,0.22565172612667084
EFH,quarterly,2018,2,,Hamburg,78.45608329772949,0.21961109712719917
EFH,quarterly,2018,3,,Hamburg,81.7160816192627,0.20839976146817207
EFH,quarterly,2018,4,,Hamburg,81.15480041503906,0.211902666836977
EFH,quarterly,2019,1,,Hamburg,82.46880531311035,0.20783905312418938
EFH,quarterly,2019,2,,Hamburg,82.5223445892334,0.19860509783029556
EFH,quarterly,2019,3,,Hamburg,80.27372932434082,0.21158413216471672
EFH,quarterly,2019,4,,Hamburg,80.61216926574707,0.2062380388379097
EFH,quarterly,2020,1,,Hamburg,77.50393295288086,0.22127627953886986
EFH,quarterly,2020,2,,Hamburg,75.82332229614258,0.24014359340071678
EFH,quarterly,2020,3,,Hamburg,76.03678512573242,0.2477533258497715
EFH,quarterly,2020,4,,Hamburg,73.84709548950195,0.25918418169021606
EFH,quarterly,2021,1,,Hamburg,72.06263542175293,0.2725108936429024
EFH,quarterly,2021,2,,Hamburg,66.17380714416504,0.3274926096200943
EFH,quarterly,2021,3,,Hamburg,66.59982109069824,0.3234361782670021
EFH,quarterly,2021,4,,Hamburg,65.75291061401367,0.32053031027317047
EFH,quarterly,2022,1,,Hamburg,64.19049739837646,0.316816583275795
EFH,quarterly,2022,2,,Hamburg,67.78711414337158,0.25759121030569077
EFH,quarterly,2022,3,,Hamburg,66.11937808990479,0.24057571962475777
EFH,quarterly,2022,4,,Hamburg,70.51478290557861,0.20811031013727188
EFH,quarterly,2023,1,,Hamburg,80.43705940246582,0.15757065452635288
EFH,quarterly,2023,2,,Hamburg,92.37279319763184,0.12221118248999119
EFH,quarterly,2023,3,,Hamburg,102.47030448913574,0.09578378684818745
EFH,quarterly,2023,4,,Hamburg,108.7794246673584,0.09147634357213974
EFH,quarterly,2024,1,,Hamburg,110.79480934143066,0.09546604938805103
EFH,quarterly,2024,2,,Hamburg,113.38737106323242,0.08908122591674328
EFH,quarterly,2024,3,,Hamburg,112.1894302368164,0.09239450097084045
EFH,quarterly,2024,4,,Hamburg,108.00988006591797,0.10722033120691776
EFH,quarterly,2025,1,,Hamburg,105.56306266784668,0.114855932071805
EFH,quarterly,2025,2,,Hamburg,96.53228569030762,0.14108010567724705
EFH,quarterly,2025,3,,Hamburg,92.03644180297852,0.1581099070608616
EFH,quarterly,2025,4,,Hamburg,93.4113712310791,0.15025562793016434
EFH,quarterly,2026,1,,Hamburg,95.07792663574219,0.15292338654398918
EFH,quarterly,2012,1,,Hamm,,
EFH,quarterly,2012,2,,Hamm,,
EFH,quarterly,2012,3,,Hamm,,
EFH,quarterly,2012,4,,Hamm,95.82695770263672,0.13174433074891567
EFH,quarterly,2013,1,,Hamm,108.80991744995117,0.090344974771142
EFH,quarterly,2013,2,,Hamm,101.92010879516602,0.09332936443388462
EFH,quarterly,2013,3,,Hamm,111.04997253417969,0.0867131520062685
EFH,quarterly,2013,4,,Hamm,109.35238838195801,0.08946877904236317
EFH,quarterly,2014,1,,Hamm,105.69678688049316,0.08156384248286486
EFH,quarterly,2014,2,,Hamm,105.86218070983887,0.07948699872940779
EFH,quarterly,2014,3,,Hamm,103.27564811706543,0.0723864990286529
EFH,quarterly,2014,4,,Hamm,100.78923034667969,0.08082453859969974
EFH,quarterly,2015,1,,Hamm,101.30841255187988,0.09860619204118848
EFH,quarterly,2015,2,,Hamm,105.42921447753906,0.09142377646639943
EFH,quarterly,2015,3,,Hamm,93.1157112121582,0.13087108358740807
EFH,quarterly,2015,4,,Hamm,89.29987907409668,0.13252555951476097
EFH,quarterly,2016,1,,Hamm,82.63359832763672,0.14105969667434692
EFH,quarterly,2016,2,,Hamm,77.47373962402344,0.17891372740268707
EFH,quarterly,2016,3,,Hamm,84.10411262512207,0.1578028742223978
EFH,quarterly,2016,4,,Hamm,84.22074699401855,0.14684952795505524
EFH,quarterly,2017,1,,Hamm,83.3582763671875,0.15745558589696884
EFH,quarterly,2017,2,,Hamm,81.74353981018066,0.14535386860370636
EFH,quarterly,2017,3,,Hamm,73.19501781463623,0.18586244620382786
EFH,quarterly,2017,4,,Hamm,73.92938327789307,0.19391198083758354
EFH,quarterly,2018,1,,Hamm,75.33068180084229,0.18687735125422478
EFH,quarterly,2018,2,,Hamm,79.21502590179443,0.17692024633288383
EFH,quarterly,2018,3,,Hamm,82.55132293701172,0.16285490989685059
EFH,quarterly,2018,4,,Hamm,82.30592727661133,0.1913721151649952
EFH,quarterly,2019,1,,Hamm,84.7711067199707,0.2001112923026085
EFH,quarterly,2019,2,,Hamm,79.09228324890137,0.23829756304621696
EFH,quarterly,2019,3,,Hamm,81.58244514465332,0.25994298607110977
EFH,quarterly,2019,4,,Hamm,79.80389595031738,0.2461431287229061
EFH,quarterly,2020,1,,Hamm,71.56487560272217,0.2597334198653698
EFH,quarterly,2020,2,,Hamm,75.8788423538208,0.2447046861052513
EFH,quarterly,2020,3,,Hamm,74.5942735671997,0.24400953948497772
EFH,quarterly,2020,4,,Hamm,70.97081661224365,0.26561447605490685
EFH,quarterly,2021,1,,Hamm,72.38253402709961,0.25725743919610977
EFH,quarterly,2021,2,,Hamm,63.90678882598877,0.3057183809578419
EFH,quarterly,2021,3,,Hamm,59.51209735870361,0.32981815561652184
EFH,quarterly,2021,4,,Hamm,62.796048164367676,0.31284284964203835
EFH,quarterly,2022,1,,Hamm,58.22647571563721,0.35050731897354126
EFH,quarterly,2022,2,,Hamm,57.065073013305664,0.3192504346370697
EFH,quarterly,2022,3,,Hamm,59.74218559265137,0.25580957904458046
EFH,quarterly,2022,4,,Hamm,64.08791923522949,0.2405979409813881
EFH,quarterly,2023,1,,Hamm,73.93674278259277,0.18404552340507507
EFH,quarterly,2023,2,,Hamm,85.32557678222656,0.1419788971543312
EFH,quarterly,2023,3,,Hamm,98.30307960510254,0.11726625170558691
EFH,quarterly,2023,4,,Hamm,102.32645988464355,0.09638247266411781
EFH,quarterly,2024,1,,Hamm,104.34546852111816,0.07958930544555187
EFH,quarterly,2024,2,,Hamm,104.88322448730469,0.07795406132936478
EFH,quarterly,2024,3,,Hamm,97.72616958618164,0.0903417756780982
EFH,quarterly,2024,4,,Hamm,94.4409122467041,0.08730372041463852
EFH,quarterly,2025,1,,Hamm,95.0677375793457,0.10611301846802235
EFH,quarterly,2025,2,,Hamm,93.39345169067383,0.10216659493744373
EFH,quarterly,2025,3,,Hamm,94.67356300354004,0.10076603479683399
EFH,quarterly,2025,4,,Hamm,95.46377944946289,0.11489950679242611
EFH,quarterly,2026,1,,Hamm,95.61498832702637,0.10885111801326275
EFH,quarterly,2012,1,,Karlsruhe,,
EFH,quarterly,2012,2,,Karlsruhe,,
EFH,quarterly,2012,3,,Karlsruhe,,
EFH,quarterly,2012,4,,Karlsruhe,76.21142196655273,0.21701591461896896
EFH,quarterly,2013,1,,Karlsruhe,92.79219055175781,0.15355437621474266
EFH,quarterly,2013,2,,Karlsruhe,93.19318771362305,0.17217488586902618
EFH,quarterly,2013,3,,Karlsruhe,94.23731994628906,0.19559325277805328
EFH,quarterly,2013,4,,Karlsruhe,100.60566520690918,0.16425568237900734
EFH,quarterly,2014,1,,Karlsruhe,88.11894416809082,0.17331785336136818
EFH,quarterly,2014,2,,Karlsruhe,83.12421607971191,0.18158915266394615
EFH,quarterly,2014,3,,Karlsruhe,86.17758369445801,0.15567078441381454
EFH,quarterly,2014,4,,Karlsruhe,80.44466590881348,0.17947009950876236
EFH,quarterly,2015,1,,Karlsruhe,87.22656059265137,0.1918257288634777
EFH,quarterly,2015,2,,Karlsruhe,83.91641807556152,0.2140730917453766
EFH,quarterly,2015,3,,Karlsruhe,72.62455463409424,0.2725044675171375
EFH,quarterly,2015,4,,Karlsruhe,69.50383567810059,0.28452686220407486
EFH,quarterly,2016,1,,Karlsruhe,66.50838851928711,0.30115851014852524
EFH,quarterly,2016,2,,Karlsruhe,65.06692886352539,0.2805137112736702
EFH,quarterly,2016,3,,Karlsruhe,72.30106449127197,0.2657186985015869
EFH,quarterly,2016,4,,Karlsruhe,72.60803318023682,0.3085802495479584
EFH,quarterly,2017,1,,Karlsruhe,73.51632595062256,0.2917824313044548
EFH,quarterly,2017,2,,Karlsruhe,80.02113246917725,0.2965901233255863
EFH,quarterly,2017,3,,Karlsruhe,73.8021936416626,0.3121204264461994
EFH,quarterly,2017,4,,Karlsruhe,80.07312393188477,0.24933134019374847
EFH,quarterly,2018,1,,Karlsruhe,73.826171875,0.25594745576381683
EFH,quarterly,2018,2,,Karlsruhe,69.11680030822754,0.2651565559208393
EFH,quarterly,2018,3,,Karlsruhe,74.01983070373535,0.26174746826291084
EFH,quarterly,2018,4,,Karlsruhe,68.78174781799316,0.26546600461006165
EFH,quarterly,2019,1,,Karlsruhe,72.43096542358398,0.2550731748342514
EFH,quarterly,2019,2,,Karlsruhe,68.58434200286865,0.2543482407927513
EFH,quarterly,2019,3,,Karlsruhe,64.38661479949951,0.25131793320178986
EFH,quarterly,2019,4,,Karlsruhe,62.29354381561279,0.27919483184814453
EFH,quarterly,2020,1,,Karlsruhe,56.235663414001465,0.33191221952438354
EFH,quarterly,2020,2,,Karlsruhe,57.69430351257324,0.3657357469201088
EFH,quarterly,2020,3,,Karlsruhe,54.60983371734619,0.3815501406788826
EFH,quarterly,2020,4,,Karlsruhe,55.15556716918945,0.3700071796774864
EFH,quarterly,2021,1,,Karlsruhe,58.998355865478516,0.3680841028690338
EFH,quarterly,2021,2,,Karlsruhe,49.795230865478516,0.4321466013789177
EFH,quarterly,2021,3,,Karlsruhe,49.479857444763184,0.4556739032268524
EFH,quarterly,2021,4,,Karlsruhe,59.23991584777832,0.4450417198240757
EFH,quarterly,2022,1,,Karlsruhe,53.38254451751709,0.43565527722239494
EFH,quarterly,2022,2,,Karlsruhe,65.9749059677124,0.34381500259041786
EFH,quarterly,2022,3,,Karlsruhe,66.78838539123535,0.2908369451761246
EFH,quarterly,2022,4,,Karlsruhe,56.695130348205566,0.28409091383218765
EFH,quarterly,2023,1,,Karlsruhe,71.31725692749023,0.22169353812932968
EFH,quarterly,2023,2,,Karlsruhe,76.31957817077637,0.2091728039085865
EFH,quarterly,2023,3,,Karlsruhe,84.52286052703857,0.19174856320023537
EFH,quarterly,2023,4,,Karlsruhe,85.70524978637695,0.1907941736280918
EFH,quarterly,2024,1,,Karlsruhe,89.20942497253418,0.17543857172131538
EFH,quarterly,2024,2,,Karlsruhe,89.88585662841797,0.17316951230168343
EFH,quarterly,2024,3,,Karlsruhe,90.79251098632812,0.16929354146122932
EFH,quarterly,2024,4,,Karlsruhe,93.74256706237793,0.15826458856463432
EFH,quarterly,2025,1,,Karlsruhe,87.74386978149414,0.17388958856463432
EFH,quarterly,2025,2,,Karlsruhe,85.11270141601562,0.17080498114228249
EFH,quarterly,2025,3,,Karlsruhe,80.17311096191406,0.18777618929743767
EFH,quarterly,2025,4,,Karlsruhe,82.72375106811523,0.18716305494308472
EFH,quarterly,2026,1,,Karlsruhe,81.15141868591309,0.20167198404669762
EFH,quarterly,2012,1,,Köln,,
EFH,quarterly,2012,2,,Köln,,
EFH,quarterly,2012,3,,Köln,,
EFH,quarterly,2012,4,,Köln,85.26701736450195,0.14348679408431053
EFH,quarterly,2013,1,,Köln,94.0124340057373,0.12474409118294716
EFH,quarterly,2013,2,,Köln,96.1318302154541,0.13622190430760384
EFH,quarterly,2013,3,,Köln,101.7479476928711,0.14140291325747967
EFH,quarterly,2013,4,,Köln,102.16760063171387,0.13235529512166977
EFH,quarterly,2014,1,,Köln,97.30256462097168,0.14492130652070045
EFH,quarterly,2014,2,,Köln,93.89411926269531,0.14930957183241844
EFH,quarterly,2014,3,,Köln,89.98224449157715,0.16174569725990295
EFH,quarterly,2014,4,,Köln,83.98736953735352,0.19349044188857079
EFH,quarterly,2015,1,,Köln,84.56196975708008,0.2077355943620205
EFH,quarterly,2015,2,,Köln,84.97083473205566,0.20958532020449638
EFH,quarterly,2015,3,,Köln,79.23681640625,0.22359907999634743
EFH,quarterly,2015,4,,Köln,79.60014724731445,0.21871930733323097
EFH,quarterly,2016,1,,Köln,74.26827049255371,0.21354949101805687
EFH,quarterly,2016,2,,Köln,71.41981315612793,0.22017528489232063
EFH,quarterly,2016,3,,Köln,70.51032638549805,0.23424853011965752
EFH,quarterly,2016,4,,Köln,68.44853782653809,0.2594037614762783
EFH,quarterly,2017,1,,Köln,71.35983276367188,0.26566458120942116
EFH,quarterly,2017,2,,Köln,69.19566440582275,0.27641110867261887
EFH,quarterly,2017,3,,Köln,71.5110445022583,0.2680412828922272
EFH,quarterly,2017,4,,Köln,70.57032489776611,0.2619859352707863
EFH,quarterly,2018,1,,Köln,67.92008304595947,0.27329636365175247
EFH,quarterly,2018,2,,Köln,67.24876976013184,0.28163356333971024
EFH,quarterly,2018,3,,Köln,63.314029693603516,0.28581077605485916
EFH,quarterly,2018,4,,Köln,61.86184787750244,0.28560856729745865
EFH,quarterly,2019,1,,Köln,65.17145442962646,0.2710987664759159
EFH,quarterly,2019,2,,Köln,66.8905611038208,0.25309867411851883
EFH,quarterly,2019,3,,Köln,68.1315975189209,0.25608672201633453
EFH,quarterly,2019,4,,Köln,72.19419956207275,0.25737666338682175
EFH,quarterly,2020,1,,Köln,67.12762260437012,0.2730480842292309
EFH,quarterly,2020,2,,Köln,68.73700904846191,0.26874177902936935
EFH,quarterly,2020,3,,Köln,67.8797960281372,0.2954639494419098
EFH,quarterly,2020,4,,Köln,63.44283962249756,0.3016243726015091
EFH,quarterly,2021,1,,Köln,62.938801765441895,0.30817338079214096
EFH,quarterly,2021,2,,Köln,54.05127811431885,0.3761436492204666
EFH,quarterly,2021,3,,Köln,56.64486789703369,0.34110091626644135
EFH,quarterly,2021,4,,Köln,57.314714431762695,0.3368663042783737
EFH,quarterly,2022,1,,Köln,58.642659187316895,0.3444851338863373
EFH,quarterly,2022,2,,Köln,61.93097686767578,0.29883629083633423
EFH,quarterly,2022,3,,Köln,62.94373893737793,0.26857563853263855
EFH,quarterly,2022,4,,Köln,65.05336475372314,0.24182864278554916
EFH,quarterly,2023,1,,Köln,69.15432643890381,0.19338324666023254
EFH,quarterly,2023,2,,Köln,79.21390342712402,0.15757276117801666
EFH,quarterly,2023,3,,Köln,84.55539131164551,0.15509210526943207
EFH,quarterly,2023,4,,Köln,88.95972061157227,0.15280883014202118
EFH,quarterly,2024,1,,Köln,93.24604225158691,0.15098734200000763
EFH,quarterly,2024,2,,Köln,96.76560020446777,0.14610766619443893
EFH,quarterly,2024,3,,Köln,97.14881896972656,0.14410951733589172
EFH,quarterly,2024,4,,Köln,97.99865531921387,0.14172736927866936
EFH,quarterly,2025,1,,Köln,94.96346855163574,0.15030598640441895
EFH,quarterly,2025,2,,Köln,89.89432907104492,0.15170172229409218
EFH,quarterly,2025,3,,Köln,86.10510063171387,0.1628241166472435
EFH,quarterly,2025,4,,Köln,81.86628913879395,0.17439057677984238
EFH,quarterly,2026,1,,Köln,80.1137580871582,0.1841021031141281
EFH,quarterly,2012,1,,Leipzig,,
EFH,quarterly,2012,2,,Leipzig,,
EFH,quarterly,2012,3,,Leipzig,,
EFH,quarterly,2012,4,,Leipzig,101.82145881652832,0.09357126615941525
EFH,quarterly,2013,1,,Leipzig,112.24357223510742,0.08467629738152027
EFH,quarterly,2013,2,,Leipzig,113.81681632995605,0.09714462049305439
EFH,quarterly,2013,3,,Leipzig,110.00830841064453,0.12177826836705208
EFH,quarterly,2013,4,,Leipzig,105.06557846069336,0.13008457235991955
EFH,quarterly,2014,1,,Leipzig,99.61066055297852,0.12669987231492996
EFH,quarterly,2014,2,,Leipzig,98.90234375,0.1313097309321165
EFH,quarterly,2014,3,,Leipzig,97.92045211791992,0.13088888488709927
EFH,quarterly,2014,4,,Leipzig,95.31139373779297,0.15001136623322964
EFH,quarterly,2015,1,,Leipzig,95.3024787902832,0.1626426912844181
EFH,quarterly,2015,2,,Leipzig,91.87887573242188,0.18057747557759285
EFH,quarterly,2015,3,,Leipzig,93.79033088684082,0.18358824774622917
EFH,quarterly,2015,4,,Leipzig,94.26185607910156,0.1865006648004055
EFH,quarterly,2016,1,,Leipzig,86.73818778991699,0.20975320786237717
EFH,quarterly,2016,2,,Leipzig,85.23809051513672,0.2214704267680645
EFH,quarterly,2016,3,,Leipzig,78.08822441101074,0.2494623214006424
EFH,quarterly,2016,4,,Leipzig,70.68440818786621,0.2648819424211979
EFH,quarterly,2017,1,,Leipzig,75.35064697265625,0.26246559992432594
EFH,quarterly,2017,2,,Leipzig,70.59218978881836,0.26426248997449875
EFH,quarterly,2017,3,,Leipzig,73.69501113891602,0.2476460039615631
EFH,quarterly,2017,4,,Leipzig,79.93575477600098,0.22117464616894722
EFH,quarterly,2018,1,,Leipzig,74.75846672058105,0.2499370463192463
EFH,quarterly,2018,2,,Leipzig,80.44013023376465,0.23673806339502335
EFH,quarterly,2018,3,,Leipzig,79.34708404541016,0.2341681458055973
EFH,quarterly,2018,4,,Leipzig,80.05947875976562,0.24726303666830063
EFH,quarterly,2019,1,,Leipzig,84.20096015930176,0.20740515366196632
EFH,quarterly,2019,2,,Leipzig,79.69213676452637,0.23249537497758865
EFH,quarterly,2019,3,,Leipzig,76.70195198059082,0.23564352467656136
EFH,quarterly,2019,4,,Leipzig,75.6166000366211,0.23635131120681763
EFH,quarterly,2020,1,,Leipzig,73.80001068115234,0.2445419281721115
EFH,quarterly,2020,2,,Leipzig,74.61433792114258,0.23232580348849297
EFH,quarterly,2020,3,,Leipzig,76.86693954467773,0.2456711269915104
EFH,quarterly,2020,4,,Leipzig,74.54534339904785,0.2574699968099594
EFH,quarterly,2021,1,,Leipzig,73.00132751464844,0.2785075791180134
EFH,quarterly,2021,2,,Leipzig,63.771135330200195,0.33489253371953964
EFH,quarterly,2021,3,,Leipzig,62.9034366607666,0.34497858583927155
EFH,quarterly,2021,4,,Leipzig,63.19317436218262,0.3523521348834038
EFH,quarterly,2022,1,,Leipzig,60.32120990753174,0.35073529928922653
EFH,quarterly,2022,2,,Leipzig,65.84609699249268,0.29309721291065216
EFH,quarterly,2022,3,,Leipzig,65.00317287445068,0.258415836840868
EFH,quarterly,2022,4,,Leipzig,66.71804332733154,0.21287091076374054
EFH,quarterly,2023,1,,Leipzig,74.69061088562012,0.16240441240370274
EFH,quarterly,2023,2,,Leipzig,82.75424003601074,0.1326407752931118
EFH,quarterly,2023,3,,Leipzig,87.61979866027832,0.12149947136640549
EFH,quarterly,2023,4,,Leipzig,93.58430671691895,0.11619694158434868
EFH,quarterly,2024,1,,Leipzig,96.04089736938477,0.11341916397213936
EFH,quarterly,2024,2,,Leipzig,96.7622241973877,0.1183727364987135
EFH,quarterly,2024,3,,Leipzig,97.51001358032227,0.12171175517141819
EFH,quarterly,2024,4,,Leipzig,93.25614356994629,0.1234106682240963
EFH,quarterly,2025,1,,Leipzig,89.9334774017334,0.13412495516240597
EFH,quarterly,2025,2,,Leipzig,87.06914329528809,0.13831033371388912
EFH,quarterly,2025,3,,Leipzig,86.74234580993652,0.1317743845283985
EFH,quarterly,2025,4,,Leipzig,91.99401664733887,0.12182731553912163
EFH,quarterly,2026,1,,Leipzig,89.51385116577148,0.11202766187489033
EFH,quarterly,2012,1,,Lübeck,,
EFH,quarterly,2012,2,,Lübeck,,
EFH,quarterly,2012,3,,Lübeck,,
EFH,quarterly,2012,4,,Lübeck,95.69158172607422,0.1320497039705515
EFH,quarterly,2013,1,,Lübeck,105.90976333618164,0.11809081770479679
EFH,quarterly,2013,2,,Lübeck,97.90266609191895,0.1254168264567852
EFH,quarterly,2013,3,,Lübeck,94.41960716247559,0.15907067246735096
EFH,quarterly,2013,4,,Lübeck,89.74619674682617,0.17634351551532745
EFH,quarterly,2014,1,,Lübeck,81.8836498260498,0.19070786982774734
EFH,quarterly,2014,2,,Lübeck,83.32527160644531,0.20169688016176224
EFH,quarterly,2014,3,,Lübeck,85.16672134399414,0.18843930587172508
EFH,quarterly,2014,4,,Lübeck,86.4013843536377,0.18327346071600914
EFH,quarterly,2015,1,,Lübeck,88.38126754760742,0.17456379532814026
EFH,quarterly,2015,2,,Lübeck,88.51897048950195,0.17526735737919807
EFH,quarterly,2015,3,,Lübeck,85.6784610748291,0.1896214261651039
EFH,quarterly,2015,4,,Lübeck,81.53154754638672,0.1989293172955513
EFH,quarterly,2016,1,,Lübeck,81.79257392883301,0.22252283990383148
EFH,quarterly,2016,2,,Lübeck,77.95277214050293,0.2339613325893879
EFH,quarterly,2016,3,,Lübeck,76.68371200561523,0.23470307514071465
EFH,quarterly,2016,4,,Lübeck,79.85466003417969,0.2263488546013832
EFH,quarterly,2017,1,,Lübeck,77.70177268981934,0.2072639800608158
EFH,quarterly,2017,2,,Lübeck,77.71230697631836,0.2161506935954094
EFH,quarterly,2017,3,,Lübeck,77.31257057189941,0.21074102818965912
EFH,quarterly,2017,4,,Lübeck,73.61971092224121,0.21823258325457573
EFH,quarterly,2018,1,,Lübeck,69.0879135131836,0.24504677578806877
EFH,quarterly,2018,2,,Lübeck,68.42050361633301,0.233633391559124
EFH,quarterly,2018,3,,Lübeck,69.12943077087402,0.2465798184275627
EFH,quarterly,2018,4,,Lübeck,67.53787231445312,0.24484166875481606
EFH,quarterly,2019,1,,Lübeck,72.79986190795898,0.23071206733584404
EFH,quarterly,2019,2,,Lübeck,75.21126937866211,0.2334224432706833
EFH,quarterly,2019,3,,Lübeck,73.94300079345703,0.23462437093257904
EFH,quarterly,2019,4,,Lübeck,75.52115440368652,0.24119343981146812
EFH,quarterly,2020,1,,Lübeck,71.47390747070312,0.2582659386098385
EFH,quarterly,2020,2,,Lübeck,71.18868446350098,0.26489223912358284
EFH,quarterly,2020,3,,Lübeck,72.2878303527832,0.29651616886258125
EFH,quarterly,2020,4,,Lübeck,68.68690395355225,0.31734950095415115
EFH,quarterly,2021,1,,Lübeck,65.81559467315674,0.3087247908115387
EFH,quarterly,2021,2,,Lübeck,58.13262367248535,0.36397841572761536
EFH,quarterly,2021,3,,Lübeck,58.21620750427246,0.3279050141572952
EFH,quarterly,2021,4,,Lübeck,59.7349214553833,0.31033965572714806
EFH,quarterly,2022,1,,Lübeck,60.53388214111328,0.33953941985964775
EFH,quarterly,2022,2,,Lübeck,64.2781982421875,0.2745962589979172
EFH,quarterly,2022,3,,Lübeck,61.98338031768799,0.2569892145693302
EFH,quarterly,2022,4,,Lübeck,68.57492542266846,0.22616568580269814
EFH,quarterly,2023,1,,Lübeck,79.61956787109375,0.1585820820182562
EFH,quarterly,2023,2,,Lübeck,88.83372783660889,0.13541529513895512
EFH,quarterly,2023,3,,Lübeck,99.82658576965332,0.10939488559961319
EFH,quarterly,2023,4,,Lübeck,100.18635177612305,0.11241678334772587
EFH,quarterly,2024,1,,Lübeck,104.0627212524414,0.11193369142711163
EFH,quarterly,2024,2,,Lübeck,108.36494827270508,0.09111980814486742
EFH,quarterly,2024,3,,Lübeck,109.8477783203125,0.08569812122732401
EFH,quarterly,2024,4,,Lübeck,107.05178451538086,0.086873191408813
EFH,quarterly,2025,1,,Lübeck,98.71565055847168,0.110588607378304
EFH,quarterly,2025,2,,Lübeck,89.9106273651123,0.14239112101495266
EFH,quarterly,2025,3,,Lübeck,83.00171089172363,0.15904469043016434
EFH,quarterly,2025,4,,Lübeck,83.83877754211426,0.1489065457135439
EFH,quarterly,2026,1,,Lübeck,88.14121437072754,0.14040852151811123
EFH,quarterly,2012,1,,Kreis Mettmann,,
EFH,quarterly,2012,2,,Kreis Mettmann,,
EFH,quarterly,2012,3,,Kreis Mettmann,,
EFH,quarterly,2012,4,,Kreis Mettmann,91.59815311431885,0.13589876517653465
EFH,quarterly,2013,1,,Kreis Mettmann,104.13049697875977,0.10791530460119247
EFH,quarterly,2013,2,,Kreis Mettmann,103.68363571166992,0.11691579781472683
EFH,quarterly,2013,3,,Kreis Mettmann,108.70888900756836,0.12485767900943756
EFH,quarterly,2013,4,,Kreis Mettmann,109.45505905151367,0.12090645916759968
EFH,quarterly,2014,1,,Kreis Mettmann,108.43706893920898,0.11250963993370533
EFH,quarterly,2014,2,,Kreis Mettmann,106.47882461547852,0.11777518317103386
EFH,quarterly,2014,3,,Kreis Mettmann,100.46401023864746,0.12578654289245605
EFH,quarterly,2014,4,,Kreis Mettmann,90.47218322753906,0.15948407351970673
EFH,quarterly,2015,1,,Kreis Mettmann,90.72281265258789,0.16864870488643646
EFH,quarterly,2015,2,,Kreis Mettmann,92.19290733337402,0.18889275938272476
EFH,quarterly,2015,3,,Kreis Mettmann,89.07524871826172,0.2194734625518322
EFH,quarterly,2015,4,,Kreis Mettmann,87.86341667175293,0.1970212161540985
EFH,quarterly,2016,1,,Kreis Mettmann,81.62668037414551,0.2128131277859211
EFH,quarterly,2016,2,,Kreis Mettmann,78.79047393798828,0.20121006295084953
EFH,quarterly,2016,3,,Kreis Mettmann,79.73584365844727,0.1803680621087551
EFH,quarterly,2016,4,,Kreis Mettmann,80.63101959228516,0.20858245715498924
EFH,quarterly,2017,1,,Kreis Mettmann,81.02400588989258,0.19716227054595947
EFH,quarterly,2017,2,,Kreis Mettmann,78.75778579711914,0.22464372217655182
EFH,quarterly,2017,3,,Kreis Mettmann,77.8420524597168,0.24326100945472717
EFH,quarterly,2017,4,,Kreis Mettmann,77.85958480834961,0.256285909563303
EFH,quarterly,2018,1,,Kreis Mettmann,77.76598358154297,0.2675952836871147
EFH,quarterly,2018,2,,Kreis Mettmann,78.93083572387695,0.25175559148192406
EFH,quarterly,2018,3,,Kreis Mettmann,76.1190185546875,0.2581603489816189
EFH,quarterly,2018,4,,Kreis Mettmann,76.52282905578613,0.23405586183071136
EFH,quarterly,2019,1,,Kreis Mettmann,76.20531845092773,0.2259252667427063
EFH,quarterly,2019,2,,Kreis Mettmann,74.30288314819336,0.23391886427998543
EFH,quarterly,2019,3,,Kreis Mettmann,76.60313987731934,0.2286197952926159
EFH,quarterly,2019,4,,Kreis Mettmann,71.89383506774902,0.24700654298067093
EFH,quarterly,2020,1,,Kreis Mettmann,68.09466743469238,0.2613159939646721
EFH,quarterly,2020,2,,Kreis Mettmann,68.23315811157227,0.2781819775700569
EFH,quarterly,2020,3,,Kreis Mettmann,64.81988048553467,0.3087872713804245
EFH,quarterly,2020,4,,Kreis Mettmann,66.19877529144287,0.32895632833242416
EFH,quarterly,2021,1,,Kreis Mettmann,61.42691230773926,0.36793137341737747
EFH,quarterly,2021,2,,Kreis Mettmann,57.113322257995605,0.3980168476700783
EFH,quarterly,2021,3,,Kreis Mettmann,56.69102096557617,0.3913291171193123
EFH,quarterly,2021,4,,Kreis Mettmann,56.49342155456543,0.38052112609148026
EFH,quarterly,2022,1,,Kreis Mettmann,59.096001625061035,0.3618919402360916
EFH,quarterly,2022,2,,Kreis Mettmann,58.381102561950684,0.3217378035187721
EFH,quarterly,2022,3,,Kreis Mettmann,59.50401496887207,0.2821236401796341
EFH,quarterly,2022,4,,Kreis Mettmann,60.487606048583984,0.24403177201747894
EFH,quarterly,2023,1,,Kreis Mettmann,69.79144668579102,0.184707660228014
EFH,quarterly,2023,2,,Kreis Mettmann,83.03439426422119,0.15280726924538612
EFH,quarterly,2023,3,,Kreis Mettmann,91.01810073852539,0.12696471624076366
EFH,quarterly,2023,4,,Kreis Mettmann,96.00234794616699,0.1167018748819828
EFH,quarterly,2024,1,,Kreis Mettmann,95.95363998413086,0.12564769387245178
EFH,quarterly,2024,2,,Kreis Mettmann,97.54812431335449,0.11292140930891037
EFH,quarterly,2024,3,,Kreis Mettmann,100.40035438537598,0.10751799121499062
EFH,quarterly,2024,4,,Kreis Mettmann,102.13142585754395,0.11676108278334141
EFH,quarterly,2025,1,,Kreis Mettmann,98.48274612426758,0.14089676551520824
EFH,quarterly,2025,2,,Kreis Mettmann,93.14674758911133,0.15379520691931248
EFH,quarterly,2025,3,,Kreis Mettmann,87.0262680053711,0.17003078013658524
EFH,quarterly,2025,4,,Kreis Mettmann,87.3104419708252,0.16798152774572372
EFH,quarterly,2026,1,,Kreis Mettmann,90.95677757263184,0.14125913754105568
EFH,quarterly,2012,1,,München,,
EFH,quarterly,2012,2,,München,,
EFH,quarterly,2012,3,,München,,
EFH,quarterly,2012,4,,München,67.66647338867188,0.2025492899119854
EFH,quarterly,2013,1,,München,74.0964469909668,0.1846485659480095
EFH,quarterly,2013,2,,München,70.62773895263672,0.19495896250009537
EFH,quarterly,2013,3,,München,73.77298355102539,0.19794915989041328
EFH,quarterly,2013,4,,München,76.83475685119629,0.19234248995780945
EFH,quarterly,2014,1,,München,75.31763648986816,0.19363167136907578
EFH,quarterly,2014,2,,München,74.49745750427246,0.20651132240891457
EFH,quarterly,2014,3,,München,72.35482025146484,0.22830373421311378
EFH,quarterly,2014,4,,München,71.42380905151367,0.23538924381136894
EFH,quarterly,2015,1,,München,72.99049377441406,0.23435597866773605
EFH,quarterly,2015,2,,München,78.11023330688477,0.23933743685483932
EFH,quarterly,2015,3,,München,73.73085117340088,0.2571757957339287
EFH,quarterly,2015,4,,München,69.42479038238525,0.2721422165632248
EFH,quarterly,2016,1,,München,66.53466892242432,0.2944702208042145
EFH,quarterly,2016,2,,München,62.62472057342529,0.2980007380247116
EFH,quarterly,2016,3,,München,66.50636672973633,0.28368449211120605
EFH,quarterly,2016,4,,München,70.7054271697998,0.27471141144633293
EFH,quarterly,2017,1,,München,72.60042762756348,0.25694792345166206
EFH,quarterly,2017,2,,München,74.7821273803711,0.24060405790805817
EFH,quarterly,2017,3,,München,76.5335464477539,0.22837460413575172
EFH,quarterly,2017,4,,München,75.3724422454834,0.2246052250266075
EFH,quarterly,2018,1,,München,76.5630989074707,0.2233741506934166
EFH,quarterly,2018,2,,München,73.98273658752441,0.2271394543349743
EFH,quarterly,2018,3,,München,72.39083671569824,0.239752396941185
EFH,quarterly,2018,4,,München,75.14562225341797,0.2291061393916607
EFH,quarterly,2019,1,,München,77.1597671508789,0.23260203376412392
EFH,quarterly,2019,2,,München,78.06160354614258,0.2338208518922329
EFH,quarterly,2019,3,,München,81.52346229553223,0.21232014149427414
EFH,quarterly,2019,4,,München,82.64066314697266,0.22242938354611397
EFH,quarterly,2020,1,,München,79.1612319946289,0.22829419001936913
EFH,quarterly,2020,2,,München,82.58935737609863,0.2257811650633812
EFH,quarterly,2020,3,,München,80.37798881530762,0.23477476835250854
EFH,quarterly,2020,4,,München,76.1817626953125,0.22593869641423225
EFH,quarterly,2021,1,,München,75.37421226501465,0.23573214933276176
EFH,quarterly,2021,2,,München,69.19061946868896,0.2879156842827797
EFH,quarterly,2021,3,,München,71.49573802947998,0.30291105434298515
EFH,quarterly,2021,4,,München,72.08285617828369,0.3127855472266674
EFH,quarterly,2022,1,,München,71.49208545684814,0.30884383246302605
EFH,quarterly,2022,2,,München,73.36047744750977,0.2566065974533558
EFH,quarterly,2022,3,,München,67.3640489578247,0.24846583604812622
EFH,quarterly,2022,4,,München,67.83308124542236,0.23714105039834976
EFH,quarterly,2023,1,,München,73.71069431304932,0.20301103591918945
EFH,quarterly,2023,2,,München,79.20900630950928,0.19942454248666763
EFH,quarterly,2023,3,,München,84.6630802154541,0.1964852474629879
EFH,quarterly,2023,4,,München,90.09281539916992,0.17944123782217503
EFH,quarterly,2024,1,,München,90.58287620544434,0.19273712672293186
EFH,quarterly,2024,2,,München,96.04388427734375,0.1687441449612379
EFH,quarterly,2024,3,,München,100.8226375579834,0.14538347907364368
EFH,quarterly,2024,4,,München,99.83193778991699,0.15391100570559502
EFH,quarterly,2025,1,,München,99.48043441772461,0.14888418465852737
EFH,quarterly,2025,2,,München,95.15800857543945,0.1659318432211876
EFH,quarterly,2025,3,,München,91.49445152282715,0.1803591623902321
EFH,quarterly,2025,4,,München,89.71161651611328,0.1888977475464344
EFH,quarterly,2026,1,,München,91.16474723815918,0.18028443679213524
EFH,quarterly,2012,1,,Münster,,
EFH,quarterly,2012,2,,Münster,,
EFH,quarterly,2012,3,,Münster,,
EFH,quarterly,2012,4,,Münster,91.7988166809082,0.15687151812016964
EFH,quarterly,2013,1,,Münster,103.31620597839355,0.1254876758903265
EFH,quarterly,2013,2,,Münster,96.86948776245117,0.16298237815499306
EFH,quarterly,2013,3,,Münster,93.87752151489258,0.16503538191318512
EFH,quarterly,2013,4,,Münster,93.88508987426758,0.16560396924614906
EFH,quarterly,2014,1,,Münster,86.98464012145996,0.17176012694835663
EFH,quarterly,2014,2,,Münster,87.26896858215332,0.1566060557961464
EFH,quarterly,2014,3,,Münster,81.92763710021973,0.16342244669795036
EFH,quarterly,2014,4,,Münster,79.39835166931152,0.16556530445814133
EFH,quarterly,2015,1,,Münster,77.95453453063965,0.16547569632530212
EFH,quarterly,2015,2,,Münster,76.53759384155273,0.18443585559725761
EFH,quarterly,2015,3,,Münster,73.01722431182861,0.2011374644935131
EFH,quarterly,2015,4,,Münster,66.86191177368164,0.2155124619603157
EFH,quarterly,2016,1,,Münster,66.94397926330566,0.23770438507199287
EFH,quarterly,2016,2,,Münster,64.16141605377197,0.2365042045712471
EFH,quarterly,2016,3,,Münster,67.06691360473633,0.24905039742588997
EFH,quarterly,2016,4,,Münster,68.58958435058594,0.24156219139695168
EFH,quarterly,2017,1,,Münster,67.34356880187988,0.24035633727908134
EFH,quarterly,2017,2,,Münster,68.02390003204346,0.23880354315042496
EFH,quarterly,2017,3,,Münster,69.34137439727783,0.22166785597801208
EFH,quarterly,2017,4,,Münster,73.12747764587402,0.22747337073087692
EFH,quarterly,2018,1,,Münster,75.22381019592285,0.20758701115846634
EFH,quarterly,2018,2,,Münster,77.13333511352539,0.2049313336610794
EFH,quarterly,2018,3,,Münster,76.01626586914062,0.20798125863075256
EFH,quarterly,2018,4,,Münster,74.35180473327637,0.1942889504134655
EFH,quarterly,2019,1,,Münster,71.5417594909668,0.20811275392770767
EFH,quarterly,2019,2,,Münster,69.31581974029541,0.20116078481078148
EFH,quarterly,2019,3,,Münster,68.24867725372314,0.1973251886665821
EFH,quarterly,2019,4,,Münster,67.12467670440674,0.21342134103178978
EFH,quarterly,2020,1,,Münster,68.03603649139404,0.21069061011075974
EFH,quarterly,2020,2,,Münster,69.2835521697998,0.21672682836651802
EFH,quarterly,2020,3,,Münster,65.00193405151367,0.23211996257305145
EFH,quarterly,2020,4,,Münster,61.91682720184326,0.23585359752178192
EFH,quarterly,2021,1,,Münster,59.47739505767822,0.24687354266643524
EFH,quarterly,2021,2,,Münster,56.15462779998779,0.3075878284871578
EFH,quarterly,2021,3,,Münster,58.49644374847412,0.3206830695271492
EFH,quarterly,2021,4,,Münster,61.3748836517334,0.32685328274965286
EFH,quarterly,2022,1,,Münster,60.11244201660156,0.33245644718408585
EFH,quarterly,2022,2,,Münster,59.85852527618408,0.26655782759189606
EFH,quarterly,2022,3,,Münster,60.435492515563965,0.23322449252009392
EFH,quarterly,2022,4,,Münster,61.08374881744385,0.20761701464653015
EFH,quarterly,2023,1,,Münster,68.62181377410889,0.16167400777339935
EFH,quarterly,2023,2,,Münster,79.64686584472656,0.1296803541481495
EFH,quarterly,2023,3,,Münster,85.40076446533203,0.12090842425823212
EFH,quarterly,2023,4,,Münster,95.06750869750977,0.11262701451778412
EFH,quarterly,2024,1,,Münster,98.44158935546875,0.11521580629050732
EFH,quarterly,2024,2,,Münster,102.74670219421387,0.11630488187074661
EFH,quarterly,2024,3,,Münster,104.95447540283203,0.0989140197634697
EFH,quarterly,2024,4,,Münster,102.61389350891113,0.1071816049516201
EFH,quarterly,2025,1,,Münster,98.90875244140625,0.1206721793860197
EFH,quarterly,2025,2,,Münster,87.12228012084961,0.13572390750050545
EFH,quarterly,2025,3,,Münster,80.97164726257324,0.1663094162940979
EFH,quarterly,2025,4,,Münster,82.06683921813965,0.14858046546578407
EFH,quarterly,2026,1,,Münster,84.49731636047363,0.16703808307647705
EFH,quarterly,2012,1,,Potsdam,,
EFH,quarterly,2012,2,,Potsdam,,
EFH,quarterly,2012,3,,Potsdam,,
EFH,quarterly,2012,4,,Potsdam,96.0435733795166,0.12151821237057447
EFH,quarterly,2013,1,,Potsdam,110.04994583129883,0.08842997718602419
EFH,quarterly,2013,2,,Potsdam,106.25199508666992,0.10959400050342083
EFH,quarterly,2013,3,,Potsdam,110.43976783752441,0.12048724666237831
EFH,quarterly,2013,4,,Potsdam,114.72397232055664,0.11008014529943466
EFH,quarterly,2014,1,,Potsdam,106.90694046020508,0.09811024181544781
EFH,quarterly,2014,2,,Potsdam,103.2846794128418,0.12953143380582333
EFH,quarterly,2014,3,,Potsdam,102.29841804504395,0.13301440700888634
EFH,quarterly,2014,4,,Potsdam,94.95281982421875,0.1502101756632328
EFH,quarterly,2015,1,,Potsdam,102.08327102661133,0.17183081433176994
EFH,quarterly,2015,2,,Potsdam,108.07035827636719,0.16221698001027107
EFH,quarterly,2015,3,,Potsdam,100.32949447631836,0.17793335393071175
EFH,quarterly,2015,4,,Potsdam,99.00134086608887,0.17028029076755047
EFH,quarterly,2016,1,,Potsdam,92.51910591125488,0.18601231090724468
EFH,quarterly,2016,2,,Potsdam,93.13880348205566,0.1814668569713831
EFH,quarterly,2016,3,,Potsdam,97.3878116607666,0.1834509838372469
EFH,quarterly,2016,4,,Potsdam,92.90579795837402,0.19652900099754333
EFH,quarterly,2017,1,,Potsdam,91.56534194946289,0.1879301331937313
EFH,quarterly,2017,2,,Potsdam,78.84867572784424,0.23978198319673538
EFH,quarterly,2017,3,,Potsdam,76.31698894500732,0.24310831353068352
EFH,quarterly,2017,4,,Potsdam,77.3459882736206,0.27924180030822754
EFH,quarterly,2018,1,,Potsdam,89.5012674331665,0.28661757707595825
EFH,quarterly,2018,2,,Potsdam,90.2721004486084,0.271304190158844
EFH,quarterly,2018,3,,Potsdam,94.55236434936523,0.2608608826994896
EFH,quarterly,2018,4,,Potsdam,97.74414253234863,0.24209879338741302
EFH,quarterly,2019,1,,Potsdam,87.04176330566406,0.2510273642838001
EFH,quarterly,2019,2,,Potsdam,91.54176330566406,0.23145318403840065
EFH,quarterly,2019,3,,Potsdam,80.31253147125244,0.2906534969806671
EFH,quarterly,2019,4,,Potsdam,73.80247211456299,0.31366460025310516
EFH,quarterly,2020,1,,Potsdam,68.73302745819092,0.3289423808455467
EFH,quarterly,2020,2,,Potsdam,74.73701763153076,0.32048873603343964
EFH,quarterly,2020,3,,Potsdam,85.78518486022949,0.2704417407512665
EFH,quarterly,2020,4,,Potsdam,87.2752513885498,0.2535751685500145
EFH,quarterly,2021,1,,Potsdam,86.27308082580566,0.23439113795757294
EFH,quarterly,2021,2,,Potsdam,72.17717933654785,0.3008804991841316
EFH,quarterly,2021,3,,Potsdam,64.5059585571289,0.3315822556614876
EFH,quarterly,2021,4,,Potsdam,64.35284805297852,0.33214447647333145
EFH,quarterly,2022,1,,Potsdam,63.88920593261719,0.34406355023384094
EFH,quarterly,2022,2,,Potsdam,69.33267974853516,0.28546980023384094
EFH,quarterly,2022,3,,Potsdam,64.58065509796143,0.2679259404540062
EFH,quarterly,2022,4,,Potsdam,67.10938167572021,0.23842283710837364
EFH,quarterly,2023,1,,Potsdam,78.858717918396,0.1980824265629053
EFH,quarterly,2023,2,,Potsdam,87.84158611297607,0.17114985920488834
EFH,quarterly,2023,3,,Potsdam,97.41309356689453,0.13214609771966934
EFH,quarterly,2023,4,,Potsdam,100.35479545593262,0.12952004745602608
EFH,quarterly,2024,1,,Potsdam,104.1360855102539,0.12712541222572327
EFH,quarterly,2024,2,,Potsdam,109.53602981567383,0.12671422958374023
EFH,quarterly,2024,3,,Potsdam,113.21939659118652,0.12770629301667213
EFH,quarterly,2024,4,,Potsdam,108.60852241516113,0.1297057755291462
EFH,quarterly,2025,1,,Potsdam,99.41910552978516,0.16264228336513042
EFH,quarterly,2025,2,,Potsdam,87.24723052978516,0.17421269603073597
EFH,quarterly,2025,3,,Potsdam,84.72498321533203,0.1853959560394287
EFH,quarterly,2025,4,,Potsdam,90.4068546295166,0.1641971254721284
EFH,quarterly,2026,1,,Potsdam,105.9481258392334,0.11181617341935635
EFH,quarterly,2012,1,,Rhein-Erft-Kreis,,
EFH,quarterly,2012,2,,Rhein-Erft-Kreis,,
EFH,quarterly,2012,3,,Rhein-Erft-Kreis,,
EFH,quarterly,2012,4,,Rhein-Erft-Kreis,93.61502456665039,0.11701222695410252
EFH,quarterly,2013,1,,Rhein-Erft-Kreis,102.80168724060059,0.09603754989802837
EFH,quarterly,2013,2,,Rhein-Erft-Kreis,102.44804763793945,0.10593681037425995
EFH,quarterly,2013,3,,Rhein-Erft-Kreis,106.44614028930664,0.11542348563671112
EFH,quarterly,2013,4,,Rhein-Erft-Kreis,106.59430694580078,0.11166673712432384
EFH,quarterly,2014,1,,Rhein-Erft-Kreis,103.58664131164551,0.1142538096755743
EFH,quarterly,2014,2,,Rhein-Erft-Kreis,101.37250137329102,0.12246317602694035
EFH,quarterly,2014,3,,Rhein-Erft-Kreis,98.12170600891113,0.13263900950551033
EFH,quarterly,2014,4,,Rhein-Erft-Kreis,92.27495384216309,0.15368689969182014
EFH,quarterly,2015,1,,Rhein-Erft-Kreis,92.70544052124023,0.1547393500804901
EFH,quarterly,2015,2,,Rhein-Erft-Kreis,92.50815200805664,0.16579031571745872
EFH,quarterly,2015,3,,Rhein-Erft-Kreis,87.67194747924805,0.19191716238856316
EFH,quarterly,2015,4,,Rhein-Erft-Kreis,86.23694801330566,0.19252917915582657
EFH,quarterly,2016,1,,Rhein-Erft-Kreis,81.84831237792969,0.2068265900015831
EFH,quarterly,2016,2,,Rhein-Erft-Kreis,77.72107315063477,0.22550277411937714
EFH,quarterly,2016,3,,Rhein-Erft-Kreis,76.42989921569824,0.2284138798713684
EFH,quarterly,2016,4,,Rhein-Erft-Kreis,75.2273178100586,0.2430770918726921
EFH,quarterly,2017,1,,Rhein-Erft-Kreis,75.57795143127441,0.23920656740665436
EFH,quarterly,2017,2,,Rhein-Erft-Kreis,77.31087493896484,0.23237596824765205
EFH,quarterly,2017,3,,Rhein-Erft-Kreis,76.70000267028809,0.22878779843449593
EFH,quarterly,2017,4,,Rhein-Erft-Kreis,73.95723724365234,0.24055436253547668
EFH,quarterly,2018,1,,Rhein-Erft-Kreis,70.03221702575684,0.2580602206289768
EFH,quarterly,2018,2,,Rhein-Erft-Kreis,65.74478912353516,0.2601604722440243
EFH,quarterly,2018,3,,Rhein-Erft-Kreis,64.92337226867676,0.2694700099527836
EFH,quarterly,2018,4,,Rhein-Erft-Kreis,66.18755340576172,0.25180792436003685
EFH,quarterly,2019,1,,Rhein-Erft-Kreis,65.83158874511719,0.24537082016468048
EFH,quarterly,2019,2,,Rhein-Erft-Kreis,66.90051078796387,0.2430729903280735
EFH,quarterly,2019,3,,Rhein-Erft-Kreis,67.36614608764648,0.2443743534386158
EFH,quarterly,2019,4,,Rhein-Erft-Kreis,65.05715370178223,0.26712798699736595
EFH,quarterly,2020,1,,Rhein-Erft-Kreis,62.20085906982422,0.29153919219970703
EFH,quarterly,2020,2,,Rhein-Erft-Kreis,61.86762523651123,0.3089878559112549
EFH,quarterly,2020,3,,Rhein-Erft-Kreis,58.729736328125,0.32606693357229233
EFH,quarterly,2020,4,,Rhein-Erft-Kreis,57.075690269470215,0.32620157301425934
EFH,quarterly,2021,1,,Rhein-Erft-Kreis,53.06154251098633,0.3577245697379112
EFH,quarterly,2021,2,,Rhein-Erft-Kreis,46.741026878356934,0.3941694274544716
EFH,quarterly,2021,3,,Rhein-Erft-Kreis,48.0979118347168,0.40144672244787216
EFH,quarterly,2021,4,,Rhein-Erft-Kreis,49.922261238098145,0.388886958360672
EFH,quarterly,2022,1,,Rhein-Erft-Kreis,53.29836463928223,0.37206175923347473
EFH,quarterly,2022,2,,Rhein-Erft-Kreis,56.0823450088501,0.33606724441051483
EFH,quarterly,2022,3,,Rhein-Erft-Kreis,57.557684898376465,0.2818601243197918
EFH,quarterly,2022,4,,Rhein-Erft-Kreis,61.64012050628662,0.25151804834604263
EFH,quarterly,2023,1,,Rhein-Erft-Kreis,72.54446315765381,0.17832128144800663
EFH,quarterly,2023,2,,Rhein-Erft-Kreis,83.53678512573242,0.13612513057887554
EFH,quarterly,2023,3,,Rhein-Erft-Kreis,90.22373962402344,0.1202998086810112
EFH,quarterly,2023,4,,Rhein-Erft-Kreis,93.37936782836914,0.11109577678143978
EFH,quarterly,2024,1,,Rhein-Erft-Kreis,93.84941291809082,0.11719819158315659
EFH,quarterly,2024,2,,Rhein-Erft-Kreis,100.33093643188477,0.10453839972615242
EFH,quarterly,2024,3,,Rhein-Erft-Kreis,100.28826332092285,0.10511457920074463
EFH,quarterly,2024,4,,Rhein-Erft-Kreis,100.79123115539551,0.11100659519433975
EFH,quarterly,2025,1,,Rhein-Erft-Kreis,101.51226806640625,0.10997408628463745
EFH,quarterly,2025,2,,Rhein-Erft-Kreis,95.15351295471191,0.12616391107439995
EFH,quarterly,2025,3,,Rhein-Erft-Kreis,93.48014640808105,0.13383729569613934
EFH,quarterly,2025,4,,Rhein-Erft-Kreis,93.01697158813477,0.13250412978231907
EFH,quarterly,2026,1,,Rhein-Erft-Kreis,90.15994071960449,0.14456412382423878
EFH,quarterly,2012,1,,Stuttgart,,
EFH,quarterly,2012,2,,Stuttgart,,
EFH,quarterly,2012,3,,Stuttgart,,
EFH,quarterly,2012,4,,Stuttgart,63.561466217041016,0.2867244482040405
EFH,quarterly,2013,1,,Stuttgart,76.22882461547852,0.2433025799691677
EFH,quarterly,2013,2,,Stuttgart,77.84706497192383,0.2500625438988209
EFH,quarterly,2013,3,,Stuttgart,76.06980609893799,0.25804318115115166
EFH,quarterly,2013,4,,Stuttgart,81.834397315979,0.22914747893810272
EFH,quarterly,2014,1,,Stuttgart,76.03713703155518,0.21342754364013672
EFH,quarterly,2014,2,,Stuttgart,72.54042339324951,0.22875920683145523
EFH,quarterly,2014,3,,Stuttgart,72.62091064453125,0.22754383832216263
EFH,quarterly,2014,4,,Stuttgart,67.17706108093262,0.24899906292557716
EFH,quarterly,2015,1,,Stuttgart,62.924147605895996,0.2962018623948097
EFH,quarterly,2015,2,,Stuttgart,62.65898036956787,0.3126796633005142
EFH,quarterly,2015,3,,Stuttgart,58.50086307525635,0.3365194648504257
EFH,quarterly,2015,4,,Stuttgart,54.23369216918945,0.3365194648504257
EFH,quarterly,2016,1,,Stuttgart,60.84555149078369,0.3195899650454521
EFH,quarterly,2016,2,,Stuttgart,60.36379909515381,0.30580417066812515
EFH,quarterly,2016,3,,Stuttgart,62.739359855651855,0.3007718175649643
EFH,quarterly,2016,4,,Stuttgart,64.33197021484375,0.3074207529425621
EFH,quarterly,2017,1,,Stuttgart,63.02853775024414,0.3087836280465126
EFH,quarterly,2017,2,,Stuttgart,63.865779876708984,0.3029205948114395
EFH,quarterly,2017,3,,Stuttgart,65.81035614013672,0.2845839112997055
EFH,quarterly,2017,4,,Stuttgart,63.950480461120605,0.281700037419796
EFH,quarterly,2018,1,,Stuttgart,60.61813449859619,0.27377329766750336
EFH,quarterly,2018,2,,Stuttgart,60.126282691955566,0.2806181460618973
EFH,quarterly,2018,3,,Stuttgart,62.05273914337158,0.28595833480358124
EFH,quarterly,2018,4,,Stuttgart,66.0707015991211,0.29767492413520813
EFH,quarterly,2019,1,,Stuttgart,72.77197265625,0.2934170886874199
EFH,quarterly,2019,2,,Stuttgart,72.3879976272583,0.2891570180654526
EFH,quarterly,2019,3,,Stuttgart,69.56080722808838,0.2747112661600113
EFH,quarterly,2019,4,,Stuttgart,66.85484790802002,0.26055940240621567
EFH,quarterly,2020,1,,Stuttgart,60.2642879486084,0.27348846197128296
EFH,quarterly,2020,2,,Stuttgart,64.10437107086182,0.2851177304983139
EFH,quarterly,2020,3,,Stuttgart,65.61124992370605,0.2891468182206154
EFH,quarterly,2020,4,,Stuttgart,63.45063495635986,0.2878170311450958
EFH,quarterly,2021,1,,Stuttgart,66.32625007629395,0.2777678146958351
EFH,quarterly,2021,2,,Stuttgart,60.48679733276367,0.2957358658313751
EFH,quarterly,2021,3,,Stuttgart,64.241379737854,0.30302753299474716
EFH,quarterly,2021,4,,Stuttgart,66.83360862731934,0.30983446538448334
EFH,quarterly,2022,1,,Stuttgart,64.23894119262695,0.3167133927345276
EFH,quarterly,2022,2,,Stuttgart,65.46680545806885,0.28711607307195663
EFH,quarterly,2022,3,,Stuttgart,63.77872943878174,0.26500068604946136
EFH,quarterly,2022,4,,Stuttgart,64.83813571929932,0.24767395108938217
EFH,quarterly,2023,1,,Stuttgart,73.84532833099365,0.21940014511346817
EFH,quarterly,2023,2,,Stuttgart,82.02503204345703,0.18492433801293373
EFH,quarterly,2023,3,,Stuttgart,85.47113418579102,0.16054849326610565
EFH,quarterly,2023,4,,Stuttgart,93.49834632873535,0.1332393493503332
EFH,quarterly,2024,1,,Stuttgart,94.23241424560547,0.1209240760654211
EFH,quarterly,2024,2,,Stuttgart,97.77684020996094,0.11797494255006313
EFH,quarterly,2024,3,,Stuttgart,101.69919776916504,0.1300067100673914
EFH,quarterly,2024,4,,Stuttgart,100.64107131958008,0.13902359828352928
EFH,quarterly,2025,1,,Stuttgart,100.01952934265137,0.14661198109388351
EFH,quarterly,2025,2,,Stuttgart,96.07329559326172,0.17074822261929512
EFH,quarterly,2025,3,,Stuttgart,92.4133415222168,0.15887010470032692
EFH,quarterly,2025,4,,Stuttgart,94.83224868774414,0.14803930558264256
EFH,quarterly,2026,1,,Stuttgart,94.05150032043457,0.15844801254570484
EFH,quarterly,2012,1,,Wiesbaden,,
EFH,quarterly,2012,2,,Wiesbaden,,
EFH,quarterly,2012,3,,Wiesbaden,,
EFH,quarterly,2012,4,,Wiesbaden,71.92224979400635,0.19193142279982567
EFH,quarterly,2013,1,,Wiesbaden,85.97178840637207,0.17305610701441765
EFH,quarterly,2013,2,,Wiesbaden,89.10143280029297,0.1814662292599678
EFH,quarterly,2013,3,,Wiesbaden,93.06452369689941,0.19185877218842506
EFH,quarterly,2013,4,,Wiesbaden,94.77396583557129,0.19364814087748528
EFH,quarterly,2014,1,,Wiesbaden,87.20880317687988,0.20256466791033745
EFH,quarterly,2014,2,,Wiesbaden,81.21627044677734,0.22570735588669777
EFH,quarterly,2014,3,,Wiesbaden,79.13687896728516,0.2319672927260399
EFH,quarterly,2014,4,,Wiesbaden,73.33494567871094,0.26203975453972816
EFH,quarterly,2015,1,,Wiesbaden,73.2236499786377,0.25133824348449707
EFH,quarterly,2015,2,,Wiesbaden,72.98515510559082,0.263115294277668
EFH,quarterly,2015,3,,Wiesbaden,67.70694351196289,0.29153546318411827
EFH,quarterly,2015,4,,Wiesbaden,65.29124736785889,0.29263098165392876
EFH,quarterly,2016,1,,Wiesbaden,70.45094013214111,0.2771180495619774
EFH,quarterly,2016,2,,Wiesbaden,71.16796207427979,0.25849004089832306
EFH,quarterly,2016,3,,Wiesbaden,76.89103031158447,0.25228700041770935
EFH,quarterly,2016,4,,Wiesbaden,85.11262702941895,0.227071400731802
EFH,quarterly,2017,1,,Wiesbaden,80.86184883117676,0.2394351065158844
EFH,quarterly,2017,2,,Wiesbaden,78.25962448120117,0.2736298143863678
EFH,quarterly,2017,3,,Wiesbaden,75.3316593170166,0.2738892436027527
EFH,quarterly,2017,4,,Wiesbaden,69.23453521728516,0.32687995210289955
EFH,quarterly,2018,1,,Wiesbaden,62.960479736328125,0.3856213614344597
EFH,quarterly,2018,2,,Wiesbaden,64.62445449829102,0.3629651144146919
EFH,quarterly,2018,3,,Wiesbaden,63.52414512634277,0.36668141186237335
EFH,quarterly,2018,4,,Wiesbaden,62.39376735687256,0.3172527588903904
EFH,quarterly,2019,1,,Wiesbaden,68.57853603363037,0.28678515926003456
EFH,quarterly,2019,2,,Wiesbaden,68.83128833770752,0.26785992085933685
EFH,quarterly,2019,3,,Wiesbaden,69.30659770965576,0.24391931667923927
EFH,quarterly,2019,4,,Wiesbaden,71.74124336242676,0.2518291212618351
EFH,quarterly,2020,1,,Wiesbaden,69.35286712646484,0.2565235234797001
EFH,quarterly,2020,2,,Wiesbaden,70.91504669189453,0.27857375890016556
EFH,quarterly,2020,3,,Wiesbaden,71.9389820098877,0.28343766555190086
EFH,quarterly,2020,4,,Wiesbaden,74.04066276550293,0.2747669257223606
EFH,quarterly,2021,1,,Wiesbaden,78.51526641845703,0.24476125463843346
EFH,quarterly,2021,2,,Wiesbaden,73.5090160369873,0.2572612576186657
EFH,quarterly,2021,3,,Wiesbaden,79.95194816589355,0.25633201003074646
EFH,quarterly,2021,4,,Wiesbaden,79.96617698669434,0.26273002475500107
EFH,quarterly,2022,1,,Wiesbaden,76.67950630187988,0.2745446190237999
EFH,quarterly,2022,2,,Wiesbaden,80.06546211242676,0.2413908801972866
EFH,quarterly,2022,3,,Wiesbaden,74.45086669921875,0.2123999148607254
EFH,quarterly,2022,4,,Wiesbaden,76.46259880065918,0.18200449645519257
EFH,quarterly,2023,1,,Wiesbaden,80.82077980041504,0.1530904583632946
EFH,quarterly,2023,2,,Wiesbaden,90.73590087890625,0.12713180109858513
EFH,quarterly,2023,3,,Wiesbaden,96.60014724731445,0.12713180109858513
EFH,quarterly,2023,4,,Wiesbaden,99.27667236328125,0.12362570315599442
EFH,quarterly,2024,1,,Wiesbaden,105.82444953918457,0.13392488658428192
EFH,quarterly,2024,2,,Wiesbaden,107.37276840209961,0.13812656700611115
EFH,quarterly,2024,3,,Wiesbaden,111.12132263183594,0.13996480405330658
EFH,quarterly,2024,4,,Wiesbaden,109.63571548461914,0.14356328919529915
EFH,quarterly,2025,1,,Wiesbaden,111.31499862670898,0.12800998613238335
EFH,quarterly,2025,2,,Wiesbaden,102.39980125427246,0.13807034492492676
EFH,quarterly,2025,3,,Wiesbaden,97.3654727935791,0.13369832374155521
EFH,quarterly,2025,4,,Wiesbaden,99.47654151916504,0.14051650650799274
EFH,quarterly,2026,1,,Wiesbaden,95.99464225769043,0.14599213562905788
ETW,quarterly,2012,1,,Berlin,,
ETW,quarterly,2012,2,,Berlin,,
ETW,quarterly,2012,3,,Berlin,,
ETW,quarterly,2012,4,,Berlin,79.71735286712646,0.18888055346906185
ETW,quarterly,2013,1,,Berlin,91.66649436950684,0.14622224681079388
ETW,quarterly,2013,2,,Berlin,93.7199592590332,0.14982255920767784
ETW,quarterly,2013,3,,Berlin,100.70317077636719,0.15458129718899727
ETW,quarterly,2013,4,,Berlin,104.23879814147949,0.1521446481347084
ETW,quarterly,2014,1,,Berlin,100.52919387817383,0.15389204770326614
ETW,quarterly,2014,2,,Berlin,97.81513214111328,0.16226229444146156
ETW,quarterly,2014,3,,Berlin,94.21894454956055,0.16467970237135887
ETW,quarterly,2014,4,,Berlin,91.72351837158203,0.17272910475730896
ETW,quarterly,2015,1,,Berlin,94.16978073120117,0.1822652593255043
ETW,quarterly,2015,2,,Berlin,94.12532806396484,0.19714025408029556
ETW,quarterly,2015,3,,Berlin,91.89155197143555,0.20179687812924385
ETW,quarterly,2015,4,,Berlin,88.71858024597168,0.20356355980038643
ETW,quarterly,2016,1,,Berlin,88.61442947387695,0.19457148388028145
ETW,quarterly,2016,2,,Berlin,90.60371780395508,0.18395612388849258
ETW,quarterly,2016,3,,Berlin,91.74127578735352,0.1861448995769024
ETW,quarterly,2016,4,,Berlin,91.92298889160156,0.19140761718153954
ETW,quarterly,2017,1,,Berlin,91.36066246032715,0.1871834360063076
ETW,quarterly,2017,2,,Berlin,87.25328636169434,0.2019248865544796
ETW,quarterly,2017,3,,Berlin,84.11565399169922,0.21683687716722488
ETW,quarterly,2017,4,,Berlin,83.05437469482422,0.2241579182446003
ETW,quarterly,2018,1,,Berlin,80.24464988708496,0.24287813156843185
ETW,quarterly,2018,2,,Berlin,80.31192588806152,0.23539965227246284
ETW,quarterly,2018,3,,Berlin,82.69182205200195,0.22414769604802132
ETW,quarterly,2018,4,,Berlin,82.38672065734863,0.21824586763978004
ETW,quarterly,2019,1,,Berlin,84.61730003356934,0.2068532519042492
ETW,quarterly,2019,2,,Berlin,86.58590698242188,0.2008199840784073
ETW,quarterly,2019,3,,Berlin,85.4590015411377,0.20278262346982956
ETW,quarterly,2019,4,,Berlin,86.67893028259277,0.19417710974812508
ETW,quarterly,2020,1,,Berlin,85.75076293945312,0.19202100485563278
ETW,quarterly,2020,2,,Berlin,89.55867195129395,0.18308069184422493
ETW,quarterly,2020,3,,Berlin,94.86553192138672,0.16898836567997932
ETW,quarterly,2020,4,,Berlin,96.67694091796875,0.16231244057416916
ETW,quarterly,2021,1,,Berlin,97.40826606750488,0.164026889950037
ETW,quarterly,2021,2,,Berlin,93.94085693359375,0.18915783241391182
ETW,quarterly,2021,3,,Berlin,94.30120658874512,0.19261450693011284
ETW,quarterly,2021,4,,Berlin,95.97459983825684,0.19139715656638145
ETW,quarterly,2022,1,,Berlin,95.48301315307617,0.19339795410633087
ETW,quarterly,2022,2,,Berlin,93.35095596313477,0.18300890550017357
ETW,quarterly,2022,3,,Berlin,86.02925491333008,0.18258024752140045
ETW,quarterly,2022,4,,Berlin,81.90556716918945,0.1805858500301838
ETW,quarterly,2023,1,,Berlin,84.20233345031738,0.16287557780742645
ETW,quarterly,2023,2,,Berlin,88.5471420288086,0.14757905900478363
ETW,quarterly,2023,3,,Berlin,92.98565864562988,0.1398332417011261
ETW,quarterly,2023,4,,Berlin,96.13733673095703,0.1354247983545065
ETW,quarterly,2024,1,,Berlin,101.75759696960449,0.1244458369910717
ETW,quarterly,2024,2,,Berlin,112.06457328796387,0.1101392675191164
ETW,quarterly,2024,3,,Berlin,116.76948738098145,0.1079560425132513
ETW,quarterly,2024,4,,Berlin,118.04411315917969,0.1074218600988388
ETW,quarterly,2025,1,,Berlin,112.28567123413086,0.1236670333892107
ETW,quarterly,2025,2,,Berlin,100.27644157409668,0.14103372395038605
ETW,quarterly,2025,3,,Berlin,95.42794799804688,0.14368873089551926
ETW,quarterly,2025,4,,Berlin,94.32232475280762,0.14726611226797104
ETW,quarterly,2026,1,,Berlin,95.1688117980957,0.14370926842093468
ETW,quarterly,2012,1,,Bocholt,,
ETW,quarterly,2012,2,,Bocholt,,
ETW,quarterly,2012,3,,Bocholt,,
ETW,quarterly,2012,4,,Bocholt,86.50833415985107,0.09715539030730724
ETW,quarterly,2013,1,,Bocholt,100.91959571838379,0.10751575045287609
ETW,quarterly,2013,2,,Bocholt,100.9255485534668,0.084646075963974
ETW,quarterly,2013,3,,Bocholt,105.49221611022949,0.06678893230855465
ETW,quarterly,2013,4,,Bocholt,102.43695259094238,0.05678893253207207
ETW,quarterly,2014,1,,Bocholt,99.04584693908691,0.06464562751352787
ETW,quarterly,2014,2,,Bocholt,105.17057609558105,0.06329281441867352
ETW,quarterly,2014,3,,Bocholt,99.50163650512695,0.08602008782327175
ETW,quarterly,2014,4,,Bocholt,88.17912101745605,0.16935342364013195
ETW,quarterly,2015,1,,Bocholt,83.59281921386719,0.15009470097720623
ETW,quarterly,2015,2,,Bocholt,83.33282661437988,0.13892698846757412
ETW,quarterly,2015,3,,Bocholt,79.5529556274414,0.15905685909092426
ETW,quarterly,2015,4,,Bocholt,86.77239990234375,0.10176518931984901
ETW,quarterly,2016,1,,Bocholt,90.94806861877441,0.13614019006490707
ETW,quarterly,2016,2,,Bocholt,101.99880790710449,0.14032738283276558
ETW,quarterly,2016,3,,Bocholt,97.15773677825928,0.1510416679084301
ETW,quarterly,2016,4,,Bocholt,88.59020900726318,0.15086207166314125
ETW,quarterly,2017,1,,Bocholt,83.92970561981201,0.14497971907258034
ETW,quarterly,2017,2,,Bocholt,76.4666109085083,0.1568844821304083
ETW,quarterly,2017,3,,Bocholt,92.35649108886719,0.1449797209352255
ETW,quarterly,2017,4,,Bocholt,102.8428783416748,0.15859133377671242
ETW,quarterly,2018,1,,Bocholt,108.97334671020508,0.15934548154473305
ETW,quarterly,2018,2,,Bocholt,105.76501274108887,0.15542391128838062
ETW,quarterly,2018,3,,Bocholt,95.18264961242676,0.17189677990972996
ETW,quarterly,2018,4,,Bocholt,87.97212409973145,0.18066870979964733
ETW,quarterly,2019,1,,Bocholt,82.24219703674316,0.16869165189564228
ETW,quarterly,2019,2,,Bocholt,84.80671310424805,0.17153795063495636
ETW,quarterly,2019,3,,Bocholt,90.36371421813965,0.14600710943341255
ETW,quarterly,2019,4,,Bocholt,92.97661781311035,0.15421310812234879
ETW,quarterly,2020,1,,Bocholt,93.75622367858887,0.20465170592069626
ETW,quarterly,2020,2,,Bocholt,85.41897964477539,0.21784818917512894
ETW,quarterly,2020,3,,Bocholt,77.98080062866211,0.2633644938468933
ETW,quarterly,2020,4,,Bocholt,67.4512300491333,0.26643669232726097
ETW,quarterly,2021,1,,Bocholt,65.98873043060303,0.2206033580005169
ETW,quarterly,2021,2,,Bocholt,55.32964038848877,0.31151245161890984
ETW,quarterly,2021,3,,Bocholt,50.639015197753906,0.3083874545991421
ETW,quarterly,2021,4,,Bocholt,54.28484916687012,0.2974747568368912
ETW,quarterly,2022,1,,Bocholt,48.38623809814453,0.32941920310258865
ETW,quarterly,2022,2,,Bocholt,48.48472261428833,0.29305556416511536
ETW,quarterly,2022,3,,Bocholt,57.16244077682495,0.25066425651311874
ETW,quarterly,2022,4,,Bocholt,60.53904390335083,0.24051468446850777
ETW,quarterly,2023,1,,Bocholt,83.20886659622192,0.18622175231575966
ETW,quarterly,2023,2,,Bocholt,92.53029441833496,0.11003127507865429
ETW,quarterly,2023,3,,Bocholt,96.89216041564941,0.08263091323897243
ETW,quarterly,2023,4,,Bocholt,102.14353370666504,0.0798836606554687
ETW,quarterly,2024,1,,Bocholt,95.2423210144043,0.07973214471712708
ETW,quarterly,2024,2,,Bocholt,116.11387634277344,0.07346648024395108
ETW,quarterly,2024,3,,Bocholt,111.58054161071777,0.09325814712792635
ETW,quarterly,2024,4,,Bocholt,110.63411331176758,0.10218671802431345
ETW,quarterly,2025,1,,Bocholt,102.32244682312012,0.1455200519412756
ETW,quarterly,2025,2,,Bocholt,80.46955299377441,0.18878700397908688
ETW,quarterly,2025,3,,Bocholt,74.75227355957031,0.25202229991555214
ETW,quarterly,2025,4,,Bocholt,83.58155822753906,0.21737944148480892
ETW,quarterly,2026,1,,Bocholt,84.83989143371582,0.17756462655961514
ETW,quarterly,2012,1,,Bochum,,
ETW,quarterly,2012,2,,Bochum,,
ETW,quarterly,2012,3,,Bochum,,
ETW,quarterly,2012,4,,Bochum,88.89630794525146,0.12068608961999416
ETW,quarterly,2013,1,,Bochum,101.07504653930664,0.09633241035044193
ETW,quarterly,2013,2,,Bochum,102.80025863647461,0.0848459517583251
ETW,quarterly,2013,3,,Bochum,109.16687393188477,0.10272911284118891
ETW,quarterly,2013,4,,Bochum,113.30201530456543,0.10995436739176512
ETW,quarterly,2014,1,,Bochum,110.02360916137695,0.12058987375348806
ETW,quarterly,2014,2,,Bochum,112.49812316894531,0.1391521953046322
ETW,quarterly,2014,3,,Bochum,109.04410552978516,0.1414424180984497
ETW,quarterly,2014,4,,Bochum,105.18959045410156,0.15272068791091442
ETW,quarterly,2015,1,,Bochum,102.40336799621582,0.1551146674901247
ETW,quarterly,2015,2,,Bochum,96.99665069580078,0.16568680852651596
ETW,quarterly,2015,3,,Bochum,92.17436218261719,0.15150355733931065
ETW,quarterly,2015,4,,Bochum,86.43933296203613,0.1576568391174078
ETW,quarterly,2016,1,,Bochum,88.92991065979004,0.1624272633343935
ETW,quarterly,2016,2,,Bochum,88.27102851867676,0.1635707374662161
ETW,quarterly,2016,3,,Bochum,87.3646183013916,0.1967875212430954
ETW,quarterly,2016,4,,Bochum,88.3385009765625,0.2032816931605339
ETW,quarterly,2017,1,,Bochum,87.0682487487793,0.17922736331820488
ETW,quarterly,2017,2,,Bochum,81.23279190063477,0.19146160036325455
ETW,quarterly,2017,3,,Bochum,82.23223686218262,0.1760195791721344
ETW,quarterly,2017,4,,Bochum,82.49279022216797,0.17630600556731224
ETW,quarterly,2018,1,,Bochum,79.44585990905762,0.20163509994745255
ETW,quarterly,2018,2,,Bochum,79.39014625549316,0.19327020272612572
ETW,quarterly,2018,3,,Bochum,75.58002281188965,0.20811349898576736
ETW,quarterly,2018,4,,Bochum,74.22529220581055,0.2020786851644516
ETW,quarterly,2019,1,,Bochum,74.02348709106445,0.2008732184767723
ETW,quarterly,2019,2,,Bochum,76.17882537841797,0.20510472357273102
ETW,quarterly,2019,3,,Bochum,79.84302711486816,0.2123231515288353
ETW,quarterly,2019,4,,Bochum,77.94479370117188,0.21588697284460068
ETW,quarterly,2020,1,,Bochum,75.58499908447266,0.23806503787636757
ETW,quarterly,2020,2,,Bochum,73.7058162689209,0.26345114037394524
ETW,quarterly,2020,3,,Bochum,69.66727828979492,0.29467788711190224
ETW,quarterly,2020,4,,Bochum,67.74523544311523,0.3280012160539627
ETW,quarterly,2021,1,,Bochum,62.34480381011963,0.34667038172483444
ETW,quarterly,2021,2,,Bochum,55.862924575805664,0.3747127056121826
ETW,quarterly,2021,3,,Bochum,59.61612892150879,0.33428287506103516
ETW,quarterly,2021,4,,Bochum,59.0398063659668,0.30491068214178085
ETW,quarterly,2022,1,,Bochum,66.20184993743896,0.2975335270166397
ETW,quarterly,2022,2,,Bochum,68.17945384979248,0.2627957686781883
ETW,quarterly,2022,3,,Bochum,65.8218412399292,0.26295240968465805
ETW,quarterly,2022,4,,Bochum,67.10924434661865,0.2416464015841484
ETW,quarterly,2023,1,,Bochum,70.89564609527588,0.1811839509755373
ETW,quarterly,2023,2,,Bochum,80.41939163208008,0.1536178793758154
ETW,quarterly,2023,3,,Bochum,85.06731796264648,0.13350242190063
ETW,quarterly,2023,4,,Bochum,88.27631187438965,0.12658225186169147
ETW,quarterly,2024,1,,Bochum,89.03019332885742,0.11982891149818897
ETW,quarterly,2024,2,,Bochum,96.27107429504395,0.09984610788524151
ETW,quarterly,2024,3,,Bochum,95.97990608215332,0.09092590771615505
ETW,quarterly,2024,4,,Bochum,97.05825424194336,0.0819241926074028
ETW,quarterly,2025,1,,Bochum,92.12920379638672,0.10709930770099163
ETW,quarterly,2025,2,,Bochum,81.02441596984863,0.1423093732446432
ETW,quarterly,2025,3,,Bochum,76.86800765991211,0.15918993391096592
ETW,quarterly,2025,4,,Bochum,74.30205154418945,0.174967423081398
ETW,quarterly,2026,1,,Bochum,75.16348648071289,0.16954299435019493
ETW,quarterly,2012,1,,Bonn,,
ETW,quarterly,2012,2,,Bonn,,
ETW,quarterly,2012,3,,Bonn,,
ETW,quarterly,2012,4,,Bonn,78.66981792449951,0.15354258939623833
ETW,quarterly,2013,1,,Bonn,91.40133094787598,0.11615937203168869
ETW,quarterly,2013,2,,Bonn,97.22480392456055,0.12374575436115265
ETW,quarterly,2013,3,,Bonn,101.7333755493164,0.13333607278764248
ETW,quarterly,2013,4,,Bonn,100.18999481201172,0.13258819468319416
ETW,quarterly,2014,1,,Bonn,93.83285140991211,0.16320043615996838
ETW,quarterly,2014,2,,Bonn,87.27933120727539,0.17822976037859917
ETW,quarterly,2014,3,,Bonn,84.7495231628418,0.18628715351223946
ETW,quarterly,2014,4,,Bonn,84.35549545288086,0.20392755791544914
ETW,quarterly,2015,1,,Bonn,87.0620346069336,0.1808689869940281
ETW,quarterly,2015,2,,Bonn,88.35343551635742,0.18392794206738472
ETW,quarterly,2015,3,,Bonn,85.82573509216309,0.19061413779854774
ETW,quarterly,2015,4,,Bonn,85.14076614379883,0.18558812141418457
ETW,quarterly,2016,1,,Bonn,81.13852882385254,0.19345525279641151
ETW,quarterly,2016,2,,Bonn,80.27002716064453,0.19623085483908653
ETW,quarterly,2016,3,,Bonn,79.19158172607422,0.21020429208874702
ETW,quarterly,2016,4,,Bonn,78.59192276000977,0.21236994490027428
ETW,quarterly,2017,1,,Bonn,80.38925170898438,0.2117302604019642
ETW,quarterly,2017,2,,Bonn,78.2669506072998,0.21719155088067055
ETW,quarterly,2017,3,,Bonn,75.36358833312988,0.22270875424146652
ETW,quarterly,2017,4,,Bonn,71.39567947387695,0.24898994714021683
ETW,quarterly,2018,1,,Bonn,71.21430397033691,0.2598000206053257
ETW,quarterly,2018,2,,Bonn,71.42761421203613,0.2616965062916279
ETW,quarterly,2018,3,,Bonn,72.08483123779297,0.2483568824827671
ETW,quarterly,2018,4,,Bonn,71.18080139160156,0.2394181229174137
ETW,quarterly,2019,1,,Bonn,68.2418327331543,0.2425927259027958
ETW,quarterly,2019,2,,Bonn,68.16156959533691,0.24286314472556114
ETW,quarterly,2019,3,,Bonn,66.06061458587646,0.26840173825621605
ETW,quarterly,2019,4,,Bonn,69.38923740386963,0.26162784174084663
ETW,quarterly,2020,1,,Bonn,65.03118133544922,0.2741278372704983
ETW,quarterly,2020,2,,Bonn,62.76900672912598,0.2832501381635666
ETW,quarterly,2020,3,,Bonn,66.5336275100708,0.26636704057455063
ETW,quarterly,2020,4,,Bonn,62.96517753601074,0.30236348509788513
ETW,quarterly,2021,1,,Bonn,62.57077980041504,0.33057937026023865
ETW,quarterly,2021,2,,Bonn,57.968544006347656,0.37588437646627426
ETW,quarterly,2021,3,,Bonn,58.397769927978516,0.3802052438259125
ETW,quarterly,2021,4,,Bonn,58.313361167907715,0.3606412783265114
ETW,quarterly,2022,1,,Bonn,59.1922607421875,0.3399064540863037
ETW,quarterly,2022,2,,Bonn,63.00840091705322,0.2953698933124542
ETW,quarterly,2022,3,,Bonn,60.90697765350342,0.26914919540286064
ETW,quarterly,2022,4,,Bonn,63.8870153427124,0.23305518552660942
ETW,quarterly,2023,1,,Bonn,75.4787950515747,0.17679419927299023
ETW,quarterly,2023,2,,Bonn,80.21114921569824,0.16557121835649014
ETW,quarterly,2023,3,,Bonn,85.3681411743164,0.16321422345936298
ETW,quarterly,2023,4,,Bonn,87.49505424499512,0.15954888425767422
ETW,quarterly,2024,1,,Bonn,89.79585647583008,0.1520788110792637
ETW,quarterly,2024,2,,Bonn,101.97224998474121,0.11687005124986172
ETW,quarterly,2024,3,,Bonn,107.94950103759766,0.10593331418931484
ETW,quarterly,2024,4,,Bonn,110.63533401489258,0.10076400265097618
ETW,quarterly,2025,1,,Bonn,104.14557838439941,0.12578243762254715
ETW,quarterly,2025,2,,Bonn,95.39507865905762,0.14245963655412197
ETW,quarterly,2025,3,,Bonn,90.54962730407715,0.14155547693371773
ETW,quarterly,2025,4,,Bonn,86.7564926147461,0.1511900182813406
ETW,quarterly,2026,1,,Bonn,87.69178581237793,0.14285887591540813
ETW,quarterly,2012,1,,Chemnitz,,
ETW,quarterly,2012,2,,Chemnitz,,
ETW,quarterly,2012,3,,Chemnitz,,
ETW,quarterly,2012,4,,Chemnitz,107.07623863220215,0.10951173398643732
ETW,quarterly,2013,1,,Chemnitz,120.28714942932129,0.07978612277656794
ETW,quarterly,2013,2,,Chemnitz,119.70172309875488,0.08752038888633251
ETW,quarterly,2013,3,,Chemnitz,134.96322441101074,0.0813284395262599
ETW,quarterly,2013,4,,Chemnitz,138.66659927368164,0.06797857023775578
ETW,quarterly,2014,1,,Chemnitz,141.36657905578613,0.06428762525320053
ETW,quarterly,2014,2,,Chemnitz,137.69000625610352,0.0665822047740221
ETW,quarterly,2014,3,,Chemnitz,121.89372444152832,0.07805123645812273
ETW,quarterly,2014,4,,Chemnitz,117.51580810546875,0.09578137844800949
ETW,quarterly,2015,1,,Chemnitz,110.82949638366699,0.11053001694381237
ETW,quarterly,2015,2,,Chemnitz,114.90641975402832,0.10980886407196522
ETW,quarterly,2015,3,,Chemnitz,119.98631286621094,0.11921693198382854
ETW,quarterly,2015,4,,Chemnitz,118.04159927368164,0.1110713854432106
ETW,quarterly,2016,1,,Chemnitz,118.12411689758301,0.10285460203886032
ETW,quarterly,2016,2,,Chemnitz,112.05645370483398,0.1056086365133524
ETW,quarterly,2016,3,,Chemnitz,110.05171775817871,0.10113202035427094
ETW,quarterly,2016,4,,Chemnitz,114.5176887512207,0.10609394311904907
ETW,quarterly,2017,1,,Chemnitz,115.91424751281738,0.09978081099689007
ETW,quarterly,2017,2,,Chemnitz,118.33723068237305,0.1007471214979887
ETW,quarterly,2017,3,,Chemnitz,118.20378303527832,0.09393785707652569
ETW,quarterly,2017,4,,Chemnitz,116.73890686035156,0.1059597060084343
ETW,quarterly,2018,1,,Chemnitz,115.38058662414551,0.12679303996264935
ETW,quarterly,2018,2,,Chemnitz,115.62345886230469,0.12765440344810486
ETW,quarterly,2018,3,,Chemnitz,111.83479499816895,0.141642352566123
ETW,quarterly,2018,4,,Chemnitz,105.7923812866211,0.1329493150115013
ETW,quarterly,2019,1,,Chemnitz,107.07516479492188,0.11085335537791252
ETW,quarterly,2019,2,,Chemnitz,104.72083854675293,0.11853384599089622
ETW,quarterly,2019,3,,Chemnitz,106.97638130187988,0.11338411830365658
ETW,quarterly,2019,4,,Chemnitz,108.49166297912598,0.11937759071588516
ETW,quarterly,2020,1,,Chemnitz,100.8880672454834,0.14520900696516037
ETW,quarterly,2020,2,,Chemnitz,101.85233306884766,0.15253948234021664
ETW,quarterly,2020,3,,Chemnitz,94.71276473999023,0.18628232926130295
ETW,quarterly,2020,4,,Chemnitz,84.6296272277832,0.2302045226097107
ETW,quarterly,2021,1,,Chemnitz,80.9941349029541,0.25485070422291756
ETW,quarterly,2021,2,,Chemnitz,73.98144721984863,0.29821349680423737
ETW,quarterly,2021,3,,Chemnitz,76.87800407409668,0.2903031185269356
ETW,quarterly,2021,4,,Chemnitz,83.18118286132812,0.2635525204241276
ETW,quarterly,2022,1,,Chemnitz,88.57353973388672,0.23778927698731422
ETW,quarterly,2022,2,,Chemnitz,87.71015930175781,0.215129803866148
ETW,quarterly,2022,3,,Chemnitz,85.66596221923828,0.18477800488471985
ETW,quarterly,2022,4,,Chemnitz,83.42119789123535,0.17496583238244057
ETW,quarterly,2023,1,,Chemnitz,86.03667449951172,0.14509310945868492
ETW,quarterly,2023,2,,Chemnitz,98.43537902832031,0.104316346347332
ETW,quarterly,2023,3,,Chemnitz,104.09478569030762,0.09823388606309891
ETW,quarterly,2023,4,,Chemnitz,108.68489837646484,0.08250175043940544
ETW,quarterly,2024,1,,Chemnitz,113.56001281738281,0.07750010676681995
ETW,quarterly,2024,2,,Chemnitz,118.72330284118652,0.08076246827840805
ETW,quarterly,2024,3,,Chemnitz,122.85733032226562,0.07588533218950033
ETW,quarterly,2024,4,,Chemnitz,121.54479598999023,0.08064581546932459
ETW,quarterly,2025,1,,Chemnitz,113.46915245056152,0.10344730224460363
ETW,quarterly,2025,2,,Chemnitz,103.67615509033203,0.09981892164796591
ETW,quarterly,2025,3,,Chemnitz,100.76274871826172,0.11270647868514061
ETW,quarterly,2025,4,,Chemnitz,101.95222091674805,0.11294510774314404
ETW,quarterly,2026,1,,Chemnitz,107.77293968200684,0.09326899982988834
ETW,quarterly,2012,1,,Dortmund,,
ETW,quarterly,2012,2,,Dortmund,,
ETW,quarterly,2012,3,,Dortmund,,
ETW,quarterly,2012,4,,Dortmund,90.72549438476562,0.12661872245371342
ETW,quarterly,2013,1,,Dortmund,104.37178230285645,0.10268476791679859
ETW,quarterly,2013,2,,Dortmund,110.2280216217041,0.10926089622080326
ETW,quarterly,2013,3,,Dortmund,114.89134979248047,0.112903892993927
ETW,quarterly,2013,4,,Dortmund,115.85451316833496,0.10951946675777435
ETW,quarterly,2014,1,,Dortmund,108.72254180908203,0.11863396316766739
ETW,quarterly,2014,2,,Dortmund,101.98323822021484,0.11951554752886295
ETW,quarterly,2014,3,,Dortmund,98.06684112548828,0.12259571067988873
ETW,quarterly,2014,4,,Dortmund,94.97248458862305,0.14212440699338913
ETW,quarterly,2015,1,,Dortmund,92.11335754394531,0.14634858816862106
ETW,quarterly,2015,2,,Dortmund,89.19599914550781,0.15221170708537102
ETW,quarterly,2015,3,,Dortmund,85.1087532043457,0.16418224200606346
ETW,quarterly,2015,4,,Dortmund,81.43441009521484,0.1617162674665451
ETW,quarterly,2016,1,,Dortmund,83.86588478088379,0.1547718234360218
ETW,quarterly,2016,2,,Dortmund,85.56034278869629,0.1556319296360016
ETW,quarterly,2016,3,,Dortmund,93.37095832824707,0.1591547653079033
ETW,quarterly,2016,4,,Dortmund,94.55769157409668,0.17005630210042
ETW,quarterly,2017,1,,Dortmund,94.57401084899902,0.18041837960481644
ETW,quarterly,2017,2,,Dortmund,92.23882675170898,0.19436189532279968
ETW,quarterly,2017,3,,Dortmund,85.02458572387695,0.21149926260113716
ETW,quarterly,2017,4,,Dortmund,83.01655960083008,0.21645142510533333
ETW,quarterly,2018,1,,Dortmund,78.00570869445801,0.22665705531835556
ETW,quarterly,2018,2,,Dortmund,77.3226146697998,0.23522419854998589
ETW,quarterly,2018,3,,Dortmund,74.95597267150879,0.23936258628964424
ETW,quarterly,2018,4,,Dortmund,75.16972732543945,0.22366772964596748
ETW,quarterly,2019,1,,Dortmund,78.74850654602051,0.20612597092986107
ETW,quarterly,2019,2,,Dortmund,81.26088905334473,0.19571469724178314
ETW,quarterly,2019,3,,Dortmund,81.85248374938965,0.1815093271434307
ETW,quarterly,2019,4,,Dortmund,81.63565254211426,0.19844505935907364
ETW,quarterly,2020,1,,Dortmund,76.34321022033691,0.22807689383625984
ETW,quarterly,2020,2,,Dortmund,70.55591583251953,0.2567840665578842
ETW,quarterly,2020,3,,Dortmund,68.01072692871094,0.27828194573521614
ETW,quarterly,2020,4,,Dortmund,62.23983860015869,0.29524483531713486
ETW,quarterly,2021,1,,Dortmund,57.049421310424805,0.32621702551841736
ETW,quarterly,2021,2,,Dortmund,53.03741264343262,0.37654726207256317
ETW,quarterly,2021,3,,Dortmund,55.47905349731445,0.3685789704322815
ETW,quarterly,2021,4,,Dortmund,57.85342311859131,0.35527995601296425
ETW,quarterly,2022,1,,Dortmund,64.82026290893555,0.3219657875597477
ETW,quarterly,2022,2,,Dortmund,66.92253112792969,0.2536229342222214
ETW,quarterly,2022,3,,Dortmund,64.20215606689453,0.2370137870311737
ETW,quarterly,2022,4,,Dortmund,64.44726753234863,0.21662456169724464
ETW,quarterly,2023,1,,Dortmund,67.88637351989746,0.17528092302381992
ETW,quarterly,2023,2,,Dortmund,78.7615795135498,0.14125706255435944
ETW,quarterly,2023,3,,Dortmund,82.30275535583496,0.12602734938263893
ETW,quarterly,2023,4,,Dortmund,84.82632446289062,0.12400824204087257
ETW,quarterly,2024,1,,Dortmund,87.4770336151123,0.11721155233681202
ETW,quarterly,2024,2,,Dortmund,93.17241668701172,0.11080193147063255
ETW,quarterly,2024,3,,Dortmund,99.78804016113281,0.10781808383762836
ETW,quarterly,2024,4,,Dortmund,100.86710166931152,0.10092131048440933
ETW,quarterly,2025,1,,Dortmund,95.51544952392578,0.1380482316017151
ETW,quarterly,2025,2,,Dortmund,83.18600273132324,0.16580940410494804
ETW,quarterly,2025,3,,Dortmund,76.82721900939941,0.16787566803395748
ETW,quarterly,2025,4,,Dortmund,78.55672454833984,0.16468637250363827
ETW,quarterly,2026,1,,Dortmund,80.64520263671875,0.15073352120816708
ETW,quarterly,2012,1,,Dresden,,
ETW,quarterly,2012,2,,Dresden,,
ETW,quarterly,2012,3,,Dresden,,
ETW,quarterly,2012,4,,Dresden,108.62799072265625,0.09902370441704988
ETW,quarterly,2013,1,,Dresden,123.08031463623047,0.07147474307566881
ETW,quarterly,2013,2,,Dresden,125.17424964904785,0.07150253280997276
ETW,quarterly,2013,3,,Dresden,130.53221130371094,0.07505828700959682
ETW,quarterly,2013,4,,Dresden,133.32705116271973,0.07586014457046986
ETW,quarterly,2014,1,,Dresden,124.63922500610352,0.10028517432510853
ETW,quarterly,2014,2,,Dresden,119.71321487426758,0.10787172801792622
ETW,quarterly,2014,3,,Dresden,112.9949836730957,0.11423875391483307
ETW,quarterly,2014,4,,Dresden,104.94477462768555,0.12659413740038872
ETW,quarterly,2015,1,,Dresden,108.80761337280273,0.11245874688029289
ETW,quarterly,2015,2,,Dresden,114.27712821960449,0.11767291836440563
ETW,quarterly,2015,3,,Dresden,115.41299819946289,0.12210974469780922
ETW,quarterly,2015,4,,Dresden,116.25131797790527,0.10659017413854599
ETW,quarterly,2016,1,,Dresden,113.43634223937988,0.10230092518031597
ETW,quarterly,2016,2,,Dresden,105.24154853820801,0.11534011363983154
ETW,quarterly,2016,3,,Dresden,106.3890380859375,0.10958770103752613
ETW,quarterly,2016,4,,Dresden,104.0356330871582,0.13352815248072147
ETW,quarterly,2017,1,,Dresden,106.03851890563965,0.13899783417582512
ETW,quarterly,2017,2,,Dresden,109.52038764953613,0.13187800347805023
ETW,quarterly,2017,3,,Dresden,110.36475563049316,0.14199848845601082
ETW,quarterly,2017,4,,Dresden,111.01382064819336,0.13891110569238663
ETW,quarterly,2018,1,,Dresden,105.29369735717773,0.15746910125017166
ETW,quarterly,2018,2,,Dresden,101.74860954284668,0.15803886950016022
ETW,quarterly,2018,3,,Dresden,97.47832107543945,0.17303813993930817
ETW,quarterly,2018,4,,Dresden,93.27848052978516,0.17711661383509636
ETW,quarterly,2019,1,,Dresden,93.95149421691895,0.1656319573521614
ETW,quarterly,2019,2,,Dresden,94.15795707702637,0.16414432227611542
ETW,quarterly,2019,3,,Dresden,95.8504867553711,0.15514106675982475
ETW,quarterly,2019,4,,Dresden,102.23426628112793,0.14456359297037125
ETW,quarterly,2020,1,,Dresden,100.64263534545898,0.15425073355436325
ETW,quarterly,2020,2,,Dresden,101.41973495483398,0.15646842867136002
ETW,quarterly,2020,3,,Dresden,97.49142265319824,0.17123113572597504
ETW,quarterly,2020,4,,Dresden,91.12735748291016,0.18880044668912888
ETW,quarterly,2021,1,,Dresden,94.4826431274414,0.198839720338583
ETW,quarterly,2021,2,,Dresden,88.89946365356445,0.25230568647384644
ETW,quarterly,2021,3,,Dresden,93.44755554199219,0.23870842158794403
ETW,quarterly,2021,4,,Dresden,93.94167137145996,0.24116075411438942
ETW,quarterly,2022,1,,Dresden,85.78967475891113,0.2560296580195427
ETW,quarterly,2022,2,,Dresden,85.46014404296875,0.21792567893862724
ETW,quarterly,2022,3,,Dresden,76.64127349853516,0.21544025838375092
ETW,quarterly,2022,4,,Dresden,79.95377349853516,0.18973679654300213
ETW,quarterly,2023,1,,Dresden,88.9727725982666,0.1365494392812252
ETW,quarterly,2023,2,,Dresden,97.40375137329102,0.11411414109170437
ETW,quarterly,2023,3,,Dresden,106.40528678894043,0.0938811581581831
ETW,quarterly,2023,4,,Dresden,108.09156227111816,0.0912314411252737
ETW,quarterly,2024,1,,Dresden,112.4479866027832,0.09075312502682209
ETW,quarterly,2024,2,,Dresden,121.77029609680176,0.07799290679395199
ETW,quarterly,2024,3,,Dresden,125.56050300598145,0.09274790622293949
ETW,quarterly,2024,4,,Dresden,120.61892318725586,0.10742562636733055
ETW,quarterly,2025,1,,Dresden,110.8431282043457,0.13083751685917377
ETW,quarterly,2025,2,,Dresden,98.66693687438965,0.15459616854786873
ETW,quarterly,2025,3,,Dresden,92.33369445800781,0.16012179851531982
ETW,quarterly,2025,4,,Dresden,97.8524055480957,0.15019955672323704
ETW,quarterly,2026,1,,Dresden,103.06180572509766,0.145260626450181
ETW,quarterly,2012,1,,Duisburg,,
ETW,quarterly,2012,2,,Duisburg,,
ETW,quarterly,2012,3,,Duisburg,,
ETW,quarterly,2012,4,,Duisburg,95.86004066467285,0.11307212803512812
ETW,quarterly,2013,1,,Duisburg,113.71941947937012,0.07596568297594786
ETW,quarterly,2013,2,,Duisburg,121.65643310546875,0.0744107598438859
ETW,quarterly,2013,3,,Duisburg,128.01344108581543,0.08810799941420555
ETW,quarterly,2013,4,,Duisburg,130.19227981567383,0.09031123295426369
ETW,quarterly,2014,1,,Duisburg,121.78116989135742,0.09980395808815956
ETW,quarterly,2014,2,,Duisburg,119.35096168518066,0.09840455278754234
ETW,quarterly,2014,3,,Duisburg,112.79131317138672,0.09331645630300045
ETW,quarterly,2014,4,,Duisburg,107.32183837890625,0.1036949660629034
ETW,quarterly,2015,1,,Duisburg,105.47064208984375,0.11565133929252625
ETW,quarterly,2015,2,,Duisburg,101.37934875488281,0.1300960388034582
ETW,quarterly,2015,3,,Duisburg,97.29779434204102,0.1396897565573454
ETW,quarterly,2015,4,,Duisburg,95.64774131774902,0.14154544845223427
ETW,quarterly,2016,1,,Duisburg,94.20527267456055,0.14117613807320595
ETW,quarterly,2016,2,,Duisburg,96.8710880279541,0.13113738037645817
ETW,quarterly,2016,3,,Duisburg,103.43792343139648,0.13670465536415577
ETW,quarterly,2016,4,,Duisburg,103.14834022521973,0.13801959343254566
ETW,quarterly,2017,1,,Duisburg,103.98337364196777,0.13541271351277828
ETW,quarterly,2017,2,,Duisburg,97.12429618835449,0.1541273482143879
ETW,quarterly,2017,3,,Duisburg,92.70398712158203,0.14690976403653622
ETW,quarterly,2017,4,,Duisburg,91.08220291137695,0.1585873793810606
ETW,quarterly,2018,1,,Duisburg,87.12093925476074,0.1701043639332056
ETW,quarterly,2018,2,,Duisburg,88.82894515991211,0.16323496587574482
ETW,quarterly,2018,3,,Duisburg,87.52973937988281,0.1794636845588684
ETW,quarterly,2018,4,,Duisburg,85.63332939147949,0.17734044417738914
ETW,quarterly,2019,1,,Duisburg,85.83318901062012,0.16275012120604515
ETW,quarterly,2019,2,,Duisburg,86.31770324707031,0.16519450023770332
ETW,quarterly,2019,3,,Duisburg,86.67295265197754,0.1567283198237419
ETW,quarterly,2019,4,,Duisburg,85.71876907348633,0.15721982717514038
ETW,quarterly,2020,1,,Duisburg,79.05383682250977,0.20334599912166595
ETW,quarterly,2020,2,,Duisburg,73.63772201538086,0.22550037875771523
ETW,quarterly,2020,3,,Duisburg,70.01654243469238,0.2595613859593868
ETW,quarterly,2020,4,,Duisburg,66.69262313842773,0.28743093460798264
ETW,quarterly,2021,1,,Duisburg,66.66545677185059,0.3043229803442955
ETW,quarterly,2021,2,,Duisburg,64.19836902618408,0.32890307903289795
ETW,quarterly,2021,3,,Duisburg,68.3938798904419,0.30587198585271835
ETW,quarterly,2021,4,,Duisburg,71.7174940109253,0.28675469756126404
ETW,quarterly,2022,1,,Duisburg,72.82281017303467,0.26083801686763763
ETW,quarterly,2022,2,,Duisburg,75.93069076538086,0.2315242551267147
ETW,quarterly,2022,3,,Duisburg,70.30067443847656,0.2212309055030346
ETW,quarterly,2022,4,,Duisburg,69.89629745483398,0.20451532676815987
ETW,quarterly,2023,1,,Duisburg,75.79177474975586,0.16825498268008232
ETW,quarterly,2023,2,,Duisburg,82.37252235412598,0.13649185933172703
ETW,quarterly,2023,3,,Duisburg,90.11424827575684,0.13064579851925373
ETW,quarterly,2023,4,,Duisburg,95.97695541381836,0.12234673649072647
ETW,quarterly,2024,1,,Duisburg,98.93349266052246,0.11119888909161091
ETW,quarterly,2024,2,,Duisburg,101.95600509643555,0.1084117665886879
ETW,quarterly,2024,3,,Duisburg,104.90887069702148,0.11149797588586807
ETW,quarterly,2024,4,,Duisburg,104.46713829040527,0.11711094714701176
ETW,quarterly,2025,1,,Duisburg,101.85383796691895,0.12490694597363472
ETW,quarterly,2025,2,,Duisburg,95.51496696472168,0.12793063558638096
ETW,quarterly,2025,3,,Duisburg,88.21722793579102,0.11678393743932247
ETW,quarterly,2025,4,,Duisburg,84.82082176208496,0.12297043763101101
ETW,quarterly,2026,1,,Duisburg,82.44622993469238,0.14170007966458797
ETW,quarterly,2012,1,,Düsseldorf,,
ETW,quarterly,2012,2,,Düsseldorf,,
ETW,quarterly,2012,3,,Düsseldorf,,
ETW,quarterly,2012,4,,Düsseldorf,70.37764072418213,0.18632728420197964
ETW,quarterly,2013,1,,Düsseldorf,82.91158676147461,0.1518311481922865
ETW,quarterly,2013,2,,Düsseldorf,87.36400985717773,0.14359798841178417
ETW,quarterly,2013,3,,Düsseldorf,94.17160224914551,0.15356865525245667
ETW,quarterly,2013,4,,Düsseldorf,96.30588340759277,0.15446782484650612
ETW,quarterly,2014,1,,Düsseldorf,89.89340591430664,0.16267284378409386
ETW,quarterly,2014,2,,Düsseldorf,87.05543327331543,0.17040205374360085
ETW,quarterly,2014,3,,Düsseldorf,81.39033317565918,0.17928749695420265
ETW,quarterly,2014,4,,Düsseldorf,78.23161315917969,0.1871018186211586
ETW,quarterly,2015,1,,Düsseldorf,83.21958541870117,0.18285933509469032
ETW,quarterly,2015,2,,Düsseldorf,85.4278678894043,0.1939161792397499
ETW,quarterly,2015,3,,Düsseldorf,85.79841423034668,0.1928517185151577
ETW,quarterly,2015,4,,Düsseldorf,84.48571586608887,0.19405564293265343
ETW,quarterly,2016,1,,Düsseldorf,82.50786590576172,0.19292661920189857
ETW,quarterly,2016,2,,Düsseldorf,80.15350914001465,0.1983655020594597
ETW,quarterly,2016,3,,Düsseldorf,77.2885971069336,0.2169424220919609
ETW,quarterly,2016,4,,Düsseldorf,76.16290092468262,0.22960733622312546
ETW,quarterly,2017,1,,Düsseldorf,74.26694107055664,0.23668697848916054
ETW,quarterly,2017,2,,Düsseldorf,70.81546020507812,0.2659119814634323
ETW,quarterly,2017,3,,Düsseldorf,69.11678314208984,0.2752002775669098
ETW,quarterly,2017,4,,Düsseldorf,68.1635913848877,0.29304338991642
ETW,quarterly,2018,1,,Düsseldorf,65.45812797546387,0.3145577907562256
ETW,quarterly,2018,2,,Düsseldorf,64.56171798706055,0.29219844192266464
ETW,quarterly,2018,3,,Düsseldorf,66.5506477355957,0.28095783293247223
ETW,quarterly,2018,4,,Düsseldorf,66.95927810668945,0.2634723298251629
ETW,quarterly,2019,1,,Düsseldorf,67.70425033569336,0.2502495236694813
ETW,quarterly,2019,2,,Düsseldorf,69.5199203491211,0.24606898799538612
ETW,quarterly,2019,3,,Düsseldorf,67.0775957107544,0.25080515816807747
ETW,quarterly,2019,4,,Düsseldorf,66.8133955001831,0.2635168060660362
ETW,quarterly,2020,1,,Düsseldorf,63.73701572418213,0.2802918627858162
ETW,quarterly,2020,2,,Düsseldorf,63.67313861846924,0.28452180325984955
ETW,quarterly,2020,3,,Düsseldorf,64.14783668518066,0.28652889281511307
ETW,quarterly,2020,4,,Düsseldorf,62.172539710998535,0.28146345168352127
ETW,quarterly,2021,1,,Düsseldorf,62.22006416320801,0.29081549495458603
ETW,quarterly,2021,2,,Düsseldorf,56.70726680755615,0.3309366926550865
ETW,quarterly,2021,3,,Düsseldorf,59.53482913970947,0.32259222865104675
ETW,quarterly,2021,4,,Düsseldorf,61.65822982788086,0.31469590589404106
ETW,quarterly,2022,1,,Düsseldorf,62.803940773010254,0.30003295466303825
ETW,quarterly,2022,2,,Düsseldorf,70.90768241882324,0.24347352981567383
ETW,quarterly,2022,3,,Düsseldorf,69.92248725891113,0.23089446872472763
ETW,quarterly,2022,4,,Düsseldorf,73.75651931762695,0.2149953469634056
ETW,quarterly,2023,1,,Düsseldorf,84.86636543273926,0.17983190715312958
ETW,quarterly,2023,2,,Düsseldorf,91.24115371704102,0.16142647340893745
ETW,quarterly,2023,3,,Düsseldorf,99.45819473266602,0.14108733646571636
ETW,quarterly,2023,4,,Düsseldorf,102.72833633422852,0.12717916630208492
ETW,quarterly,2024,1,,Düsseldorf,103.32270240783691,0.11306826397776604
ETW,quarterly,2024,2,,Düsseldorf,112.52742958068848,0.09975750185549259
ETW,quarterly,2024,3,,Düsseldorf,116.05691337585449,0.09471413865685463
ETW,quarterly,2024,4,,Düsseldorf,113.0703010559082,0.11074899509549141
ETW,quarterly,2025,1,,Düsseldorf,108.13424682617188,0.1344576645642519
ETW,quarterly,2025,2,,Düsseldorf,93.16469955444336,0.1545165739953518
ETW,quarterly,2025,3,,Düsseldorf,85.89827156066895,0.17110830917954445
ETW,quarterly,2025,4,,Düsseldorf,87.68917274475098,0.16257866472005844
ETW,quarterly,2026,1,,Düsseldorf,87.89802551269531,0.1503254882991314
ETW,quarterly,2012,1,,Erfurt,,
ETW,quarterly,2012,2,,Erfurt,,
ETW,quarterly,2012,3,,Erfurt,,
ETW,quarterly,2012,4,,Erfurt,105.7524299621582,0.09959795884788036
ETW,quarterly,2013,1,,Erfurt,118.6081771850586,0.07199585810303688
ETW,quarterly,2013,2,,Erfurt,118.55579376220703,0.07364626042544842
ETW,quarterly,2013,3,,Erfurt,125.70937538146973,0.08521650824695826
ETW,quarterly,2013,4,,Erfurt,119.24823379516602,0.09860887192189693
ETW,quarterly,2014,1,,Erfurt,115.3658561706543,0.10491372272372246
ETW,quarterly,2014,2,,Erfurt,121.03406715393066,0.10195959731936455
ETW,quarterly,2014,3,,Erfurt,118.42049980163574,0.10478837415575981
ETW,quarterly,2014,4,,Erfurt,112.97187232971191,0.10770153440535069
ETW,quarterly,2015,1,,Erfurt,114.34176063537598,0.1268779058009386
ETW,quarterly,2015,2,,Erfurt,108.5643310546875,0.14396150782704353
ETW,quarterly,2015,3,,Erfurt,99.60916519165039,0.162895817309618
ETW,quarterly,2015,4,,Erfurt,98.57915306091309,0.16797038540244102
ETW,quarterly,2016,1,,Erfurt,94.34622192382812,0.1442799661308527
ETW,quarterly,2016,2,,Erfurt,92.03075408935547,0.13690020516514778
ETW,quarterly,2016,3,,Erfurt,100.42193412780762,0.11590453423559666
ETW,quarterly,2016,4,,Erfurt,103.3935775756836,0.1297533232718706
ETW,quarterly,2017,1,,Erfurt,104.12570381164551,0.13567696139216423
ETW,quarterly,2017,2,,Erfurt,104.2772388458252,0.14271773211658
ETW,quarterly,2017,3,,Erfurt,98.05558013916016,0.1661609560251236
ETW,quarterly,2017,4,,Erfurt,100.04997444152832,0.1493312418460846
ETW,quarterly,2018,1,,Erfurt,94.73584747314453,0.1651422455906868
ETW,quarterly,2018,2,,Erfurt,92.20320129394531,0.1689799651503563
ETW,quarterly,2018,3,,Erfurt,89.36148452758789,0.17046578601002693
ETW,quarterly,2018,4,,Erfurt,83.7866325378418,0.17171385139226913
ETW,quarterly,2019,1,,Erfurt,86.11494636535645,0.16211863234639168
ETW,quarterly,2019,2,,Erfurt,84.76037406921387,0.17253529652953148
ETW,quarterly,2019,3,,Erfurt,85.46922874450684,0.16719330474734306
ETW,quarterly,2019,4,,Erfurt,83.56947708129883,0.19575795158743858
ETW,quarterly,2020,1,,Erfurt,81.6843490600586,0.22350579872727394
ETW,quarterly,2020,2,,Erfurt,80.29109191894531,0.23443059623241425
ETW,quarterly,2020,3,,Erfurt,82.79982566833496,0.24541497230529785
ETW,quarterly,2020,4,,Erfurt,83.8081169128418,0.24076156690716743
ETW,quarterly,2021,1,,Erfurt,77.58465194702148,0.2677012197673321
ETW,quarterly,2021,2,,Erfurt,72.09463214874268,0.29458073154091835
ETW,quarterly,2021,3,,Erfurt,69.40529918670654,0.2854378744959831
ETW,quarterly,2021,4,,Erfurt,71.24642276763916,0.26220907270908356
ETW,quarterly,2022,1,,Erfurt,77.35145282745361,0.24322542548179626
ETW,quarterly,2022,2,,Erfurt,82.94823265075684,0.20488417521119118
ETW,quarterly,2022,3,,Erfurt,77.69575119018555,0.21167242154479027
ETW,quarterly,2022,4,,Erfurt,74.44119644165039,0.22195813432335854
ETW,quarterly,2023,1,,Erfurt,76.9804573059082,0.17786662839353085
ETW,quarterly,2023,2,,Erfurt,82.42044639587402,0.1507104802876711
ETW,quarterly,2023,3,,Erfurt,87.34626197814941,0.14606509171426296
ETW,quarterly,2023,4,,Erfurt,93.27403450012207,0.14015942998230457
ETW,quarterly,2024,1,,Erfurt,100.90057754516602,0.12510958313941956
ETW,quarterly,2024,2,,Erfurt,115.23211860656738,0.11379123572260141
ETW,quarterly,2024,3,,Erfurt,129.41082382202148,0.09037396777421236
ETW,quarterly,2024,4,,Erfurt,128.56314849853516,0.0787349147722125
ETW,quarterly,2025,1,,Erfurt,123.57858657836914,0.10722756292670965
ETW,quarterly,2025,2,,Erfurt,105.35052871704102,0.12149941734969616
ETW,quarterly,2025,3,,Erfurt,92.39789390563965,0.1463452558964491
ETW,quarterly,2025,4,,Erfurt,91.07600593566895,0.14796515926718712
ETW,quarterly,2026,1,,Erfurt,88.50654602050781,0.13928058370947838
ETW,quarterly,2012,1,,Frankfurt am Main,,
ETW,quarterly,2012,2,,Frankfurt am Main,,
ETW,quarterly,2012,3,,Frankfurt am Main,,
ETW,quarterly,2012,4,,Frankfurt am Main,76.26025485992432,0.1625563483685255
ETW,quarterly,2013,1,,Frankfurt am Main,87.72147750854492,0.14149419777095318
ETW,quarterly,2013,2,,Frankfurt am Main,88.3349380493164,0.146332535892725
ETW,quarterly,2013,3,,Frankfurt am Main,93.48211479187012,0.1529275793582201
ETW,quarterly,2013,4,,Frankfurt am Main,99.47017860412598,0.14551694504916668
ETW,quarterly,2014,1,,Frankfurt am Main,94.71191215515137,0.16141215525567532
ETW,quarterly,2014,2,,Frankfurt am Main,92.16068077087402,0.1738218180835247
ETW,quarterly,2014,3,,Frankfurt am Main,89.2194652557373,0.1758149452507496
ETW,quarterly,2014,4,,Frankfurt am Main,81.96446990966797,0.2004348821938038
ETW,quarterly,2015,1,,Frankfurt am Main,83.9074535369873,0.19210155308246613
ETW,quarterly,2015,2,,Frankfurt am Main,88.4698657989502,0.1989792287349701
ETW,quarterly,2015,3,,Frankfurt am Main,84.4620361328125,0.2052398957312107
ETW,quarterly,2015,4,,Frankfurt am Main,84.21860313415527,0.1956736035645008
ETW,quarterly,2016,1,,Frankfurt am Main,85.50661277770996,0.18516375496983528
ETW,quarterly,2016,2,,Frankfurt am Main,81.50042343139648,0.19237913936376572
ETW,quarterly,2016,3,,Frankfurt am Main,85.25616645812988,0.20087727159261703
ETW,quarterly,2016,4,,Frankfurt am Main,84.3425235748291,0.21362468972802162
ETW,quarterly,2017,1,,Frankfurt am Main,80.25535774230957,0.2313089221715927
ETW,quarterly,2017,2,,Frankfurt am Main,77.76241874694824,0.2430368848145008
ETW,quarterly,2017,3,,Frankfurt am Main,74.3482837677002,0.2598176822066307
ETW,quarterly,2017,4,,Frankfurt am Main,71.76334762573242,0.27534111589193344
ETW,quarterly,2018,1,,Frankfurt am Main,67.58473682403564,0.2933371514081955
ETW,quarterly,2018,2,,Frankfurt am Main,66.15871906280518,0.29259924590587616
ETW,quarterly,2018,3,,Frankfurt am Main,68.33833599090576,0.27702225744724274
ETW,quarterly,2018,4,,Frankfurt am Main,72.88848209381104,0.24697376042604446
ETW,quarterly,2019,1,,Frankfurt am Main,80.92742347717285,0.21101194992661476
ETW,quarterly,2019,2,,Frankfurt am Main,84.09934425354004,0.2002658061683178
ETW,quarterly,2019,3,,Frankfurt am Main,81.39662170410156,0.2061537317931652
ETW,quarterly,2019,4,,Frankfurt am Main,83.02811622619629,0.20785827934741974
ETW,quarterly,2020,1,,Frankfurt am Main,78.51219177246094,0.2291042022407055
ETW,quarterly,2020,2,,Frankfurt am Main,79.33915519714355,0.23353597149252892
ETW,quarterly,2020,3,,Frankfurt am Main,79.33032417297363,0.25065265223383904
ETW,quarterly,2020,4,,Frankfurt am Main,73.35681915283203,0.26418856531381607
ETW,quarterly,2021,1,,Frankfurt am Main,73.11142921447754,0.2657630145549774
ETW,quarterly,2021,2,,Frankfurt am Main,69.22555923461914,0.2859964147210121
ETW,quarterly,2021,3,,Frankfurt am Main,75.13405799865723,0.26028264686465263
ETW,quarterly,2021,4,,Frankfurt am Main,81.09283828735352,0.24426446482539177
ETW,quarterly,2022,1,,Frankfurt am Main,80.11066818237305,0.23962539061903954
ETW,quarterly,2022,2,,Frankfurt am Main,83.64629554748535,0.2030617818236351
ETW,quarterly,2022,3,,Frankfurt am Main,80.44470977783203,0.1987997516989708
ETW,quarterly,2022,4,,Frankfurt am Main,78.69634437561035,0.18362032994627953
ETW,quarterly,2023,1,,Frankfurt am Main,89.59347724914551,0.14701824449002743
ETW,quarterly,2023,2,,Frankfurt am Main,96.23514747619629,0.12457862682640553
ETW,quarterly,2023,3,,Frankfurt am Main,100.54782104492188,0.10581805929541588
ETW,quarterly,2023,4,,Frankfurt am Main,103.67373275756836,0.10006814636290073
ETW,quarterly,2024,1,,Frankfurt am Main,106.51139831542969,0.09710264578461647
ETW,quarterly,2024,2,,Frankfurt am Main,116.96542739868164,0.1004426870495081
ETW,quarterly,2024,3,,Frankfurt am Main,121.4667797088623,0.10248175635933876
ETW,quarterly,2024,4,,Frankfurt am Main,121.7493724822998,0.11323903687298298
ETW,quarterly,2025,1,,Frankfurt am Main,113.9005012512207,0.126995662227273
ETW,quarterly,2025,2,,Frankfurt am Main,100.09957504272461,0.1414683759212494
ETW,quarterly,2025,3,,Frankfurt am Main,94.01444435119629,0.1526743620634079
ETW,quarterly,2025,4,,Frankfurt am Main,91.9692440032959,0.1460848916321993
ETW,quarterly,2026,1,,Frankfurt am Main,92.82267189025879,0.14464790932834148
ETW,quarterly,2012,1,,Hamburg,,
ETW,quarterly,2012,2,,Hamburg,,
ETW,quarterly,2012,3,,Hamburg,,
ETW,quarterly,2012,4,,Hamburg,71.58397769927979,0.19963758811354637
ETW,quarterly,2013,1,,Hamburg,78.91103744506836,0.15980935469269753
ETW,quarterly,2013,2,,Hamburg,80.54844284057617,0.1659342162311077
ETW,quarterly,2013,3,,Hamburg,83.83700180053711,0.18073609843850136
ETW,quarterly,2013,4,,Hamburg,82.98676490783691,0.17714715376496315
ETW,quarterly,2014,1,,Hamburg,82.9395923614502,0.16984274238348007
ETW,quarterly,2014,2,,Hamburg,81.9193344116211,0.17174191772937775
ETW,quarterly,2014,3,,Hamburg,82.23526573181152,0.15717237070202827
ETW,quarterly,2014,4,,Hamburg,84.25062561035156,0.15175466984510422
ETW,quarterly,2015,1,,Hamburg,85.72959899902344,0.16059806570410728
ETW,quarterly,2015,2,,Hamburg,88.26355361938477,0.16660843417048454
ETW,quarterly,2015,3,,Hamburg,86.78235816955566,0.1816658154129982
ETW,quarterly,2015,4,,Hamburg,85.18138122558594,0.1957971602678299
ETW,quarterly,2016,1,,Hamburg,86.99083137512207,0.181843813508749
ETW,quarterly,2016,2,,Hamburg,85.55146980285645,0.190133947879076
ETW,quarterly,2016,3,,Hamburg,85.46445274353027,0.1920129619538784
ETW,quarterly,2016,4,,Hamburg,84.72818183898926,0.18868086114525795
ETW,quarterly,2017,1,,Hamburg,81.97553825378418,0.20137250050902367
ETW,quarterly,2017,2,,Hamburg,80.21744537353516,0.19979123026132584
ETW,quarterly,2017,3,,Hamburg,80.6587142944336,0.20217423141002655
ETW,quarterly,2017,4,,Hamburg,82.4980640411377,0.2068265937268734
ETW,quarterly,2018,1,,Hamburg,82.24504661560059,0.2117384672164917
ETW,quarterly,2018,2,,Hamburg,82.18076133728027,0.20578890666365623
ETW,quarterly,2018,3,,Hamburg,82.7955207824707,0.19546978920698166
ETW,quarterly,2018,4,,Hamburg,81.45982551574707,0.18552691116929054
ETW,quarterly,2019,1,,Hamburg,83.06926727294922,0.17226282134652138
ETW,quarterly,2019,2,,Hamburg,84.32491302490234,0.17101605609059334
ETW,quarterly,2019,3,,Hamburg,84.77948760986328,0.1704496257007122
ETW,quarterly,2019,4,,Hamburg,85.88477897644043,0.17229757085442543
ETW,quarterly,2020,1,,Hamburg,83.60336112976074,0.18387151136994362
ETW,quarterly,2020,2,,Hamburg,83.01992797851562,0.19242140278220177
ETW,quarterly,2020,3,,Hamburg,80.25862693786621,0.20888373628258705
ETW,quarterly,2020,4,,Hamburg,75.49958992004395,0.223744235932827
ETW,quarterly,2021,1,,Hamburg,74.07709693908691,0.22877369448542595
ETW,quarterly,2021,2,,Hamburg,68.96608829498291,0.25750841945409775
ETW,quarterly,2021,3,,Hamburg,73.51823902130127,0.24344266951084137
ETW,quarterly,2021,4,,Hamburg,79.02574634552002,0.22994621470570564
ETW,quarterly,2022,1,,Hamburg,80.07994556427002,0.22466440871357918
ETW,quarterly,2022,2,,Hamburg,84.19584465026855,0.18665694817900658
ETW,quarterly,2022,3,,Hamburg,81.21673583984375,0.182431872934103
ETW,quarterly,2022,4,,Hamburg,81.00273895263672,0.16381876729428768
ETW,quarterly,2023,1,,Hamburg,88.50303268432617,0.12823816016316414
ETW,quarterly,2023,2,,Hamburg,95.60326385498047,0.10479820892214775
ETW,quarterly,2023,3,,Hamburg,102.25242614746094,0.08947083353996277
ETW,quarterly,2023,4,,Hamburg,107.04975891113281,0.08645784854888916
ETW,quarterly,2024,1,,Hamburg,111.8008861541748,0.08404947072267532
ETW,quarterly,2024,2,,Hamburg,122.1370735168457,0.08147529885172844
ETW,quarterly,2024,3,,Hamburg,128.7521743774414,0.0736352913081646
ETW,quarterly,2024,4,,Hamburg,125.85104942321777,0.08309593610465527
ETW,quarterly,2025,1,,Hamburg,118.54915046691895,0.1020006462931633
ETW,quarterly,2025,2,,Hamburg,104.33670997619629,0.11896632239222527
ETW,quarterly,2025,3,,Hamburg,93.5493221282959,0.13770785555243492
ETW,quarterly,2025,4,,Hamburg,93.17154502868652,0.13488196581602097
ETW,quarterly,2026,1,,Hamburg,91.94291496276855,0.13709202781319618
ETW,quarterly,2012,1,,Hamm,,
ETW,quarterly,2012,2,,Hamm,,
ETW,quarterly,2012,3,,Hamm,,
ETW,quarterly,2012,4,,Hamm,88.84191131591797,0.0861712854821235
ETW,quarterly,2013,1,,Hamm,95.92765617370605,0.05324399028904736
ETW,quarterly,2013,2,,Hamm,102.36665725708008,0.03594904369674623
ETW,quarterly,2013,3,,Hamm,112.18967628479004,0.04346652654930949
ETW,quarterly,2013,4,,Hamm,115.2317886352539,0.04927730048075318
ETW,quarterly,2014,1,,Hamm,119.96745872497559,0.03509498480707407
ETW,quarterly,2014,2,,Hamm,115.79025268554688,0.06107537867501378
ETW,quarterly,2014,3,,Hamm,112.79189872741699,0.07688565412536263
ETW,quarterly,2014,4,,Hamm,110.43436813354492,0.11374798649922013
ETW,quarterly,2015,1,,Hamm,93.43874740600586,0.15571658499538898
ETW,quarterly,2015,2,,Hamm,87.65958023071289,0.19738325290381908
ETW,quarterly,2015,3,,Hamm,77.29081344604492,0.21020933985710144
ETW,quarterly,2015,4,,Hamm,73.87115097045898,0.19332480989396572
ETW,quarterly,2016,1,,Hamm,86.12839698791504,0.16977408528327942
ETW,quarterly,2016,2,,Hamm,87.89933204650879,0.13135944679379463
ETW,quarterly,2016,3,,Hamm,91.77322769165039,0.130091842263937
ETW,quarterly,2016,4,,Hamm,91.25162887573242,0.13193007744848728
ETW,quarterly,2017,1,,Hamm,76.76474857330322,0.15393618121743202
ETW,quarterly,2017,2,,Hamm,74.34671306610107,0.15720589086413383
ETW,quarterly,2017,3,,Hamm,75.34011936187744,0.15815603733062744
ETW,quarterly,2017,4,,Hamm,73.239914894104,0.14321038499474525
ETW,quarterly,2018,1,,Hamm,73.9525260925293,0.13357781246304512
ETW,quarterly,2018,2,,Hamm,76.13504409790039,0.14282988011837006
ETW,quarterly,2018,3,,Hamm,76.34333992004395,0.15031715109944344
ETW,quarterly,2018,4,,Hamm,74.98295402526855,0.17012391611933708
ETW,quarterly,2019,1,,Hamm,81.53292465209961,0.17665889859199524
ETW,quarterly,2019,2,,Hamm,78.15539169311523,0.1680922955274582
ETW,quarterly,2019,3,,Hamm,82.02979278564453,0.17092248424887657
ETW,quarterly,2019,4,,Hamm,83.55949401855469,0.18481137230992317
ETW,quarterly,2020,1,,Hamm,76.06844329833984,0.18599508702754974
ETW,quarterly,2020,2,,Hamm,73.6288652420044,0.2110283151268959
ETW,quarterly,2020,3,,Hamm,68.33141422271729,0.2002440020442009
ETW,quarterly,2020,4,,Hamm,70.84295177459717,0.19639784842729568
ETW,quarterly,2021,1,,Hamm,78.95431423187256,0.2134433016180992
ETW,quarterly,2021,2,,Hamm,77.63080024719238,0.2494320347905159
ETW,quarterly,2021,3,,Hamm,81.71658515930176,0.239978251978755
ETW,quarterly,2021,4,,Hamm,79.40642547607422,0.2315602544695139
ETW,quarterly,2022,1,,Hamm,68.19752788543701,0.2665178794413805
ETW,quarterly,2022,2,,Hamm,68.01226043701172,0.2205109354108572
ETW,quarterly,2022,3,,Hamm,60.25089645385742,0.21996980905532837
ETW,quarterly,2022,4,,Hamm,59.71272659301758,0.21183922328054905
ETW,quarterly,2023,1,,Hamm,72.05344295501709,0.15226038731634617
ETW,quarterly,2023,2,,Hamm,80.21909523010254,0.11266227811574936
ETW,quarterly,2023,3,,Hamm,87.17818641662598,0.11071422696113586
ETW,quarterly,2023,4,,Hamm,91.58228492736816,0.09553204011172056
ETW,quarterly,2024,1,,Hamm,95.05415534973145,0.06584997195750475
ETW,quarterly,2024,2,,Hamm,110.36504936218262,0.0648178979754448
ETW,quarterly,2024,3,,Hamm,114.35789680480957,0.0539386123418808
ETW,quarterly,2024,4,,Hamm,109.78033447265625,0.08534886967390776
ETW,quarterly,2025,1,,Hamm,105.25164604187012,0.09699341934174299
ETW,quarterly,2025,2,,Hamm,89.64117050170898,0.12224661745131016
ETW,quarterly,2025,3,,Hamm,79.0665054321289,0.12858044914901257
ETW,quarterly,2025,4,,Hamm,75.93836212158203,0.1278290804475546
ETW,quarterly,2026,1,,Hamm,70.27852630615234,0.1407746933400631
ETW,quarterly,2012,1,,Karlsruhe,,
ETW,quarterly,2012,2,,Karlsruhe,,
ETW,quarterly,2012,3,,Karlsruhe,,
ETW,quarterly,2012,4,,Karlsruhe,73.15418434143066,0.16871294379234314
ETW,quarterly,2013,1,,Karlsruhe,83.07463550567627,0.16450170055031776
ETW,quarterly,2013,2,,Karlsruhe,81.20341396331787,0.193915493786335
ETW,quarterly,2013,3,,Karlsruhe,90.62595176696777,0.18452953919768333
ETW,quarterly,2013,4,,Karlsruhe,92.08257675170898,0.17995502427220345
ETW,quarterly,2014,1,,Karlsruhe,85.30814743041992,0.19230052456259727
ETW,quarterly,2014,2,,Karlsruhe,84.17160415649414,0.1956060715019703
ETW,quarterly,2014,3,,Karlsruhe,75.46352577209473,0.22935472056269646
ETW,quarterly,2014,4,,Karlsruhe,70.93509292602539,0.2422734946012497
ETW,quarterly,2015,1,,Karlsruhe,70.53652381896973,0.24252352863550186
ETW,quarterly,2015,2,,Karlsruhe,68.98147583007812,0.2677939608693123
ETW,quarterly,2015,3,,Karlsruhe,64.38451194763184,0.28184279799461365
ETW,quarterly,2015,4,,Karlsruhe,57.614182472229004,0.31032440066337585
ETW,quarterly,2016,1,,Karlsruhe,54.26231288909912,0.3162209689617157
ETW,quarterly,2016,2,,Karlsruhe,49.817710876464844,0.3199496641755104
ETW,quarterly,2016,3,,Karlsruhe,50.07426929473877,0.3417189195752144
ETW,quarterly,2016,4,,Karlsruhe,51.901268005371094,0.3360893353819847
ETW,quarterly,2017,1,,Karlsruhe,51.650970458984375,0.3397027775645256
ETW,quarterly,2017,2,,Karlsruhe,51.16648578643799,0.35805942118167877
ETW,quarterly,2017,3,,Karlsruhe,51.447930335998535,0.3640519827604294
ETW,quarterly,2017,4,,Karlsruhe,50.92856311798096,0.40110261738300323
ETW,quarterly,2018,1,,Karlsruhe,49.518046379089355,0.4048108235001564
ETW,quarterly,2018,2,,Karlsruhe,52.42093276977539,0.365385003387928
ETW,quarterly,2018,3,,Karlsruhe,53.79384899139404,0.3285185322165489
ETW,quarterly,2018,4,,Karlsruhe,55.357269287109375,0.28600725531578064
ETW,quarterly,2019,1,,Karlsruhe,60.07182312011719,0.26967231929302216
ETW,quarterly,2019,2,,Karlsruhe,59.384196281433105,0.29597577452659607
ETW,quarterly,2019,3,,Karlsruhe,58.02672481536865,0.3176420032978058
ETW,quarterly,2019,4,,Karlsruhe,56.89897632598877,0.341680645942688
ETW,quarterly,2020,1,,Karlsruhe,52.11381435394287,0.3650358095765114
ETW,quarterly,2020,2,,Karlsruhe,51.72356986999512,0.3653886467218399
ETW,quarterly,2020,3,,Karlsruhe,48.901655197143555,0.37870048731565475
ETW,quarterly,2020,4,,Karlsruhe,48.640028953552246,0.37810376286506653
ETW,quarterly,2021,1,,Karlsruhe,48.14836597442627,0.39439913630485535
ETW,quarterly,2021,2,,Karlsruhe,43.15782642364502,0.4447689726948738
ETW,quarterly,2021,3,,Karlsruhe,46.16221237182617,0.4450039342045784
ETW,quarterly,2021,4,,Karlsruhe,45.62066650390625,0.44340284168720245
ETW,quarterly,2022,1,,Karlsruhe,42.815505027770996,0.4435306563973427
ETW,quarterly,2022,2,,Karlsruhe,46.41120624542236,0.37498781085014343
ETW,quarterly,2022,3,,Karlsruhe,46.06548595428467,0.3252773843705654
ETW,quarterly,2022,4,,Karlsruhe,52.678833961486816,0.26260885410010815
ETW,quarterly,2023,1,,Karlsruhe,61.93730354309082,0.1934020947664976
ETW,quarterly,2023,2,,Karlsruhe,69.88279056549072,0.16146688349545002
ETW,quarterly,2023,3,,Karlsruhe,77.2984790802002,0.1521476600319147
ETW,quarterly,2023,4,,Karlsruhe,76.78963470458984,0.16094818338751793
ETW,quarterly,2024,1,,Karlsruhe,81.94422912597656,0.1604226753115654
ETW,quarterly,2024,2,,Karlsruhe,92.98038291931152,0.15476268902420998
ETW,quarterly,2024,3,,Karlsruhe,96.395263671875,0.13695251196622849
ETW,quarterly,2024,4,,Karlsruhe,95.87464714050293,0.14126663655042648
ETW,quarterly,2025,1,,Karlsruhe,88.02026748657227,0.17871089652180672
ETW,quarterly,2025,2,,Karlsruhe,73.45738220214844,0.20109166204929352
ETW,quarterly,2025,3,,Karlsruhe,69.15682411193848,0.21423125267028809
ETW,quarterly,2025,4,,Karlsruhe,73.36660194396973,0.20570216327905655
ETW,quarterly,2026,1,,Karlsruhe,75.91024589538574,0.18566937744617462
ETW,quarterly,2012,1,,Köln,,
ETW,quarterly,2012,2,,Köln,,
ETW,quarterly,2012,3,,Köln,,
ETW,quarterly,2012,4,,Köln,78.80618858337402,0.15890065021812916
ETW,quarterly,2013,1,,Köln,89.79781913757324,0.1251772027462721
ETW,quarterly,2013,2,,Köln,91.51718521118164,0.13177060894668102
ETW,quarterly,2013,3,,Köln,94.24706840515137,0.14220174960792065
ETW,quarterly,2013,4,,Köln,95.63200950622559,0.13910941779613495
ETW,quarterly,2014,1,,Köln,91.5567398071289,0.151990108191967
ETW,quarterly,2014,2,,Köln,88.6649227142334,0.1584462821483612
ETW,quarterly,2014,3,,Köln,86.67282295227051,0.1608341746032238
ETW,quarterly,2014,4,,Köln,80.88024520874023,0.19455519318580627
ETW,quarterly,2015,1,,Köln,80.65773963928223,0.19632377848029137
ETW,quarterly,2015,2,,Köln,80.36402893066406,0.21524470299482346
ETW,quarterly,2015,3,,Köln,77.6971607208252,0.23144595324993134
ETW,quarterly,2015,4,,Köln,76.34203910827637,0.22657408192753792
ETW,quarterly,2016,1,,Köln,75.0601634979248,0.23768595233559608
ETW,quarterly,2016,2,,Köln,73.3631362915039,0.23665828257799149
ETW,quarterly,2016,3,,Köln,72.56049919128418,0.23895036429166794
ETW,quarterly,2016,4,,Köln,72.32357215881348,0.24739106371998787
ETW,quarterly,2017,1,,Köln,71.68235969543457,0.23868029192090034
ETW,quarterly,2017,2,,Köln,68.02588653564453,0.2511915825307369
ETW,quarterly,2017,3,,Köln,63.973934173583984,0.273426316678524
ETW,quarterly,2017,4,,Köln,61.84316158294678,0.2795397862792015
ETW,quarterly,2018,1,,Köln,61.475478172302246,0.28778719156980515
ETW,quarterly,2018,2,,Köln,63.216105461120605,0.27858400344848633
ETW,quarterly,2018,3,,Köln,66.19165134429932,0.2583627812564373
ETW,quarterly,2018,4,,Köln,66.35937881469727,0.24693092331290245
ETW,quarterly,2019,1,,Köln,65.50106048583984,0.25220364704728127
ETW,quarterly,2019,2,,Köln,64.32639408111572,0.25002896040678024
ETW,quarterly,2019,3,,Köln,62.79754066467285,0.2586244307458401
ETW,quarterly,2019,4,,Köln,66.46942710876465,0.2549762614071369
ETW,quarterly,2020,1,,Köln,65.277099609375,0.2632761634886265
ETW,quarterly,2020,2,,Köln,67.69445896148682,0.270581416785717
ETW,quarterly,2020,3,,Köln,68.56138610839844,0.28113897889852524
ETW,quarterly,2020,4,,Köln,64.01376724243164,0.30121883004903793
ETW,quarterly,2021,1,,Köln,63.63870334625244,0.30724792182445526
ETW,quarterly,2021,2,,Köln,58.73545551300049,0.33589042723178864
ETW,quarterly,2021,3,,Köln,60.5703763961792,0.32590047270059586
ETW,quarterly,2021,4,,Köln,61.87634563446045,0.3159081041812897
ETW,quarterly,2022,1,,Köln,63.257673263549805,0.2945448309183121
ETW,quarterly,2022,2,,Köln,65.58752250671387,0.257144957780838
ETW,quarterly,2022,3,,Köln,64.44570922851562,0.23523647338151932
ETW,quarterly,2022,4,,Köln,65.81991195678711,0.2062024511396885
ETW,quarterly,2023,1,,Köln,73.6457691192627,0.17455078102648258
ETW,quarterly,2023,2,,Köln,81.80182647705078,0.14933950267732143
ETW,quarterly,2023,3,,Köln,86.76163101196289,0.14199845679104328
ETW,quarterly,2023,4,,Köln,90.43830299377441,0.1377814244478941
ETW,quarterly,2024,1,,Köln,91.47263717651367,0.1327148638665676
ETW,quarterly,2024,2,,Köln,100.75137329101562,0.12805957160890102
ETW,quarterly,2024,3,,Köln,106.30246925354004,0.11242097057402134
ETW,quarterly,2024,4,,Köln,107.38289833068848,0.12308165617287159
ETW,quarterly,2025,1,,Köln,101.97616004943848,0.1441116277128458
ETW,quarterly,2025,2,,Köln,90.50455284118652,0.15783872455358505
ETW,quarterly,2025,3,,Köln,83.27025413513184,0.1774212121963501
ETW,quarterly,2025,4,,Köln,82.0640983581543,0.17242763191461563
ETW,quarterly,2026,1,,Köln,81.08629035949707,0.17876549810171127
ETW,quarterly,2012,1,,Leipzig,,
ETW,quarterly,2012,2,,Leipzig,,
ETW,quarterly,2012,3,,Leipzig,,
ETW,quarterly,2012,4,,Leipzig,106.37629508972168,0.10649462509900331
ETW,quarterly,2013,1,,Leipzig,121.88622283935547,0.08142980094999075
ETW,quarterly,2013,2,,Leipzig,120.18758583068848,0.0921742431819439
ETW,quarterly,2013,3,,Leipzig,123.82558250427246,0.09596216678619385
ETW,quarterly,2013,4,,Leipzig,123.54243850708008,0.10120885074138641
ETW,quarterly,2014,1,,Leipzig,117.74428367614746,0.11298554576933384
ETW,quarterly,2014,2,,Leipzig,117.72661209106445,0.11792186088860035
ETW,quarterly,2014,3,,Leipzig,113.95716667175293,0.11773690767586231
ETW,quarterly,2014,4,,Leipzig,110.39630317687988,0.11497274972498417
ETW,quarterly,2015,1,,Leipzig,109.72199821472168,0.11814105324447155
ETW,quarterly,2015,2,,Leipzig,112.19668006896973,0.11758634634315968
ETW,quarterly,2015,3,,Leipzig,111.30877876281738,0.12297139875590801
ETW,quarterly,2015,4,,Leipzig,108.6392879486084,0.1345369666814804
ETW,quarterly,2016,1,,Leipzig,106.42162704467773,0.13457514718174934
ETW,quarterly,2016,2,,Leipzig,102.54359436035156,0.14330369420349598
ETW,quarterly,2016,3,,Leipzig,98.94975280761719,0.15720515325665474
ETW,quarterly,2016,4,,Leipzig,97.38578796386719,0.15947841107845306
ETW,quarterly,2017,1,,Leipzig,100.43132209777832,0.15697123855352402
ETW,quarterly,2017,2,,Leipzig,97.87923431396484,0.16008775681257248
ETW,quarterly,2017,3,,Leipzig,99.29324150085449,0.17108523473143578
ETW,quarterly,2017,4,,Leipzig,104.19731712341309,0.17443128675222397
ETW,quarterly,2018,1,,Leipzig,98.90032577514648,0.18950415775179863
ETW,quarterly,2018,2,,Leipzig,100.01995658874512,0.18429748341441154
ETW,quarterly,2018,3,,Leipzig,99.78276443481445,0.16857896745204926
ETW,quarterly,2018,4,,Leipzig,97.24092292785645,0.16354022175073624
ETW,quarterly,2019,1,,Leipzig,103.72800064086914,0.1397305428981781
ETW,quarterly,2019,2,,Leipzig,102.71671295166016,0.13663017749786377
ETW,quarterly,2019,3,,Leipzig,101.92623710632324,0.1442880593240261
ETW,quarterly,2019,4,,Leipzig,101.68269157409668,0.1392183043062687
ETW,quarterly,2020,1,,Leipzig,98.18857002258301,0.15821748971939087
ETW,quarterly,2020,2,,Leipzig,98.88545799255371,0.16708588227629662
ETW,quarterly,2020,3,,Leipzig,97.93760299682617,0.17366167530417442
ETW,quarterly,2020,4,,Leipzig,93.76834487915039,0.18671084567904472
ETW,quarterly,2021,1,,Leipzig,93.23603248596191,0.19435329735279083
ETW,quarterly,2021,2,,Leipzig,87.38723754882812,0.23559432849287987
ETW,quarterly,2021,3,,Leipzig,86.1423110961914,0.24095191434025764
ETW,quarterly,2021,4,,Leipzig,87.61785697937012,0.24210061505436897
ETW,quarterly,2022,1,,Leipzig,81.60227012634277,0.2530800998210907
ETW,quarterly,2022,2,,Leipzig,83.12343215942383,0.2211182788014412
ETW,quarterly,2022,3,,Leipzig,83.71378517150879,0.20350775495171547
ETW,quarterly,2022,4,,Leipzig,85.59279251098633,0.18027989752590656
ETW,quarterly,2023,1,,Leipzig,96.51103401184082,0.13281330652534962
ETW,quarterly,2023,2,,Leipzig,104.60797500610352,0.10656531155109406
ETW,quarterly,2023,3,,Leipzig,108.66342353820801,0.10263579711318016
ETW,quarterly,2023,4,,Leipzig,114.43432235717773,0.10229078866541386
ETW,quarterly,2024,1,,Leipzig,118.41431617736816,0.09961333312094212
ETW,quarterly,2024,2,,Leipzig,124.3065414428711,0.09419771656394005
ETW,quarterly,2024,3,,Leipzig,130.33795166015625,0.0815918892621994
ETW,quarterly,2024,4,,Leipzig,128.43461799621582,0.08543389104306698
ETW,quarterly,2025,1,,Leipzig,122.3639907836914,0.101744519546628
ETW,quarterly,2025,2,,Leipzig,112.6082649230957,0.11717366985976696
ETW,quarterly,2025,3,,Leipzig,106.62818145751953,0.13689001835882664
ETW,quarterly,2025,4,,Leipzig,103.95322799682617,0.14004101231694221
ETW,quarterly,2026,1,,Leipzig,103.5534439086914,0.13609486259520054
ETW,quarterly,2012,1,,Lübeck,,
ETW,quarterly,2012,2,,Lübeck,,
ETW,quarterly,2012,3,,Lübeck,,
ETW,quarterly,2012,4,,Lübeck,95.5113525390625,0.11516135092824697
ETW,quarterly,2013,1,,Lübeck,101.14610862731934,0.09721508156508207
ETW,quarterly,2013,2,,Lübeck,95.60160636901855,0.11494870577007532
ETW,quarterly,2013,3,,Lübeck,94.04410743713379,0.13876082375645638
ETW,quarterly,2013,4,,Lübeck,92.45350646972656,0.13956128433346748
ETW,quarterly,2014,1,,Lübeck,91.71216011047363,0.13812770694494247
ETW,quarterly,2014,2,,Lübeck,91.70633697509766,0.14739339798688889
ETW,quarterly,2014,3,,Lübeck,87.79161834716797,0.16058988124132156
ETW,quarterly,2014,4,,Lübeck,88.50638580322266,0.17740704864263535
ETW,quarterly,2015,1,,Lübeck,88.94631004333496,0.18128301948308945
ETW,quarterly,2015,2,,Lübeck,89.87004661560059,0.18492493778467178
ETW,quarterly,2015,3,,Lübeck,90.09001159667969,0.18676768988370895
ETW,quarterly,2015,4,,Lübeck,84.11163902282715,0.17845820263028145
ETW,quarterly,2016,1,,Lübeck,84.28213691711426,0.15584838204085827
ETW,quarterly,2016,2,,Lübeck,80.93922805786133,0.1710034590214491
ETW,quarterly,2016,3,,Lübeck,80.88985443115234,0.16472178511321545
ETW,quarterly,2016,4,,Lübeck,82.20748519897461,0.178649565204978
ETW,quarterly,2017,1,,Lübeck,81.40902519226074,0.2177731953561306
ETW,quarterly,2017,2,,Lübeck,80.16599655151367,0.22518756613135338
ETW,quarterly,2017,3,,Lübeck,85.20145988464355,0.2299235761165619
ETW,quarterly,2017,4,,Lübeck,89.65873908996582,0.2199762798845768
ETW,quarterly,2018,1,,Lübeck,90.3465805053711,0.21429936215281487
ETW,quarterly,2018,2,,Lübeck,88.39449691772461,0.19797991588711739
ETW,quarterly,2018,3,,Lübeck,84.46471405029297,0.2012147679924965
ETW,quarterly,2018,4,,Lübeck,77.1358699798584,0.21271869540214539
ETW,quarterly,2019,1,,Lübeck,72.92835998535156,0.19719313085079193
ETW,quarterly,2019,2,,Lübeck,81.84676361083984,0.1778104603290558
ETW,quarterly,2019,3,,Lübeck,80.45911979675293,0.17599378526210785
ETW,quarterly,2019,4,,Lübeck,80.94590187072754,0.17008933052420616
ETW,quarterly,2020,1,,Lübeck,80.34519577026367,0.21394264325499535
ETW,quarterly,2020,2,,Lübeck,74.63707542419434,0.22275350242853165
ETW,quarterly,2020,3,,Lübeck,71.65536689758301,0.25761494040489197
ETW,quarterly,2020,4,,Lübeck,72.59785270690918,0.28106581047177315
ETW,quarterly,2021,1,,Lübeck,74.00163269042969,0.2610787861049175
ETW,quarterly,2021,2,,Lübeck,69.77120971679688,0.31574781984090805
ETW,quarterly,2021,3,,Lübeck,75.35356330871582,0.30410491675138474
ETW,quarterly,2021,4,,Lübeck,69.62255668640137,0.3007722795009613
ETW,quarterly,2022,1,,Lübeck,65.39932632446289,0.31266774237155914
ETW,quarterly,2022,2,,Lübeck,63.66516876220703,0.26817989349365234
ETW,quarterly,2022,3,,Lübeck,56.30531692504883,0.2589426264166832
ETW,quarterly,2022,4,,Lübeck,62.4028434753418,0.22795482724905014
ETW,quarterly,2023,1,,Lübeck,73.54594039916992,0.18542857468128204
ETW,quarterly,2023,2,,Lübeck,83.382568359375,0.16088968887925148
ETW,quarterly,2023,3,,Lübeck,92.31965827941895,0.11501638684421778
ETW,quarterly,2023,4,,Lübeck,99.65681076049805,0.10425235237926245
ETW,quarterly,2024,1,,Lübeck,109.88838768005371,0.08502236101776361
ETW,quarterly,2024,2,,Lübeck,116.97820854187012,0.08847244177013636
ETW,quarterly,2024,3,,Lübeck,124.17027282714844,0.09700418822467327
ETW,quarterly,2024,4,,Lübeck,125.9370231628418,0.10448051430284977
ETW,quarterly,2025,1,,Lübeck,113.29112243652344,0.11912722513079643
ETW,quarterly,2025,2,,Lübeck,104.03024864196777,0.13823353499174118
ETW,quarterly,2025,3,,Lübeck,93.54836463928223,0.15790227241814137
ETW,quarterly,2025,4,,Lübeck,88.63591575622559,0.14970804564654827
ETW,quarterly,2026,1,,Lübeck,87.73002815246582,0.15044462122023106
ETW,quarterly,2012,1,,Kreis Mettmann,,
ETW,quarterly,2012,2,,Kreis Mettmann,,
ETW,quarterly,2012,3,,Kreis Mettmann,,
ETW,quarterly,2012,4,,Kreis Mettmann,92.17422294616699,0.11804423481225967
ETW,quarterly,2013,1,,Kreis Mettmann,103.60567474365234,0.09981551021337509
ETW,quarterly,2013,2,,Kreis Mettmann,105.52877044677734,0.10401562228798866
ETW,quarterly,2013,3,,Kreis Mettmann,113.71371650695801,0.11429546773433685
ETW,quarterly,2013,4,,Kreis Mettmann,120.14122772216797,0.10236640740185976
ETW,quarterly,2014,1,,Kreis Mettmann,115.73421859741211,0.09554793406277895
ETW,quarterly,2014,2,,Kreis Mettmann,114.82990264892578,0.09421777632087469
ETW,quarterly,2014,3,,Kreis Mettmann,104.8466796875,0.10519436467438936
ETW,quarterly,2014,4,,Kreis Mettmann,95.06645393371582,0.12373409792780876
ETW,quarterly,2015,1,,Kreis Mettmann,94.35552978515625,0.1379777193069458
ETW,quarterly,2015,2,,Kreis Mettmann,96.60933876037598,0.15405041351914406
ETW,quarterly,2015,3,,Kreis Mettmann,95.45989799499512,0.16172127798199654
ETW,quarterly,2015,4,,Kreis Mettmann,94.11797714233398,0.1705215647816658
ETW,quarterly,2016,1,,Kreis Mettmann,94.1331787109375,0.16472238674759865
ETW,quarterly,2016,2,,Kreis Mettmann,88.97188186645508,0.16706817224621773
ETW,quarterly,2016,3,,Kreis Mettmann,89.45031547546387,0.166952695697546
ETW,quarterly,2016,4,,Kreis Mettmann,87.06217765808105,0.17852677032351494
ETW,quarterly,2017,1,,Kreis Mettmann,85.09956932067871,0.1819567233324051
ETW,quarterly,2017,2,,Kreis Mettmann,78.59825325012207,0.19771795719861984
ETW,quarterly,2017,3,,Kreis Mettmann,75.99869537353516,0.2105938084423542
ETW,quarterly,2017,4,,Kreis Mettmann,73.27570152282715,0.22525429725646973
ETW,quarterly,2018,1,,Kreis Mettmann,69.2324047088623,0.23919808492064476
ETW,quarterly,2018,2,,Kreis Mettmann,70.38424873352051,0.23493272811174393
ETW,quarterly,2018,3,,Kreis Mettmann,69.83261108398438,0.22854424268007278
ETW,quarterly,2018,4,,Kreis Mettmann,71.45670890808105,0.21504398807883263
ETW,quarterly,2019,1,,Kreis Mettmann,73.36761856079102,0.20521828532218933
ETW,quarterly,2019,2,,Kreis Mettmann,70.72933197021484,0.21753962337970734
ETW,quarterly,2019,3,,Kreis Mettmann,69.74749755859375,0.22261438518762589
ETW,quarterly,2019,4,,Kreis Mettmann,66.66743469238281,0.2210186906158924
ETW,quarterly,2020,1,,Kreis Mettmann,62.93215370178223,0.2506928779184818
ETW,quarterly,2020,2,,Kreis Mettmann,64.72364044189453,0.2651531733572483
ETW,quarterly,2020,3,,Kreis Mettmann,62.82654571533203,0.2884199172258377
ETW,quarterly,2020,4,,Kreis Mettmann,63.3388786315918,0.3094450458884239
ETW,quarterly,2021,1,,Kreis Mettmann,58.43815803527832,0.3341715633869171
ETW,quarterly,2021,2,,Kreis Mettmann,54.38619899749756,0.3502782806754112
ETW,quarterly,2021,3,,Kreis Mettmann,60.23746585845947,0.3355816528201103
ETW,quarterly,2021,4,,Kreis Mettmann,59.67259979248047,0.32961827516555786
ETW,quarterly,2022,1,,Kreis Mettmann,62.540489196777344,0.3072692081332207
ETW,quarterly,2022,2,,Kreis Mettmann,65.58242988586426,0.264203242957592
ETW,quarterly,2022,3,,Kreis Mettmann,60.23262023925781,0.23904959484934807
ETW,quarterly,2022,4,,Kreis Mettmann,65.12570476531982,0.20000293664634228
ETW,quarterly,2023,1,,Kreis Mettmann,72.87991046905518,0.1571324523538351
ETW,quarterly,2023,2,,Kreis Mettmann,83.83627510070801,0.13028154149651527
ETW,quarterly,2023,3,,Kreis Mettmann,89.28441047668457,0.12058004923164845
ETW,quarterly,2023,4,,Kreis Mettmann,92.84680557250977,0.11831856518983841
ETW,quarterly,2024,1,,Kreis Mettmann,99.21679306030273,0.09884168207645416
ETW,quarterly,2024,2,,Kreis Mettmann,106.06928062438965,0.09377946518361568
ETW,quarterly,2024,3,,Kreis Mettmann,114.1972827911377,0.08726896904408932
ETW,quarterly,2024,4,,Kreis Mettmann,112.56664848327637,0.09162114188075066
ETW,quarterly,2025,1,,Kreis Mettmann,105.51802444458008,0.11063867807388306
ETW,quarterly,2025,2,,Kreis Mettmann,91.60407066345215,0.12600163742899895
ETW,quarterly,2025,3,,Kreis Mettmann,82.67094993591309,0.14016138948500156
ETW,quarterly,2025,4,,Kreis Mettmann,80.8307876586914,0.1498231180012226
ETW,quarterly,2026,1,,Kreis Mettmann,81.27622985839844,0.14590707793831825
ETW,quarterly,2012,1,,München,,
ETW,quarterly,2012,2,,München,,
ETW,quarterly,2012,3,,München,,
ETW,quarterly,2012,4,,München,69.87582683563232,0.18015455827116966
ETW,quarterly,2013,1,,München,78.82234573364258,0.15987307205796242
ETW,quarterly,2013,2,,München,81.19610023498535,0.1617410145699978
ETW,quarterly,2013,3,,München,86.31986427307129,0.17075330764055252
ETW,quarterly,2013,4,,München,87.54830741882324,0.17536480352282524
ETW,quarterly,2014,1,,München,83.80698776245117,0.18558868020772934
ETW,quarterly,2014,2,,München,81.00918197631836,0.19491255283355713
ETW,quarterly,2014,3,,München,77.99038314819336,0.20410169288516045
ETW,quarterly,2014,4,,München,76.46688079833984,0.2141113206744194
ETW,quarterly,2015,1,,München,77.2490234375,0.23079821839928627
ETW,quarterly,2015,2,,München,76.04307556152344,0.24628440663218498
ETW,quarterly,2015,3,,München,74.63221168518066,0.2509978860616684
ETW,quarterly,2015,4,,München,72.14796257019043,0.2484351471066475
ETW,quarterly,2016,1,,München,71.8730697631836,0.23634250089526176
ETW,quarterly,2016,2,,München,71.73848915100098,0.2327992133796215
ETW,quarterly,2016,3,,München,71.45448303222656,0.2408427819609642
ETW,quarterly,2016,4,,München,73.59798431396484,0.24537703022360802
ETW,quarterly,2017,1,,München,75.38704109191895,0.23353146761655807
ETW,quarterly,2017,2,,München,73.60589027404785,0.2453426942229271
ETW,quarterly,2017,3,,München,73.9859619140625,0.2500533014535904
ETW,quarterly,2017,4,,München,72.73703956604004,0.25930193066596985
ETW,quarterly,2018,1,,München,69.7239875793457,0.282729834318161
ETW,quarterly,2018,2,,München,69.55030250549316,0.27566471695899963
ETW,quarterly,2018,3,,München,70.24771118164062,0.2647773399949074
ETW,quarterly,2018,4,,München,70.80671501159668,0.24725647643208504
ETW,quarterly,2019,1,,München,73.53766250610352,0.2208862043917179
ETW,quarterly,2019,2,,München,75.95287704467773,0.20667408034205437
ETW,quarterly,2019,3,,München,75.41454887390137,0.2064453549683094
ETW,quarterly,2019,4,,München,76.57317161560059,0.21035322174429893
ETW,quarterly,2020,1,,München,74.48358726501465,0.22854017093777657
ETW,quarterly,2020,2,,München,75.61038589477539,0.23278120905160904
ETW,quarterly,2020,3,,München,76.52110290527344,0.2408662810921669
ETW,quarterly,2020,4,,München,77.28794288635254,0.24059740081429482
ETW,quarterly,2021,1,,München,77.02274513244629,0.2416989542543888
ETW,quarterly,2021,2,,München,72.01122570037842,0.2722253352403641
ETW,quarterly,2021,3,,München,74.75131130218506,0.25549591705203056
ETW,quarterly,2021,4,,München,74.62104511260986,0.2502734549343586
ETW,quarterly,2022,1,,München,74.4030351638794,0.24779509380459785
ETW,quarterly,2022,2,,München,75.74802780151367,0.2207026109099388
ETW,quarterly,2022,3,,München,71.7186279296875,0.2130005545914173
ETW,quarterly,2022,4,,München,72.37067413330078,0.19829491153359413
ETW,quarterly,2023,1,,München,80.75934028625488,0.16098470613360405
ETW,quarterly,2023,2,,München,91.7114372253418,0.12807791866362095
ETW,quarterly,2023,3,,München,97.34728622436523,0.12107343785464764
ETW,quarterly,2023,4,,München,101.72672653198242,0.11596914380788803
ETW,quarterly,2024,1,,München,103.5997142791748,0.11387876980006695
ETW,quarterly,2024,2,,München,112.0824203491211,0.10744274780154228
ETW,quarterly,2024,3,,München,118.35022354125977,0.10145477764308453
ETW,quarterly,2024,4,,München,115.3961353302002,0.10599471256136894
ETW,quarterly,2025,1,,München,107.60677719116211,0.13049385510385036
ETW,quarterly,2025,2,,München,92.68398094177246,0.15253079868853092
ETW,quarterly,2025,3,,München,83.59803771972656,0.16927643865346909
ETW,quarterly,2025,4,,München,84.13947486877441,0.1710008755326271
ETW,quarterly,2026,1,,München,86.6838264465332,0.16662278771400452
ETW,quarterly,2012,1,,Münster,,
ETW,quarterly,2012,2,,Münster,,
ETW,quarterly,2012,3,,Münster,,
ETW,quarterly,2012,4,,Münster,75.60223007202148,0.15855901315808296
ETW,quarterly,2013,1,,Münster,82.1616268157959,0.15910444781184196
ETW,quarterly,2013,2,,Münster,83.74590301513672,0.17005768977105618
ETW,quarterly,2013,3,,Münster,80.03915977478027,0.18354188278317451
ETW,quarterly,2013,4,,Münster,80.50198936462402,0.18693485856056213
ETW,quarterly,2014,1,,Münster,78.21844482421875,0.17369110882282257
ETW,quarterly,2014,2,,Münster,78.07763862609863,0.17347320541739464
ETW,quarterly,2014,3,,Münster,77.0468692779541,0.16703490167856216
ETW,quarterly,2014,4,,Münster,73.03428840637207,0.18703417852520943
ETW,quarterly,2015,1,,Münster,77.45093727111816,0.18562524020671844
ETW,quarterly,2015,2,,Münster,78.25753021240234,0.17607373371720314
ETW,quarterly,2015,3,,Münster,76.46302032470703,0.17985009774565697
ETW,quarterly,2015,4,,Münster,75.87892627716064,0.17613119259476662
ETW,quarterly,2016,1,,Münster,72.5571813583374,0.18174412846565247
ETW,quarterly,2016,2,,Münster,69.97580814361572,0.21367063000798225
ETW,quarterly,2016,3,,Münster,71.29024410247803,0.24346325173974037
ETW,quarterly,2016,4,,Münster,75.23621559143066,0.25399553775787354
ETW,quarterly,2017,1,,Münster,74.46675491333008,0.25278834253549576
ETW,quarterly,2017,2,,Münster,74.85306930541992,0.24761483073234558
ETW,quarterly,2017,3,,Münster,72.39854621887207,0.2438962161540985
ETW,quarterly,2017,4,,Münster,67.00482654571533,0.251939557492733
ETW,quarterly,2018,1,,Münster,65.45344829559326,0.27516402304172516
ETW,quarterly,2018,2,,Münster,69.9660997390747,0.24976905807852745
ETW,quarterly,2018,3,,Münster,68.56599235534668,0.2402527965605259
ETW,quarterly,2018,4,,Münster,70.75392436981201,0.21611937880516052
ETW,quarterly,2019,1,,Münster,72.06172847747803,0.1807045266032219
ETW,quarterly,2019,2,,Münster,66.36501216888428,0.19807744398713112
ETW,quarterly,2019,3,,Münster,67.94658470153809,0.19059496000409126
ETW,quarterly,2019,4,,Münster,68.24898338317871,0.19152598083019257
ETW,quarterly,2020,1,,Münster,64.22248840332031,0.21677018702030182
ETW,quarterly,2020,2,,Münster,64.73273658752441,0.24244386702775955
ETW,quarterly,2020,3,,Münster,60.500165939331055,0.2734938859939575
ETW,quarterly,2020,4,,Münster,56.75541687011719,0.28154998645186424
ETW,quarterly,2021,1,,Münster,60.136138916015625,0.2869204692542553
ETW,quarterly,2021,2,,Münster,53.815958976745605,0.3100123070180416
ETW,quarterly,2021,3,,Münster,59.46149158477783,0.29496998712420464
ETW,quarterly,2021,4,,Münster,60.032416343688965,0.31629428267478943
ETW,quarterly,2022,1,,Münster,56.36211967468262,0.3154120147228241
ETW,quarterly,2022,2,,Münster,58.95296287536621,0.27052729204297066
ETW,quarterly,2022,3,,Münster,55.578224182128906,0.2649734728038311
ETW,quarterly,2022,4,,Münster,59.228410720825195,0.22095076367259026
ETW,quarterly,2023,1,,Münster,68.7377347946167,0.19933926314115524
ETW,quarterly,2023,2,,Münster,81.4951114654541,0.16679928824305534
ETW,quarterly,2023,3,,Münster,89.25053596496582,0.14008360356092453
ETW,quarterly,2023,4,,Münster,95.8607177734375,0.13216977193951607
ETW,quarterly,2024,1,,Münster,100.5483226776123,0.10647966526448727
ETW,quarterly,2024,2,,Münster,105.37743186950684,0.10525979287922382
ETW,quarterly,2024,3,,Münster,109.58432388305664,0.09306616336107254
ETW,quarterly,2024,4,,Münster,106.98443412780762,0.10031933337450027
ETW,quarterly,2025,1,,Münster,101.5305404663086,0.11647631041705608
ETW,quarterly,2025,2,,Münster,89.12373733520508,0.12788055464625359
ETW,quarterly,2025,3,,Münster,83.82498550415039,0.14449595101177692
ETW,quarterly,2025,4,,Münster,81.6210880279541,0.15394525043666363
ETW,quarterly,2026,1,,Münster,80.1499137878418,0.1759223286062479
ETW,quarterly,2012,1,,Potsdam,,
ETW,quarterly,2012,2,,Potsdam,,
ETW,quarterly,2012,3,,Potsdam,,
ETW,quarterly,2012,4,,Potsdam,96.77095794677734,0.11827788222581148
ETW,quarterly,2013,1,,Potsdam,105.61465454101562,0.09226724226027727
ETW,quarterly,2013,2,,Potsdam,111.50375366210938,0.09220922272652388
ETW,quarterly,2013,3,,Potsdam,117.0235481262207,0.09442740678787231
ETW,quarterly,2013,4,,Potsdam,117.35770034790039,0.08855298534035683
ETW,quarterly,2014,1,,Potsdam,115.56341934204102,0.10138977319002151
ETW,quarterly,2014,2,,Potsdam,109.36945152282715,0.10706388391554356
ETW,quarterly,2014,3,,Potsdam,106.79181098937988,0.11536180041730404
ETW,quarterly,2014,4,,Potsdam,103.94224739074707,0.12994795851409435
ETW,quarterly,2015,1,,Potsdam,105.40027809143066,0.12508736364543438
ETW,quarterly,2015,2,,Potsdam,110.81450271606445,0.13248098082840443
ETW,quarterly,2015,3,,Potsdam,102.74080276489258,0.1571847852319479
ETW,quarterly,2015,4,,Potsdam,102.34076118469238,0.1496585886925459
ETW,quarterly,2016,1,,Potsdam,106.75899887084961,0.13274797052145004
ETW,quarterly,2016,2,,Potsdam,108.31960105895996,0.12471449747681618
ETW,quarterly,2016,3,,Potsdam,115.84186744689941,0.11652812734246254
ETW,quarterly,2016,4,,Potsdam,115.08631896972656,0.12469900771975517
ETW,quarterly,2017,1,,Potsdam,106.33573913574219,0.1430914755910635
ETW,quarterly,2017,2,,Potsdam,95.08608818054199,0.1758868545293808
ETW,quarterly,2017,3,,Potsdam,91.46438598632812,0.18490637093782425
ETW,quarterly,2017,4,,Potsdam,92.02804946899414,0.19217438623309135
ETW,quarterly,2018,1,,Potsdam,92.31793022155762,0.21177413314580917
ETW,quarterly,2018,2,,Potsdam,94.31205749511719,0.1889505535364151
ETW,quarterly,2018,3,,Potsdam,95.85696411132812,0.1765129417181015
ETW,quarterly,2018,4,,Potsdam,99.95631217956543,0.17227041721343994
ETW,quarterly,2019,1,,Potsdam,106.73493766784668,0.1437314972281456
ETW,quarterly,2019,2,,Potsdam,105.47253227233887,0.15050284937024117
ETW,quarterly,2019,3,,Potsdam,102.31672859191895,0.1425134763121605
ETW,quarterly,2019,4,,Potsdam,92.29068946838379,0.15922217816114426
ETW,quarterly,2020,1,,Potsdam,84.41218376159668,0.18025736510753632
ETW,quarterly,2020,2,,Potsdam,80.91118431091309,0.19938350841403008
ETW,quarterly,2020,3,,Potsdam,86.41842269897461,0.2071928046643734
ETW,quarterly,2020,4,,Potsdam,88.34915733337402,0.191167164593935
ETW,quarterly,2021,1,,Potsdam,79.02197933197021,0.21588023006916046
ETW,quarterly,2021,2,,Potsdam,78.97519969940186,0.23121513798832893
ETW,quarterly,2021,3,,Potsdam,74.96744632720947,0.23982300609350204
ETW,quarterly,2021,4,,Potsdam,74.70358371734619,0.24875157698988914
ETW,quarterly,2022,1,,Potsdam,83.32718658447266,0.22355588525533676
ETW,quarterly,2022,2,,Potsdam,88.05077171325684,0.17941741459071636
ETW,quarterly,2022,3,,Potsdam,82.71190643310547,0.16712749935686588
ETW,quarterly,2022,4,,Potsdam,88.67673110961914,0.15553935430943966
ETW,quarterly,2023,1,,Potsdam,99.41802597045898,0.1187746487557888
ETW,quarterly,2023,2,,Potsdam,104.44598197937012,0.12200045399367809
ETW,quarterly,2023,3,,Potsdam,113.27124786376953,0.11955336295068264
ETW,quarterly,2023,4,,Potsdam,117.64889526367188,0.10235835053026676
ETW,quarterly,2024,1,,Potsdam,117.53387451171875,0.10142464376986027
ETW,quarterly,2024,2,,Potsdam,130.27376556396484,0.07662926660850644
ETW,quarterly,2024,3,,Potsdam,136.92241668701172,0.06484475405886769
ETW,quarterly,2024,4,,Potsdam,132.08014678955078,0.08864077972248197
ETW,quarterly,2025,1,,Potsdam,126.94287872314453,0.08293036418035626
ETW,quarterly,2025,2,,Potsdam,112.16069602966309,0.10011556558310986
ETW,quarterly,2025,3,,Potsdam,104.39478874206543,0.10693374834954739
ETW,quarterly,2025,4,,Potsdam,104.2813663482666,0.0906552504748106
ETW,quarterly,2026,1,,Potsdam,108.09753799438477,0.11135684698820114
ETW,quarterly,2012,1,,Rhein-Erft-Kreis,,
ETW,quarterly,2012,2,,Rhein-Erft-Kreis,,
ETW,quarterly,2012,3,,Rhein-Erft-Kreis,,
ETW,quarterly,2012,4,,Rhein-Erft-Kreis,88.86748504638672,0.10776231344789267
ETW,quarterly,2013,1,,Rhein-Erft-Kreis,102.72993659973145,0.07230720203369856
ETW,quarterly,2013,2,,Rhein-Erft-Kreis,104.16057777404785,0.0741302976384759
ETW,quarterly,2013,3,,Rhein-Erft-Kreis,111.71784973144531,0.07606380246579647
ETW,quarterly,2013,4,,Rhein-Erft-Kreis,115.55244064331055,0.06633692607283592
ETW,quarterly,2014,1,,Rhein-Erft-Kreis,108.6763973236084,0.08044987916946411
ETW,quarterly,2014,2,,Rhein-Erft-Kreis,105.89673614501953,0.0904347151517868
ETW,quarterly,2014,3,,Rhein-Erft-Kreis,98.22284889221191,0.10369003377854824
ETW,quarterly,2014,4,,Rhein-Erft-Kreis,90.06775093078613,0.13046550936996937
ETW,quarterly,2015,1,,Rhein-Erft-Kreis,90.40120887756348,0.13161536119878292
ETW,quarterly,2015,2,,Rhein-Erft-Kreis,92.47801208496094,0.1333915125578642
ETW,quarterly,2015,3,,Rhein-Erft-Kreis,91.7950496673584,0.15310526452958584
ETW,quarterly,2015,4,,Rhein-Erft-Kreis,88.64080810546875,0.15549969486892223
ETW,quarterly,2016,1,,Rhein-Erft-Kreis,86.37022018432617,0.1560064498335123
ETW,quarterly,2016,2,,Rhein-Erft-Kreis,85.34476661682129,0.17199226096272469
ETW,quarterly,2016,3,,Rhein-Erft-Kreis,85.69528198242188,0.1727917082607746
ETW,quarterly,2016,4,,Rhein-Erft-Kreis,84.81453895568848,0.18168047815561295
ETW,quarterly,2017,1,,Rhein-Erft-Kreis,86.42212104797363,0.17973929643630981
ETW,quarterly,2017,2,,Rhein-Erft-Kreis,78.83433818817139,0.19701029360294342
ETW,quarterly,2017,3,,Rhein-Erft-Kreis,74.22712421417236,0.1998332366347313
ETW,quarterly,2017,4,,Rhein-Erft-Kreis,71.78242015838623,0.2154407724738121
ETW,quarterly,2018,1,,Rhein-Erft-Kreis,70.2031660079956,0.2306341901421547
ETW,quarterly,2018,2,,Rhein-Erft-Kreis,72.62403869628906,0.22406157478690147
ETW,quarterly,2018,3,,Rhein-Erft-Kreis,73.25977325439453,0.2309620901942253
ETW,quarterly,2018,4,,Rhein-Erft-Kreis,72.94705390930176,0.21305223181843758
ETW,quarterly,2019,1,,Rhein-Erft-Kreis,74.40122604370117,0.20815687626600266
ETW,quarterly,2019,2,,Rhein-Erft-Kreis,74.11900520324707,0.20162106305360794
ETW,quarterly,2019,3,,Rhein-Erft-Kreis,75.21404838562012,0.19816356897354126
ETW,quarterly,2019,4,,Rhein-Erft-Kreis,76.11013793945312,0.22202705964446068
ETW,quarterly,2020,1,,Rhein-Erft-Kreis,71.45472145080566,0.23399675637483597
ETW,quarterly,2020,2,,Rhein-Erft-Kreis,72.22336387634277,0.2333155907690525
ETW,quarterly,2020,3,,Rhein-Erft-Kreis,70.68860816955566,0.2384124957025051
ETW,quarterly,2020,4,,Rhein-Erft-Kreis,70.89828300476074,0.22808561101555824
ETW,quarterly,2021,1,,Rhein-Erft-Kreis,66.62170696258545,0.25185559689998627
ETW,quarterly,2021,2,,Rhein-Erft-Kreis,60.75714302062988,0.29453573375940323
ETW,quarterly,2021,3,,Rhein-Erft-Kreis,63.72027397155762,0.2834043465554714
ETW,quarterly,2021,4,,Rhein-Erft-Kreis,62.65037536621094,0.2745152562856674
ETW,quarterly,2022,1,,Rhein-Erft-Kreis,64.68210506439209,0.26258737593889236
ETW,quarterly,2022,2,,Rhein-Erft-Kreis,66.13116645812988,0.2312532253563404
ETW,quarterly,2022,3,,Rhein-Erft-Kreis,64.25725746154785,0.21629110351204872
ETW,quarterly,2022,4,,Rhein-Erft-Kreis,67.72145080566406,0.20170454680919647
ETW,quarterly,2023,1,,Rhein-Erft-Kreis,76.75236701965332,0.16502584144473076
ETW,quarterly,2023,2,,Rhein-Erft-Kreis,87.21440315246582,0.12981598265469074
ETW,quarterly,2023,3,,Rhein-Erft-Kreis,93.75997161865234,0.11705533228814602
ETW,quarterly,2023,4,,Rhein-Erft-Kreis,98.27909088134766,0.10824696905910969
ETW,quarterly,2024,1,,Rhein-Erft-Kreis,104.71406936645508,0.09716402925550938
ETW,quarterly,2024,2,,Rhein-Erft-Kreis,117.01760482788086,0.08573646191507578
ETW,quarterly,2024,3,,Rhein-Erft-Kreis,120.02579879760742,0.09077015798538923
ETW,quarterly,2024,4,,Rhein-Erft-Kreis,117.87922477722168,0.08931454177945852
ETW,quarterly,2025,1,,Rhein-Erft-Kreis,110.66897773742676,0.10151613410562277
ETW,quarterly,2025,2,,Rhein-Erft-Kreis,97.60033226013184,0.11577737890183926
ETW,quarterly,2025,3,,Rhein-Erft-Kreis,92.94620895385742,0.12529364973306656
ETW,quarterly,2025,4,,Rhein-Erft-Kreis,94.25172233581543,0.12071947567164898
ETW,quarterly,2026,1,,Rhein-Erft-Kreis,92.2160530090332,0.1240787710994482
ETW,quarterly,2012,1,,Stuttgart,,
ETW,quarterly,2012,2,,Stuttgart,,
ETW,quarterly,2012,3,,Stuttgart,,
ETW,quarterly,2012,4,,Stuttgart,70.64328479766846,0.20243008434772491
ETW,quarterly,2013,1,,Stuttgart,79.19786071777344,0.17999864369630814
ETW,quarterly,2013,2,,Stuttgart,78.82416725158691,0.188123669475317
ETW,quarterly,2013,3,,Stuttgart,84.24125862121582,0.18489738181233406
ETW,quarterly,2013,4,,Stuttgart,86.58332443237305,0.17471538856625557
ETW,quarterly,2014,1,,Stuttgart,79.79880237579346,0.18251296877861023
ETW,quarterly,2014,2,,Stuttgart,75.11431217193604,0.2043108157813549
ETW,quarterly,2014,3,,Stuttgart,68.68544864654541,0.2200784534215927
ETW,quarterly,2014,4,,Stuttgart,64.4122896194458,0.2380521222949028
ETW,quarterly,2015,1,,Stuttgart,65.59100246429443,0.26618891581892967
ETW,quarterly,2015,2,,Stuttgart,67.221848487854,0.2669617645442486
ETW,quarterly,2015,3,,Stuttgart,64.05528354644775,0.2807210236787796
ETW,quarterly,2015,4,,Stuttgart,61.905945777893066,0.274280596524477
ETW,quarterly,2016,1,,Stuttgart,65.26887702941895,0.2473539225757122
ETW,quarterly,2016,2,,Stuttgart,67.00713539123535,0.24536846950650215
ETW,quarterly,2016,3,,Stuttgart,68.27612590789795,0.25141139701008797
ETW,quarterly,2016,4,,Stuttgart,70.43044376373291,0.26870932430028915
ETW,quarterly,2017,1,,Stuttgart,66.83446884155273,0.2695048376917839
ETW,quarterly,2017,2,,Stuttgart,60.871005058288574,0.29169032722711563
ETW,quarterly,2017,3,,Stuttgart,61.58448123931885,0.29204487055540085
ETW,quarterly,2017,4,,Stuttgart,60.14123821258545,0.2952931970357895
ETW,quarterly,2018,1,,Stuttgart,59.6145715713501,0.3152517154812813
ETW,quarterly,2018,2,,Stuttgart,60.92154407501221,0.2952206879854202
ETW,quarterly,2018,3,,Stuttgart,61.37005805969238,0.2865225300192833
ETW,quarterly,2018,4,,Stuttgart,60.6697359085083,0.2755839303135872
ETW,quarterly,2019,1,,Stuttgart,63.440635681152344,0.24887607991695404
ETW,quarterly,2019,2,,Stuttgart,63.54988193511963,0.2543605789542198
ETW,quarterly,2019,3,,Stuttgart,64.70816135406494,0.2558743506669998
ETW,quarterly,2019,4,,Stuttgart,64.0636043548584,0.2640722990036011
ETW,quarterly,2020,1,,Stuttgart,61.49490451812744,0.29427076131105423
ETW,quarterly,2020,2,,Stuttgart,64.14216136932373,0.28958333283662796
ETW,quarterly,2020,3,,Stuttgart,63.037293434143066,0.28681696206331253
ETW,quarterly,2020,4,,Stuttgart,63.7757453918457,0.28200802206993103
ETW,quarterly,2021,1,,Stuttgart,62.76594066619873,0.2835531085729599
ETW,quarterly,2021,2,,Stuttgart,57.59361553192139,0.31844815611839294
ETW,quarterly,2021,3,,Stuttgart,59.13516902923584,0.3259767070412636
ETW,quarterly,2021,4,,Stuttgart,62.14051818847656,0.32045506685972214
ETW,quarterly,2022,1,,Stuttgart,63.95995044708252,0.29939863085746765
ETW,quarterly,2022,2,,Stuttgart,68.21132755279541,0.251932080835104
ETW,quarterly,2022,3,,Stuttgart,67.21741771697998,0.22261465713381767
ETW,quarterly,2022,4,,Stuttgart,68.64363384246826,0.18949295580387115
ETW,quarterly,2023,1,,Stuttgart,77.57172584533691,0.15191050991415977
ETW,quarterly,2023,2,,Stuttgart,86.48171806335449,0.13017885386943817
ETW,quarterly,2023,3,,Stuttgart,93.40304183959961,0.11804093420505524
ETW,quarterly,2023,4,,Stuttgart,97.50575828552246,0.11315642483532429
ETW,quarterly,2024,1,,Stuttgart,100.46450996398926,0.10610483400523663
ETW,quarterly,2024,2,,Stuttgart,108.3448543548584,0.09940319322049618
ETW,quarterly,2024,3,,Stuttgart,109.19695472717285,0.10281613282859325
ETW,quarterly,2024,4,,Stuttgart,106.08580017089844,0.11767180636525154
ETW,quarterly,2025,1,,Stuttgart,96.70933723449707,0.146378792822361
ETW,quarterly,2025,2,,Stuttgart,81.84489440917969,0.16713792085647583
ETW,quarterly,2025,3,,Stuttgart,77.39549446105957,0.17610422149300575
ETW,quarterly,2025,4,,Stuttgart,78.22290420532227,0.17553474009037018
ETW,quarterly,2026,1,,Stuttgart,80.86767959594727,0.16988513991236687
ETW,quarterly,2012,1,,Wiesbaden,,
ETW,quarterly,2012,2,,Wiesbaden,,
ETW,quarterly,2012,3,,Wiesbaden,,
ETW,quarterly,2012,4,,Wiesbaden,75.87261295318604,0.15620962157845497
ETW,quarterly,2013,1,,Wiesbaden,83.57176780700684,0.14507846906781197
ETW,quarterly,2013,2,,Wiesbaden,86.2228775024414,0.14494725689291954
ETW,quarterly,2013,3,,Wiesbaden,92.38993835449219,0.15428418666124344
ETW,quarterly,2013,4,,Wiesbaden,96.61574363708496,0.14220622181892395
ETW,quarterly,2014,1,,Wiesbaden,94.26373291015625,0.15175387263298035
ETW,quarterly,2014,2,,Wiesbaden,90.03833961486816,0.1655847169458866
ETW,quarterly,2014,3,,Wiesbaden,82.59668922424316,0.1821015626192093
ETW,quarterly,2014,4,,Wiesbaden,76.14802551269531,0.2122993841767311
ETW,quarterly,2015,1,,Wiesbaden,79.3410758972168,0.2162577509880066
ETW,quarterly,2015,2,,Wiesbaden,83.61798286437988,0.22053895145654678
ETW,quarterly,2015,3,,Wiesbaden,82.12961196899414,0.23551278188824654
ETW,quarterly,2015,4,,Wiesbaden,81.26018905639648,0.22662319242954254
ETW,quarterly,2016,1,,Wiesbaden,76.5655689239502,0.22347138822078705
ETW,quarterly,2016,2,,Wiesbaden,73.59700965881348,0.21817569434642792
ETW,quarterly,2016,3,,Wiesbaden,77.34466743469238,0.20603333413600922
ETW,quarterly,2016,4,,Wiesbaden,80.40750312805176,0.2045394703745842
ETW,quarterly,2017,1,,Wiesbaden,83.00251388549805,0.20558934286236763
ETW,quarterly,2017,2,,Wiesbaden,76.74484539031982,0.24546348676085472
ETW,quarterly,2017,3,,Wiesbaden,72.53297901153564,0.2683347426354885
ETW,quarterly,2017,4,,Wiesbaden,67.47033214569092,0.28824712336063385
ETW,quarterly,2018,1,,Wiesbaden,65.2128553390503,0.3027827739715576
ETW,quarterly,2018,2,,Wiesbaden,70.09797286987305,0.2759156748652458
ETW,quarterly,2018,3,,Wiesbaden,73.2610912322998,0.24796519801020622
ETW,quarterly,2018,4,,Wiesbaden,77.0353889465332,0.21718763187527657
ETW,quarterly,2019,1,,Wiesbaden,77.29695129394531,0.20295844227075577
ETW,quarterly,2019,2,,Wiesbaden,76.92620468139648,0.19722401350736618
ETW,quarterly,2019,3,,Wiesbaden,76.87641334533691,0.202017180621624
ETW,quarterly,2019,4,,Wiesbaden,76.1458854675293,0.2136143408715725
ETW,quarterly,2020,1,,Wiesbaden,76.4467658996582,0.22666619718074799
ETW,quarterly,2020,2,,Wiesbaden,75.26926231384277,0.23463884368538857
ETW,quarterly,2020,3,,Wiesbaden,73.89781188964844,0.2523081749677658
ETW,quarterly,2020,4,,Wiesbaden,71.65890884399414,0.2581731788814068
ETW,quarterly,2021,1,,Wiesbaden,72.64324569702148,0.25124502554535866
ETW,quarterly,2021,2,,Wiesbaden,70.25612258911133,0.2847681939601898
ETW,quarterly,2021,3,,Wiesbaden,75.09537506103516,0.2644519843161106
ETW,quarterly,2021,4,,Wiesbaden,81.98675918579102,0.2529570795595646
ETW,quarterly,2022,1,,Wiesbaden,82.70732688903809,0.2513084188103676
ETW,quarterly,2022,2,,Wiesbaden,86.6217155456543,0.20440847426652908
ETW,quarterly,2022,3,,Wiesbaden,81.8129711151123,0.194395050406456
ETW,quarterly,2022,4,,Wiesbaden,79.81979942321777,0.18256866186857224
ETW,quarterly,2023,1,,Wiesbaden,84.01904106140137,0.16036875173449516
ETW,quarterly,2023,2,,Wiesbaden,90.84805107116699,0.1347946561872959
ETW,quarterly,2023,3,,Wiesbaden,94.38418960571289,0.12874184548854828
ETW,quarterly,2023,4,,Wiesbaden,93.76396560668945,0.12014675326645374
ETW,quarterly,2024,1,,Wiesbaden,98.61945915222168,0.10336663387715816
ETW,quarterly,2024,2,,Wiesbaden,105.82994842529297,0.10147354565560818
ETW,quarterly,2024,3,,Wiesbaden,111.5909538269043,0.09103451669216156
ETW,quarterly,2024,4,,Wiesbaden,112.1336555480957,0.09491069614887238
ETW,quarterly,2025,1,,Wiesbaden,103.18156623840332,0.1166958212852478
ETW,quarterly,2025,2,,Wiesbaden,90.6957836151123,0.14328957721590996
ETW,quarterly,2025,3,,Wiesbaden,86.7037410736084,0.16000289656221867
ETW,quarterly,2025,4,,Wiesbaden,87.35102653503418,0.16037054359912872
ETW,quarterly,2026,1,,Wiesbaden,89.4236831665039,0.15762389451265335
