Year,Quarter,City,Rent_Index,Sales_Index,Inflation_adjusted,Granularity
2012,1.0,Berlin,83.68882751464844,72.27536010742188,0,quarterly
2012,1.0,Berlin,86.76404768474795,74.88032531738281,1,quarterly
2012,1.0,Bonn,92.82840728759766,82.16597747802734,0,quarterly
2012,1.0,Bonn,96.23946942010353,85.10777282714844,1,quarterly
2012,1.0,Dortmund,91.36640167236328,88.2930679321289,0,quarterly
2012,1.0,Dortmund,94.72374111224354,91.47415161132812,1,quarterly
2012,1.0,Dresden,87.87200164794922,82.0201187133789,0,quarterly
2012,1.0,Dresden,91.10093626060696,84.97879028320312,1,quarterly
2012,1.0,Duisburg,94.82955169677734,114.21338653564453,0,quarterly
2012,1.0,Duisburg,98.31414765492218,118.30782318115234,1,quarterly
2012,1.0,Düsseldorf,93.07221221923828,78.94319152832031,0,quarterly
2012,1.0,Düsseldorf,96.49223318012803,81.78413391113281,1,quarterly
2012,1.0,Erfurt,91.21815490722656,89.80577850341797,0,quarterly
2012,1.0,Erfurt,94.57004688827821,93.03324890136719,1,quarterly
2012,1.0,Frankfurt am Main,91.75794982910156,77.31871795654297,0,quarterly
2012,1.0,Frankfurt am Main,95.1296770531691,80.10389709472656,1,quarterly
2012,1.0,Hamburg,94.80931091308594,79.2061996459961,0,quarterly
2012,1.0,Hamburg,98.29316310568746,82.0595474243164,1,quarterly
2012,1.0,Karlsruhe,91.67577362060547,81.2602310180664,0,quarterly
2012,1.0,Karlsruhe,95.04448120702992,84.1849136352539,1,quarterly
2012,1.0,Köln,90.8470230102539,77.23828887939453,0,quarterly
2012,1.0,Köln,94.18527742068554,80.01988220214844,1,quarterly
2012,1.0,Lübeck,90.46378326416016,87.67901611328125,0,quarterly
2012,1.0,Lübeck,93.78795519032033,90.82620239257812,1,quarterly
2012,1.0,Kreis Mettmann,94.5373764038086,88.32046508789062,0,quarterly
2012,1.0,Kreis Mettmann,98.01123612175476,91.49740600585938,1,quarterly
2012,1.0,München,86.5006103515625,69.8089370727539,0,quarterly
2012,1.0,München,89.67915197508427,72.32916259765625,1,quarterly
2012,1.0,Münster,92.58106994628906,81.355712890625,0,quarterly
2012,1.0,Münster,95.9830434488858,84.2872085571289,1,quarterly
2012,1.0,Potsdam,91.9522476196289,76.0516128540039,0,quarterly
2012,1.0,Potsdam,95.33111448828437,78.79110717773438,1,quarterly
2012,1.0,Rhein-Erft-Kreis,93.84024810791016,75.41873931884766,0,quarterly
2012,1.0,Rhein-Erft-Kreis,97.2884912285116,78.14720916748047,1,quarterly
2012,1.0,Stuttgart,89.21065521240234,74.46898651123047,0,quarterly
2012,1.0,Stuttgart,92.4887798372091,77.1537094116211,1,quarterly
2012,1.0,Wiesbaden,92.153076171875,83.28160095214844,0,quarterly
2012,1.0,Wiesbaden,95.53932266374828,86.2848129272461,1,quarterly
2012,2.0,Berlin,85.73341369628906,74.31599426269531,0,quarterly
2012,2.0,Berlin,88.55996157953648,76.72261810302734,1,quarterly
2012,2.0,Bonn,94.5614013671875,85.20410919189453,0,quarterly
2012,2.0,Bonn,97.67899948147911,87.94303131103516,1,quarterly
2012,2.0,Dortmund,91.60417938232422,92.40550994873047,0,quarterly
2012,2.0,Dortmund,94.62428074265222,95.39669799804688,1,quarterly
2012,2.0,Dresden,88.5127944946289,84.3045654296875,0,quarterly
2012,2.0,Dresden,91.43097587960666,87.03719329833984,1,quarterly
2012,2.0,Duisburg,94.91337585449219,100.54441833496094,0,quarterly
2012,2.0,Duisburg,98.04257822783701,103.78105163574219,1,quarterly
2012,2.0,Düsseldorf,94.76018524169922,80.84282684326172,0,quarterly
2012,2.0,Düsseldorf,97.88433706842919,83.45638275146484,1,quarterly
2012,2.0,Erfurt,91.4495849609375,89.72738647460938,0,quarterly
2012,2.0,Erfurt,94.46458949243653,92.62379455566406,1,quarterly
2012,2.0,Frankfurt am Main,93.78318786621094,79.6317367553711,0,quarterly
2012,2.0,Frankfurt am Main,96.87512903265615,82.20890045166016,1,quarterly
2012,2.0,Hamburg,97.95177459716797,81.08003234863281,0,quarterly
2012,2.0,Hamburg,101.18115004381411,83.7042465209961,1,quarterly
2012,2.0,Karlsruhe,92.58108520507812,81.04412078857422,0,quarterly
2012,2.0,Karlsruhe,95.63339420728562,83.66453552246094,1,quarterly
2012,2.0,Köln,92.19876861572266,80.4168930053711,0,quarterly
2012,2.0,Köln,95.23847300906432,83.01875305175781,1,quarterly
2012,2.0,Lübeck,91.35517883300781,84.8331527709961,0,quarterly
2012,2.0,Lübeck,94.36707088560789,87.56786346435547,1,quarterly
2012,2.0,Kreis Mettmann,95.7354507446289,88.6525650024414,0,quarterly
2012,2.0,Kreis Mettmann,98.89175613347733,91.51713562011719,1,quarterly
2012,2.0,München,88.31651306152344,71.35045623779297,0,quarterly
2012,2.0,München,91.22822323714016,73.66527557373047,1,quarterly
2012,2.0,Münster,93.40766143798828,80.76461791992188,0,quarterly
2012,2.0,Münster,96.48722186062506,83.37934112548828,1,quarterly
2012,2.0,Potsdam,93.33014678955078,79.33634185791016,0,quarterly
2012,2.0,Potsdam,96.40715162906056,81.9039077758789,1,quarterly
2012,2.0,Rhein-Erft-Kreis,93.07179260253906,79.05152893066406,0,quarterly
2012,2.0,Rhein-Erft-Kreis,96.14027975391603,81.62217712402344,1,quarterly
2012,2.0,Stuttgart,90.07816314697266,75.51812744140625,0,quarterly
2012,2.0,Stuttgart,93.0479532252244,77.96438598632812,1,quarterly
2012,2.0,Wiesbaden,93.40863800048828,87.03754425048828,0,quarterly
2012,2.0,Wiesbaden,96.48823061944792,89.8577651977539,1,quarterly
2012,3.0,Berlin,86.56934356689453,75.80963897705078,0,quarterly
2012,3.0,Berlin,88.93745423330776,77.8398208618164,1,quarterly
2012,3.0,Bonn,95.47845458984375,87.27246856689453,0,quarterly
2012,3.0,Bonn,98.0902746338775,89.58894348144531,1,quarterly
2012,3.0,Dortmund,91.75054168701172,89.05783081054688,0,quarterly
2012,3.0,Dortmund,94.26038440344989,91.44161224365234,1,quarterly
2012,3.0,Dresden,89.05913543701172,85.57905578613281,0,quarterly
2012,3.0,Dresden,91.4953545404517,87.8734359741211,1,quarterly
2012,3.0,Duisburg,95.45675659179688,111.80914306640625,0,quarterly
2012,3.0,Duisburg,98.06798308552175,114.781982421875,1,quarterly
2012,3.0,Düsseldorf,93.89595794677734,81.63953399658203,0,quarterly
2012,3.0,Düsseldorf,96.46448868046636,83.82139587402344,1,quarterly
2012,3.0,Erfurt,92.98530578613281,85.70979309082031,0,quarterly
2012,3.0,Erfurt,95.5289255639781,87.99628448486328,1,quarterly
2012,3.0,Frankfurt am Main,93.48231506347656,80.78925323486328,0,quarterly
2012,3.0,Frankfurt am Main,96.03953056611876,82.95117950439453,1,quarterly
2012,3.0,Hamburg,97.28308868408203,82.56456756591797,0,quarterly
2012,3.0,Hamburg,99.94427462453427,84.77418518066406,1,quarterly
2012,3.0,Karlsruhe,92.63228607177734,81.08910369873047,0,quarterly
2012,3.0,Karlsruhe,95.1662489697553,83.25659942626953,1,quarterly
2012,3.0,Köln,91.77775573730469,82.34186553955078,0,quarterly
2012,3.0,Köln,94.28834289606066,84.54460906982422,1,quarterly
2012,3.0,Lübeck,91.64932250976562,87.49159240722656,0,quarterly
2012,3.0,Lübeck,94.15639636827551,89.8218002319336,1,quarterly
2012,3.0,Kreis Mettmann,95.5851058959961,91.14908599853516,0,quarterly
2012,3.0,Kreis Mettmann,98.199843394238,93.5835952758789,1,quarterly
2012,3.0,München,88.8909683227539,75.11251068115234,0,quarterly
2012,3.0,München,91.32258720259735,77.12845611572266,1,quarterly
2012,3.0,Münster,92.91809844970703,84.51695251464844,0,quarterly
2012,3.0,Münster,95.45987976599429,86.77955627441406,1,quarterly
2012,3.0,Potsdam,92.44123840332031,75.84757232666016,0,quarterly
2012,3.0,Potsdam,94.9699751784836,77.8772201538086,1,quarterly
2012,3.0,Rhein-Erft-Kreis,93.5836181640625,81.0537338256836,0,quarterly
2012,3.0,Rhein-Erft-Kreis,96.14360482036203,83.23523712158203,1,quarterly
2012,3.0,Stuttgart,91.32469940185547,76.47257995605469,0,quarterly
2012,3.0,Stuttgart,93.82289317172506,78.52122497558594,1,quarterly
2012,3.0,Wiesbaden,94.03235626220703,88.51988983154297,0,quarterly
2012,3.0,Wiesbaden,96.60461818169856,90.89209747314453,1,quarterly
2012,4.0,Berlin,87.20621490478516,77.8382797241211,0,quarterly
2012,4.0,Berlin,89.30054978783616,79.64307403564453,1,quarterly
2012,4.0,Bonn,94.57516479492188,89.38494873046875,0,quarterly
2012,4.0,Bonn,96.84647156952003,91.43635559082031,1,quarterly
2012,4.0,Dortmund,92.48257446289062,90.18699645996094,0,quarterly
2012,4.0,Dortmund,94.70362581781379,92.27690887451172,1,quarterly
2012,4.0,Dresden,90.92823791503906,86.43318176269531,0,quarterly
2012,4.0,Dresden,93.11196049407485,88.4398422241211,1,quarterly
2012,4.0,Duisburg,96.1244125366211,113.60692596435547,0,quarterly
2012,4.0,Duisburg,98.43292587489675,116.2193832397461,1,quarterly
2012,4.0,Düsseldorf,94.79269409179688,82.21016693115234,0,quarterly
2012,4.0,Düsseldorf,97.0692250261069,84.11186218261719,1,quarterly
2012,4.0,Erfurt,93.18933868408203,84.0507583618164,0,quarterly
2012,4.0,Erfurt,95.42736361094785,85.99097442626953,1,quarterly
2012,4.0,Frankfurt am Main,93.73297119140625,82.67279815673828,0,quarterly
2012,4.0,Frankfurt am Main,95.98405193688423,84.5880355834961,1,quarterly
2012,4.0,Hamburg,96.37617492675781,83.73468017578125,0,quarterly
2012,4.0,Hamburg,98.69073456295477,85.67469787597656,1,quarterly
2012,4.0,Karlsruhe,91.85359954833984,83.13346099853516,0,quarterly
2012,4.0,Karlsruhe,94.05954551076837,85.05687713623047,1,quarterly
2012,4.0,Köln,92.2025375366211,81.81328582763672,0,quarterly
2012,4.0,Köln,94.41686355546736,83.70789337158203,1,quarterly
2012,4.0,Lübeck,91.34823608398438,93.17754364013672,0,quarterly
2012,4.0,Lübeck,93.54204529293526,95.32439422607422,1,quarterly
2012,4.0,Kreis Mettmann,96.29912567138672,91.77886962890625,0,quarterly
2012,4.0,Kreis Mettmann,98.61183490112569,93.90040588378906,1,quarterly
2012,4.0,München,89.57780456542969,77.16920471191406,0,quarterly
2012,4.0,München,91.72909528540119,78.96302032470703,1,quarterly
2012,4.0,Münster,94.7303237915039,81.41341400146484,0,quarterly
2012,4.0,Münster,97.00535684752955,83.30036926269531,1,quarterly
2012,4.0,Potsdam,91.97254943847656,82.85994720458984,0,quarterly
2012,4.0,Potsdam,94.18135208840748,84.77947998046875,1,quarterly
2012,4.0,Rhein-Erft-Kreis,93.85299682617188,80.53010559082031,0,quarterly
2012,4.0,Rhein-Erft-Kreis,96.10696009411713,82.4080810546875,1,quarterly
2012,4.0,Stuttgart,91.36050415039062,77.63719940185547,0,quarterly
2012,4.0,Stuttgart,93.55460798787743,79.43804168701172,1,quarterly
2012,4.0,Wiesbaden,94.33035278320312,85.76846313476562,0,quarterly
2012,4.0,Wiesbaden,96.59578017940501,87.75871276855469,1,quarterly
2012,,Berlin,86.09223175048828,75.32655334472656,0,annual
2012,,Berlin,88.696347762198,77.55023956298828,1,annual
2012,,Bocholt,95.01818084716797,90.1353988647461,0,annual
2012,,Bocholt,97.89228877905157,92.79625701904297,1,annual
2012,,Bonn,94.63997650146484,87.29000091552734,0,annual
2012,,Bonn,97.50264451626977,89.86685943603516,1,annual
2012,,Chemnitz,96.29306030273438,109.96717834472656,0,annual
2012,,Chemnitz,99.20573076152355,113.2134780883789,1,annual
2012,,Dortmund,91.79841613769531,90.14935302734375,0,annual
2012,,Dortmund,94.57513269449903,92.81062316894531,1,annual
2012,,Dresden,89.46611022949219,84.31755065917969,0,annual
2012,,Dresden,92.17227924633482,86.80665588378906,1,annual
2012,,Duisburg,95.55399322509766,109.9664306640625,0,annual
2012,,Duisburg,98.44430839849734,113.21270751953125,1,annual
2012,,Düsseldorf,94.17654418945312,80.46769714355469,0,annual
2012,,Düsseldorf,97.02519431345054,82.84315490722656,1,annual
2012,,Erfurt,92.4322509765625,86.09369659423828,0,annual
2012,,Erfurt,95.22813975621506,88.63523864746094,1,annual
2012,,Frankfurt am Main,93.5345230102539,80.35874938964844,0,annual
2012,,Frankfurt am Main,96.36375329115265,82.73099517822266,1,annual
2012,,Hamburg,96.4876937866211,81.44432067871094,0,annual
2012,,Hamburg,99.40625151492924,83.8486099243164,1,annual
2012,,Karlsruhe,92.2126235961914,81.38654327392578,0,annual
2012,,Karlsruhe,95.00186909147085,83.78912353515625,1,annual
2012,,Köln,91.87586212158203,80.5539779663086,0,annual
2012,,Köln,94.6549212628743,82.9319839477539,1,annual
2012,,Lübeck,91.65101623535156,87.43846130371094,0,annual
2012,,Lübeck,94.42327424301544,90.01969909667969,1,annual
2012,,Kreis Mettmann,95.58145904541016,90.23699951171875,0,annual
2012,,Kreis Mettmann,98.47260500436384,92.9008560180664,1,annual
2012,,München,88.55059814453125,73.34143829345703,0,annual
2012,,München,91.22907477112118,75.50652313232422,1,annual
2012,,Münster,93.8568344116211,81.76351928710938,0,annual
2012,,Münster,96.6958139609961,84.1772232055664,1,annual
2012,,Potsdam,92.59215545654297,80.08160400390625,0,annual
2012,,Potsdam,95.3928810235362,82.44567108154297,1,annual
2012,,Rhein-Erft-Kreis,93.6624526977539,78.99207305908203,0,annual
2012,,Rhein-Erft-Kreis,96.4955525931442,81.32396697998047,1,annual
2012,,Stuttgart,90.60908508300781,76.17160034179688,0,annual
2012,,Stuttgart,93.34982677913291,78.42023468017578,1,annual
2012,,Wiesbaden,93.626953125,85.9443130493164,0,annual
2012,,Wiesbaden,96.45897923006174,88.4814453125,1,annual
2013,1.0,Berlin,89.88927459716797,79.14813995361328,0,quarterly
2013,1.0,Berlin,91.78287292771688,80.7520751953125,1,quarterly
2013,1.0,Bonn,95.7860107421875,92.07860565185547,0,quarterly
2013,1.0,Bonn,97.80382911756307,93.92288208007812,1,quarterly
2013,1.0,Dortmund,93.2550048828125,89.41756439208984,0,quarterly
2013,1.0,Dortmund,95.21950534577415,91.2284164428711,1,quarterly
2013,1.0,Dresden,92.68032836914062,84.93212127685547,0,quarterly
2013,1.0,Dresden,94.63272275502277,86.65579223632812,1,quarterly
2013,1.0,Duisburg,96.20164489746094,102.8866958618164,0,quarterly
2013,1.0,Duisburg,98.2282189797445,104.95211029052734,1,quarterly
2013,1.0,Düsseldorf,96.95526123046875,81.35489654541016,0,quarterly
2013,1.0,Düsseldorf,98.99771091789489,82.9991455078125,1,quarterly
2013,1.0,Erfurt,94.01203155517578,85.79283142089844,0,quarterly
2013,1.0,Erfurt,95.99247946514258,87.52264404296875,1,quarterly
2013,1.0,Frankfurt am Main,95.44059753417969,84.9833755493164,0,quarterly
2013,1.0,Frankfurt am Main,97.45113946999153,86.70386505126953,1,quarterly
2013,1.0,Hamburg,98.65919494628906,86.12538146972656,0,quarterly
2013,1.0,Hamburg,100.73753952834087,87.86917877197266,1,quarterly
2013,1.0,Karlsruhe,94.70671081542969,86.9256820678711,0,quarterly
2013,1.0,Karlsruhe,96.7017927681494,88.68289184570312,1,quarterly
2013,1.0,Köln,94.07967376708984,83.0995864868164,0,quarterly
2013,1.0,Köln,96.06154662102385,84.78121185302734,1,quarterly
2013,1.0,Lübeck,92.32901763916016,96.63060760498047,0,quarterly
2013,1.0,Lübeck,94.2740113488796,98.57475280761719,1,quarterly
2013,1.0,Kreis Mettmann,96.58967590332031,93.03404998779297,0,quarterly
2013,1.0,Kreis Mettmann,98.62442420736937,94.9128189086914,1,quarterly
2013,1.0,München,92.75601196289062,79.75164794921875,0,quarterly
2013,1.0,München,94.71000069167316,81.37248229980469,1,quarterly
2013,1.0,Münster,95.28887176513672,82.17951202392578,0,quarterly
2013,1.0,Münster,97.29621746130542,83.8441390991211,1,quarterly
2013,1.0,Potsdam,94.03118896484375,84.26116943359375,0,quarterly
2013,1.0,Potsdam,96.0120404428572,85.96699523925781,1,quarterly
2013,1.0,Rhein-Erft-Kreis,94.85997009277344,78.4336166381836,0,quarterly
2013,1.0,Rhein-Erft-Kreis,96.85828058986642,80.03352355957031,1,quarterly
2013,1.0,Stuttgart,94.15757751464844,82.26643371582031,0,quarterly
2013,1.0,Stuttgart,96.14109148101751,83.93431091308594,1,quarterly
2013,1.0,Wiesbaden,95.75072479248047,88.9542236328125,0,quarterly
2013,1.0,Wiesbaden,97.76779983762275,90.75851440429688,1,quarterly
2013,2.0,Berlin,91.72673797607422,81.39306640625,0,quarterly
2013,2.0,Berlin,93.32298727346914,82.77986145019531,1,quarterly
2013,2.0,Bonn,95.76520538330078,92.9650650024414,0,quarterly
2013,2.0,Bonn,97.43173299761371,94.52720642089844,1,quarterly
2013,2.0,Dortmund,93.99778747558594,92.91282653808594,0,quarterly
2013,2.0,Dortmund,95.63355808648151,94.49466705322266,1,quarterly
2013,2.0,Dresden,93.42522430419922,88.2355728149414,0,quarterly
2013,2.0,Dresden,95.05103104218044,89.7415771484375,1,quarterly
2013,2.0,Duisburg,96.26959228515625,103.39892578125,0,quarterly
2013,2.0,Duisburg,97.94489735362775,105.14104461669922,1,quarterly
2013,2.0,Düsseldorf,97.5339126586914,86.52334594726562,0,quarterly
2013,2.0,Düsseldorf,99.23121971428759,87.99288940429688,1,quarterly
2013,2.0,Erfurt,94.09237670898438,88.37928009033203,0,quarterly
2013,2.0,Erfurt,95.72979338296564,89.8760986328125,1,quarterly
2013,2.0,Frankfurt am Main,96.2690200805664,86.5562973022461,0,quarterly
2013,2.0,Frankfurt am Main,97.94431519140512,88.02935028076172,1,quarterly
2013,2.0,Hamburg,99.18047332763672,86.46477508544922,0,quarterly
2013,2.0,Hamburg,100.90643420183494,87.93646240234375,1,quarterly
2013,2.0,Karlsruhe,95.11071014404297,87.41720581054688,0,quarterly
2013,2.0,Karlsruhe,96.76584808519335,88.90229797363281,1,quarterly
2013,2.0,Köln,94.81218719482422,89.45695495605469,0,quarterly
2013,2.0,Köln,96.46213017255978,90.97859191894531,1,quarterly
2013,2.0,Lübeck,92.306640625,98.48492431640625,0,quarterly
2013,2.0,Lübeck,93.91298151854593,100.14864349365234,1,quarterly
2013,2.0,Kreis Mettmann,96.76862335205078,91.61555480957031,0,quarterly
2013,2.0,Kreis Mettmann,98.45261267123789,93.17008972167969,1,quarterly
2013,2.0,München,93.0889892578125,82.44978332519531,0,quarterly
2013,2.0,München,94.70894475799332,83.85940551757812,1,quarterly
2013,2.0,Münster,95.3259506225586,81.972900390625,0,quarterly
2013,2.0,Münster,96.98483422686219,83.36884307861328,1,quarterly
2013,2.0,Potsdam,95.55609893798828,86.8990707397461,0,quarterly
2013,2.0,Potsdam,97.21898763497158,88.37791442871094,1,quarterly
2013,2.0,Rhein-Erft-Kreis,94.98761749267578,87.00672912597656,0,quarterly
2013,2.0,Rhein-Erft-Kreis,96.6406133478587,88.50074005126953,1,quarterly
2013,2.0,Stuttgart,95.66282653808594,81.90313720703125,0,quarterly
2013,2.0,Stuttgart,97.32757253273869,83.29937744140625,1,quarterly
2013,2.0,Wiesbaden,97.12789154052734,90.54875946044922,0,quarterly
2013,2.0,Wiesbaden,98.8181329254271,92.09322357177734,1,quarterly
2013,3.0,Berlin,92.2380599975586,83.06719207763672,0,quarterly
2013,3.0,Berlin,93.2410050349652,83.92514038085938,1,quarterly
2013,3.0,Bonn,95.5600814819336,91.62841796875,0,quarterly
2013,3.0,Bonn,96.5991483215767,92.55342102050781,1,quarterly
2013,3.0,Dortmund,93.98127746582031,96.91178131103516,0,quarterly
2013,3.0,Dortmund,95.00317727427218,97.91143035888672,1,quarterly
2013,3.0,Dresden,94.18354797363281,87.16191101074219,0,quarterly
2013,3.0,Dresden,95.20764715837285,88.0647201538086,1,quarterly
2013,3.0,Duisburg,96.48170471191406,102.24528503417969,0,quarterly
2013,3.0,Duisburg,97.53079276671383,103.28204345703125,1,quarterly
2013,3.0,Düsseldorf,97.33975982666016,86.8927001953125,0,quarterly
2013,3.0,Düsseldorf,98.39817789251153,87.78549194335938,1,quarterly
2013,3.0,Erfurt,95.21351623535156,88.93649291992188,0,quarterly
2013,3.0,Erfurt,96.24881471848104,89.8460464477539,1,quarterly
2013,3.0,Frankfurt am Main,96.1208724975586,87.85182189941406,0,quarterly
2013,3.0,Frankfurt am Main,97.16603706482259,88.7574462890625,1,quarterly
2013,3.0,Hamburg,99.3200912475586,89.5905532836914,0,quarterly
2013,3.0,Hamburg,100.40004232886002,90.5143051147461,1,quarterly
2013,3.0,Karlsruhe,95.23738861083984,90.61605834960938,0,quarterly
2013,3.0,Karlsruhe,96.27294666881866,91.54749298095703,1,quarterly
2013,3.0,Köln,95.47734832763672,89.09846496582031,0,quarterly
2013,3.0,Köln,96.51551557326698,90.01617431640625,1,quarterly
2013,3.0,Lübeck,91.68875885009766,93.97843933105469,0,quarterly
2013,3.0,Lübeck,92.68573109427875,94.93553161621094,1,quarterly
2013,3.0,Kreis Mettmann,96.30471801757812,95.92794799804688,0,quarterly
2013,3.0,Kreis Mettmann,97.35188161812576,96.91202545166016,1,quarterly
2013,3.0,München,94.53639221191406,84.25679779052734,0,quarterly
2013,3.0,München,95.56432802740902,85.13191986083984,1,quarterly
2013,3.0,Münster,96.16090393066406,88.75022888183594,0,quarterly
2013,3.0,Münster,97.20650377732547,89.66608428955078,1,quarterly
2013,3.0,Potsdam,95.80547332763672,87.27339172363281,0,quarterly
2013,3.0,Potsdam,96.84720842086057,88.17301940917969,1,quarterly
2013,3.0,Rhein-Erft-Kreis,95.78824615478516,82.98650360107422,0,quarterly
2013,3.0,Rhein-Erft-Kreis,96.82979392937372,83.85457611083984,1,quarterly
2013,3.0,Stuttgart,95.96698760986328,83.31427764892578,0,quarterly
2013,3.0,Stuttgart,97.01047891899013,84.17552947998047,1,quarterly
2013,3.0,Wiesbaden,97.29301452636719,93.99357604980469,0,quarterly
2013,3.0,Wiesbaden,98.3509243099872,94.9660873413086,1,quarterly
2013,4.0,Berlin,93.21156311035156,85.05692291259766,0,quarterly
2013,4.0,Berlin,94.15795767702238,85.88146209716797,1,quarterly
2013,4.0,Bonn,97.12803649902344,98.97704315185547,0,quarterly
2013,4.0,Bonn,98.11419575809795,99.9134521484375,1,quarterly
2013,4.0,Dortmund,94.68256378173828,91.16946411132812,0,quarterly
2013,4.0,Dortmund,95.64389369544669,92.05204772949219,1,quarterly
2013,4.0,Dresden,94.96556091308594,89.66996002197266,0,quarterly
2013,4.0,Dresden,95.92976415000184,90.54186248779297,1,quarterly
2013,4.0,Duisburg,96.99327850341797,109.88643646240234,0,quarterly
2013,4.0,Duisburg,97.97806953916694,110.93096923828125,1,quarterly
2013,4.0,Düsseldorf,97.37861633300781,85.51996612548828,0,quarterly
2013,4.0,Düsseldorf,98.36731977636039,86.34440612792969,1,quarterly
2013,4.0,Erfurt,95.19759368896484,88.13231658935547,0,quarterly
2013,4.0,Erfurt,96.16415279838255,88.97773742675781,1,quarterly
2013,4.0,Frankfurt am Main,96.98992156982422,89.19140625,0,quarterly
2013,4.0,Frankfurt am Main,97.97467852199378,90.05426788330078,1,quarterly
2013,4.0,Hamburg,98.91228485107422,90.90563201904297,0,quarterly
2013,4.0,Hamburg,99.91655991992195,91.78527069091797,1,quarterly
2013,4.0,Karlsruhe,95.73531341552734,91.54632568359375,0,quarterly
2013,4.0,Karlsruhe,96.70733209466611,92.42924499511719,1,quarterly
2013,4.0,Köln,95.93878173828125,90.63987731933594,0,quarterly
2013,4.0,Köln,96.91286626964605,91.51596069335938,1,quarterly
2013,4.0,Lübeck,92.56237030029297,99.12822723388672,0,quarterly
2013,4.0,Lübeck,93.50217349001807,100.07488250732422,1,quarterly
2013,4.0,Kreis Mettmann,97.0731201171875,96.7103271484375,0,quarterly
2013,4.0,Kreis Mettmann,98.05872179988782,97.64108276367188,1,quarterly
2013,4.0,München,95.413818359375,85.67578125,0,quarterly
2013,4.0,München,96.38257283862052,86.51129150390625,1,quarterly
2013,4.0,Münster,97.39954376220703,86.35862731933594,0,quarterly
2013,4.0,Münster,98.38845968569221,87.19501495361328,1,quarterly
2013,4.0,Potsdam,95.48151397705078,86.71121978759766,0,quarterly
2013,4.0,Potsdam,96.4509557826603,87.55004119873047,1,quarterly
2013,4.0,Rhein-Erft-Kreis,94.93199157714844,84.50421905517578,0,quarterly
2013,4.0,Rhein-Erft-Kreis,95.89585397827017,85.33454895019531,1,quarterly
2013,4.0,Stuttgart,96.6630630493164,81.5689468383789,0,quarterly
2013,4.0,Stuttgart,97.64450134532834,82.36040496826172,1,quarterly
2013,4.0,Wiesbaden,99.0140151977539,94.3116455078125,0,quarterly
2013,4.0,Wiesbaden,100.01932315398332,95.22761535644531,1,quarterly
2013,,Berlin,91.67833709716797,82.70630645751953,0,annual
2013,,Berlin,93.04005899750169,83.88560485839844,1,annual
2013,,Bocholt,97.1309585571289,99.1537094116211,0,annual
2013,,Bocholt,98.57366964521796,100.56752014160156,1,annual
2013,,Bonn,96.0448226928711,94.95928192138672,0,annual
2013,,Bonn,97.47140112585396,96.31329345703125,1,annual
2013,,Chemnitz,98.09489440917969,105.16439819335938,0,annual
2013,,Chemnitz,99.55192308419076,106.66392517089844,1,annual
2013,,Dortmund,93.81268310546875,93.28167724609375,0,annual
2013,,Dortmund,95.20610699554639,94.61177062988281,1,annual
2013,,Dresden,93.89285278320312,87.60767364501953,0,annual
2013,,Dresden,95.2874674541061,88.85686492919922,1,annual
2013,,Duisburg,96.5502700805664,105.35324096679688,0,annual
2013,,Duisburg,97.9843560534882,106.85545349121094,1,annual
2013,,Düsseldorf,97.25371551513672,84.84159088134766,0,annual
2013,,Düsseldorf,98.69824994386906,86.05133056640625,1,annual
2013,,Erfurt,94.68193817138672,87.1020736694336,0,annual
2013,,Erfurt,96.08827333033895,88.34404754638672,1,annual
2013,,Frankfurt am Main,96.34715270996094,86.98582458496094,0,annual
2013,,Frankfurt am Main,97.77822172838017,88.22614288330078,1,annual
2013,,Hamburg,98.96553802490234,87.5604476928711,0,annual
2013,,Hamburg,100.43549859327507,88.8089599609375,1,annual
2013,,Karlsruhe,95.1744155883789,88.83042907714844,0,annual
2013,,Karlsruhe,96.5880656409622,90.0970458984375,1,annual
2013,,Köln,94.975341796875,87.77583312988281,0,annual
2013,,Köln,96.38603495527525,89.02742004394531,1,annual
2013,,Lübeck,92.61640930175781,96.09400939941406,0,annual
2013,,Lübeck,93.9920646296114,97.46419525146484,1,annual
2013,,Kreis Mettmann,96.5959701538086,94.89058685302734,0,annual
2013,,Kreis Mettmann,98.03073492166222,96.24361419677734,1,annual
2013,,München,93.77084350585938,83.30485534667969,0,annual
2013,,München,95.1636459416121,84.49269104003906,1,annual
2013,,Münster,96.28459167480469,85.07010650634766,0,annual
2013,,Münster,97.71473145809186,86.28311157226562,1,annual
2013,,Potsdam,95.32454681396484,87.90641784667969,0,annual
2013,,Potsdam,96.74042680422237,89.15986633300781,1,annual
2013,,Rhein-Erft-Kreis,95.13030242919922,83.30314636230469,0,annual
2013,,Rhein-Erft-Kreis,96.54329725769304,84.49095153808594,1,annual
2013,,Stuttgart,95.38400268554688,82.35121154785156,0,annual
2013,,Stuttgart,96.80076578914392,83.52544403076172,1,annual
2013,,Wiesbaden,97.00025177001953,92.04144287109375,0,annual
2013,,Wiesbaden,98.44102143661073,93.35384368896484,1,annual
2014,1.0,Berlin,93.73460388183594,87.16853332519531,0,quarterly
2014,1.0,Berlin,94.55157214761502,87.87557983398438,1,quarterly
2014,1.0,Bonn,97.6074447631836,101.03462219238281,0,quarterly
2014,1.0,Bonn,98.45816777872895,101.83063507080078,1,quarterly
2014,1.0,Dortmund,95.22481536865234,90.880126953125,0,quarterly
2014,1.0,Dortmund,96.05477195937877,91.6160888671875,1,quarterly
2014,1.0,Dresden,96.05194854736328,90.63057708740234,0,quarterly
2014,1.0,Dresden,96.8891142319632,91.36837768554688,1,quarterly
2014,1.0,Duisburg,97.67658233642578,103.85933685302734,0,quarterly
2014,1.0,Duisburg,98.52790793843305,104.68224334716797,1,quarterly
2014,1.0,Düsseldorf,97.40795135498047,92.01765441894531,0,quarterly
2014,1.0,Düsseldorf,98.25693563395485,92.75910949707031,1,quarterly
2014,1.0,Erfurt,96.38054656982422,94.09065246582031,0,quarterly
2014,1.0,Erfurt,97.2205762357654,94.8443374633789,1,quarterly
2014,1.0,Frankfurt am Main,97.24950408935547,92.22544860839844,0,quarterly
2014,1.0,Frankfurt am Main,98.09710738006667,92.97171020507812,1,quarterly
2014,1.0,Hamburg,98.70333862304688,90.81061553955078,0,quarterly
2014,1.0,Hamburg,99.56361318593007,91.54562377929688,1,quarterly
2014,1.0,Karlsruhe,95.74645233154297,89.51270294189453,0,quarterly
2014,1.0,Karlsruhe,96.5809553845927,90.2343521118164,1,quarterly
2014,1.0,Köln,96.18334197998047,92.6031265258789,0,quarterly
2014,1.0,Köln,97.0216528581411,93.35163879394531,1,quarterly
2014,1.0,Leipzig,93.97578430175781,87.95674133300781,0,quarterly
2014,1.0,Leipzig,94.79485463807694,88.67216491699219,1,quarterly
2014,1.0,Lübeck,93.93711853027344,92.04508972167969,0,quarterly
2014,1.0,Lübeck,94.7558518650268,92.77845764160156,1,quarterly
2014,1.0,Kreis Mettmann,97.48882293701172,94.98983001708984,0,quarterly
2014,1.0,Kreis Mettmann,98.33851207324679,95.75370788574219,1,quarterly
2014,1.0,München,94.68252563476562,87.43688201904297,0,quarterly
2014,1.0,München,95.50775575858339,88.15117645263672,1,quarterly
2014,1.0,Münster,98.24077606201172,89.1025619506836,0,quarterly
2014,1.0,Münster,99.09701904085173,89.82450866699219,1,quarterly
2014,1.0,Potsdam,95.58677673339844,85.66444396972656,0,quarterly
2014,1.0,Potsdam,96.41988809233413,86.35757446289062,1,quarterly
2014,1.0,Rhein-Erft-Kreis,96.04171752929688,83.53873443603516,0,quarterly
2014,1.0,Rhein-Erft-Kreis,96.87879404280373,84.22735595703125,1,quarterly
2014,1.0,Stuttgart,95.84689331054688,86.17684173583984,0,quarterly
2014,1.0,Stuttgart,96.68227178301517,86.87662506103516,1,quarterly
2014,1.0,Wiesbaden,97.30855560302734,93.79388427734375,0,quarterly
2014,1.0,Wiesbaden,98.15667357253078,94.55638122558594,1,quarterly
2014,2.0,Berlin,95.19196319580078,90.06661224365234,0,quarterly
2014,2.0,Berlin,95.81711453379238,90.62671661376953,1,quarterly
2014,2.0,Bonn,97.69013977050781,100.42357635498047,0,quarterly
2014,2.0,Bonn,98.33169730893678,101.02476501464844,1,quarterly
2014,2.0,Dortmund,97.01163482666016,96.99361419677734,0,quarterly
2014,2.0,Dortmund,97.64873643982779,97.59552001953125,1,quarterly
2014,2.0,Dresden,97.01782989501953,91.90231323242188,0,quarterly
2014,2.0,Dresden,97.65497219287465,92.47653198242188,1,quarterly
2014,2.0,Duisburg,97.65444946289062,107.30471801757812,0,quarterly
2014,2.0,Duisburg,98.2957726134279,107.9518814086914,1,quarterly
2014,2.0,Düsseldorf,97.65896606445312,92.89509582519531,0,quarterly
2014,2.0,Düsseldorf,98.300318876733,93.46782684326172,1,quarterly
2014,2.0,Erfurt,96.57679748535156,95.85131072998047,0,quarterly
2014,2.0,Erfurt,97.21104340422946,96.43771362304688,1,quarterly
2014,2.0,Frankfurt am Main,97.94445037841797,91.56527709960938,0,quarterly
2014,2.0,Frankfurt am Main,98.58767804330996,92.13290405273438,1,quarterly
2014,2.0,Hamburg,99.22650909423828,91.72555541992188,0,quarterly
2014,2.0,Hamburg,99.87815638505951,92.29437255859375,1,quarterly
2014,2.0,Karlsruhe,96.2618179321289,92.7154541015625,0,quarterly
2014,2.0,Karlsruhe,96.89399529519046,93.28746795654297,1,quarterly
2014,2.0,Köln,97.47113037109375,93.78324127197266,0,quarterly
2014,2.0,Köln,98.11124961563236,94.36380767822266,1,quarterly
2014,2.0,Leipzig,94.50273895263672,90.12602233886719,0,quarterly
2014,2.0,Leipzig,95.12336396883259,90.68852233886719,1,quarterly
2014,2.0,Lübeck,94.96234893798828,96.56759643554688,0,quarterly
2014,2.0,Lübeck,95.58599233711955,97.15425872802734,1,quarterly
2014,2.0,Kreis Mettmann,98.59326171875,99.78882598876953,0,quarterly
2014,2.0,Kreis Mettmann,99.24075030298745,100.40245056152344,1,quarterly
2014,2.0,München,95.68838500976562,89.35951232910156,0,quarterly
2014,2.0,München,96.31679648391567,89.92037963867188,1,quarterly
2014,2.0,Münster,97.9676513671875,94.5949935913086,0,quarterly
2014,2.0,Münster,98.61103139924039,95.18242645263672,1,quarterly
2014,2.0,Potsdam,97.11343383789062,84.90697479248047,0,quarterly
2014,2.0,Potsdam,97.75120399266555,85.43328857421875,1,quarterly
2014,2.0,Rhein-Erft-Kreis,97.82781982421875,89.68565368652344,0,quarterly
2014,2.0,Rhein-Erft-Kreis,98.47028154475409,90.25518798828125,1,quarterly
2014,2.0,Stuttgart,97.09733581542969,90.63111877441406,0,quarterly
2014,2.0,Stuttgart,97.7350002501423,91.19554901123047,1,quarterly
2014,2.0,Wiesbaden,98.40474700927734,92.6577377319336,0,quarterly
2014,2.0,Wiesbaden,99.05099756649128,93.23563385009766,1,quarterly
2014,3.0,Berlin,96.75640106201172,91.18546295166016,0,quarterly
2014,3.0,Berlin,96.97871163355752,91.35236358642578,1,quarterly
2014,3.0,Bonn,98.6029052734375,104.83706665039062,0,quarterly
2014,3.0,Bonn,98.82945843154191,105.00470733642578,1,quarterly
2014,3.0,Dortmund,97.56206512451172,97.3537826538086,0,quarterly
2014,3.0,Dortmund,97.7862268153245,97.53069305419922,1,quarterly
2014,3.0,Dresden,97.53852844238281,94.00975036621094,0,quarterly
2014,3.0,Dresden,97.76263605456927,94.1845703125,1,quarterly
2014,3.0,Duisburg,98.33263397216797,113.11834716796875,0,quarterly
2014,3.0,Duisburg,98.55856614637055,113.30425262451172,1,quarterly
2014,3.0,Düsseldorf,98.73724365234375,94.85800170898438,0,quarterly
2014,3.0,Düsseldorf,98.96410547056229,95.02657318115234,1,quarterly
2014,3.0,Erfurt,97.38179016113281,94.07777404785156,0,quarterly
2014,3.0,Erfurt,97.60553764648007,94.24051666259766,1,quarterly
2014,3.0,Frankfurt am Main,98.11206817626953,93.18909454345703,0,quarterly
2014,3.0,Frankfurt am Main,98.3374935715137,93.35783386230469,1,quarterly
2014,3.0,Hamburg,99.97782897949219,94.26712799072266,0,quarterly
2014,3.0,Hamburg,100.20754120585016,94.43801879882812,1,quarterly
2014,3.0,Karlsruhe,97.64767456054688,91.63272857666016,0,quarterly
2014,3.0,Karlsruhe,97.87203295031131,91.79595184326172,1,quarterly
2014,3.0,Köln,97.83381652832031,95.74779510498047,0,quarterly
2014,3.0,Köln,98.05860260376538,95.92034912109375,1,quarterly
2014,3.0,Leipzig,95.34434509277344,93.02948760986328,0,quarterly
2014,3.0,Leipzig,95.56341127980174,93.20183563232422,1,quarterly
2014,3.0,Lübeck,96.1219711303711,104.99022674560547,0,quarterly
2014,3.0,Lübeck,96.34282401561232,105.1673812866211,1,quarterly
2014,3.0,Kreis Mettmann,98.77629852294922,98.12026977539062,0,quarterly
2014,3.0,Kreis Mettmann,99.00325007487541,98.29306030273438,1,quarterly
2014,3.0,München,96.94715881347656,91.47989654541016,0,quarterly
2014,3.0,München,97.1699076760738,91.65260314941406,1,quarterly
2014,3.0,Münster,98.84196472167969,97.19075775146484,0,quarterly
2014,3.0,Münster,99.06906715034386,97.36779022216797,1,quarterly
2014,3.0,Potsdam,97.73213958740234,90.08094787597656,0,quarterly
2014,3.0,Potsdam,97.95669204668765,90.2440185546875,1,quarterly
2014,3.0,Rhein-Erft-Kreis,98.54269409179688,92.31937408447266,0,quarterly
2014,3.0,Rhein-Erft-Kreis,98.76910890678333,92.50043487548828,1,quarterly
2014,3.0,Stuttgart,97.8134536743164,89.7310562133789,0,quarterly
2014,3.0,Stuttgart,98.03819296342319,89.8960952758789,1,quarterly
2014,3.0,Wiesbaden,99.45985412597656,93.6518783569336,0,quarterly
2014,3.0,Wiesbaden,99.68837623690582,93.82498931884766,1,quarterly
2014,4.0,Berlin,98.3263168334961,94.55147552490234,0,quarterly
2014,4.0,Berlin,98.79669432366343,94.99085998535156,1,quarterly
2014,4.0,Bonn,98.853759765625,102.85066223144531,0,quarterly
2014,4.0,Bonn,99.32666045904668,103.30476379394531,1,quarterly
2014,4.0,Dortmund,97.81742095947266,98.57847595214844,0,quarterly
2014,4.0,Dortmund,98.28536397256724,99.0352783203125,1,quarterly
2014,4.0,Dresden,98.28507232666016,97.287841796875,0,quarterly
2014,4.0,Dresden,98.75525250965447,97.7427978515625,1,quarterly
2014,4.0,Duisburg,99.29016876220703,107.12178802490234,0,quarterly
2014,4.0,Duisburg,99.76515716698728,107.5995101928711,1,quarterly
2014,4.0,Düsseldorf,99.35201263427734,94.05423736572266,0,quarterly
2014,4.0,Düsseldorf,99.82729689032368,94.48629760742188,1,quarterly
2014,4.0,Erfurt,97.91205596923828,93.850830078125,0,quarterly
2014,4.0,Erfurt,98.38045170119602,94.27749633789062,1,quarterly
2014,4.0,Frankfurt am Main,98.78852081298828,94.8379135131836,0,quarterly
2014,4.0,Frankfurt am Main,99.2611094136174,95.27676391601562,1,quarterly
2014,4.0,Hamburg,100.3666000366211,95.16160583496094,0,quarterly
2014,4.0,Hamburg,100.8467379177318,95.60216522216797,1,quarterly
2014,4.0,Karlsruhe,98.2418441772461,96.05201721191406,0,quarterly
2014,4.0,Karlsruhe,98.71181756363619,96.49365234375,1,quarterly
2014,4.0,Köln,98.41494750976562,94.91776275634766,0,quarterly
2014,4.0,Köln,98.88574899501789,95.35617065429688,1,quarterly
2014,4.0,Leipzig,94.17286682128906,94.37310028076172,0,quarterly
2014,4.0,Leipzig,94.62337486596924,94.81377410888672,1,quarterly
2014,4.0,Lübeck,97.71724700927734,102.23420715332031,0,quarterly
2014,4.0,Lübeck,98.18471080609707,102.69463348388672,1,quarterly
2014,4.0,Kreis Mettmann,98.79708862304688,103.97364044189453,0,quarterly
2014,4.0,Kreis Mettmann,99.26971821071915,104.4495849609375,1,quarterly
2014,4.0,München,97.2804946899414,92.95458984375,0,quarterly
2014,4.0,München,97.74586913300102,93.39191436767578,1,quarterly
2014,4.0,Münster,98.37638854980469,97.34502410888672,0,quarterly
2014,4.0,Münster,98.84700557511383,97.79652404785156,1,quarterly
2014,4.0,Potsdam,99.43280029296875,92.3958511352539,0,quarterly
2014,4.0,Potsdam,99.90847102434903,92.8233642578125,1,quarterly
2014,4.0,Rhein-Erft-Kreis,98.38640594482422,97.88831329345703,0,quarterly
2014,4.0,Rhein-Erft-Kreis,98.85707089176084,98.3560562133789,1,quarterly
2014,4.0,Stuttgart,99.51555633544922,91.03656005859375,0,quarterly
2014,4.0,Stuttgart,99.99162295859897,91.46043395996094,1,quarterly
2014,4.0,Wiesbaden,99.45404815673828,96.25333404541016,0,quarterly
2014,4.0,Wiesbaden,99.92982053452567,96.7023696899414,1,quarterly
2014,,Berlin,95.93472290039062,91.28902435302734,0,annual
2014,,Berlin,96.4705760383217,91.75863647460938,1,annual
2014,,Bocholt,98.88494873046875,100.83367156982422,0,annual
2014,,Bocholt,99.43728065439991,101.35238647460938,1,annual
2014,,Bonn,98.29656982421875,102.70553588867188,0,annual
2014,,Bonn,98.84561529801303,103.23388671875,1,annual
2014,,Chemnitz,99.5462417602539,100.75163269042969,0,annual
2014,,Chemnitz,100.10226740356411,101.26992797851562,1,annual
2014,,Dortmund,96.91087341308594,96.37742614746094,0,annual
2014,,Dortmund,97.45217893884393,96.87321472167969,1,annual
2014,,Dresden,97.26190948486328,93.76557159423828,0,annual
2014,,Dresden,97.80517575825155,94.2479248046875,1,annual
2014,,Duisburg,98.3835678100586,107.25080871582031,0,annual
2014,,Duisburg,98.93309921993834,107.80253601074219,1,annual
2014,,Düsseldorf,98.18135070800781,93.33209991455078,0,annual
2014,,Düsseldorf,98.7297526137268,93.81221771240234,1,annual
2014,,Erfurt,97.02330780029297,94.06428527832031,0,annual
2014,,Erfurt,97.56524133973959,94.54817199707031,1,annual
2014,,Frankfurt am Main,98.0703353881836,92.4547348022461,0,annual
2014,,Frankfurt am Main,98.61811720655894,92.93035125732422,1,annual
2014,,Hamburg,99.45658874511719,93.0874252319336,0,annual
2014,,Hamburg,100.01211362240616,93.56629180908203,1,annual
2014,,Karlsruhe,96.78671264648438,92.59883117675781,0,annual
2014,,Karlsruhe,97.3273246596707,93.07518005371094,1,annual
2014,,Köln,97.47532653808594,94.20845794677734,0,annual
2014,,Köln,98.01978487409971,94.69308471679688,1,annual
2014,,Leipzig,94.45977020263672,91.27460479736328,0,annual
2014,,Leipzig,94.98738484247767,91.74414825439453,1,annual
2014,,Lübeck,96.06060791015625,98.90704345703125,0,annual
2014,,Lübeck,96.5971641915943,99.41584777832031,1,annual
2014,,Kreis Mettmann,98.33563995361328,99.88766479492188,0,annual
2014,,Kreis Mettmann,98.88490365758328,100.4015121459961,1,annual
2014,,München,96.01129913330078,90.72893524169922,0,annual
2014,,München,96.54757999555788,91.19566345214844,1,annual
2014,,Münster,98.47073364257812,94.70079040527344,0,annual
2014,,Münster,99.020751926068,95.18795776367188,1,annual
2014,,Potsdam,97.3607177734375,89.41508483886719,0,annual
2014,,Potsdam,97.90453595055662,89.87506103515625,1,annual
2014,,Rhein-Erft-Kreis,97.63391876220703,91.45796203613281,0,annual
2014,,Rhein-Erft-Kreis,98.17926293119532,91.92845153808594,1,annual
2014,,Stuttgart,97.3501205444336,89.51956176757812,0,annual
2014,,Stuttgart,97.89387952965384,89.98007202148438,1,annual
2014,,Wiesbaden,98.62130737304688,94.06169128417969,0,annual
2014,,Wiesbaden,99.17216670140063,94.54557037353516,1,annual
2015,1.0,Berlin,99.75884246826172,96.45912170410156,0,quarterly
2015,1.0,Berlin,100.5925312299986,97.29125213623047,1,quarterly
2015,1.0,Bonn,98.9184799194336,104.75897216796875,0,quarterly
2015,1.0,Bonn,99.74514573668348,105.63832092285156,1,quarterly
2015,1.0,Dortmund,99.00425720214844,96.18878936767578,0,quarterly
2015,1.0,Dortmund,99.83163986368844,97.01732635498047,1,quarterly
2015,1.0,Dresden,99.4572982788086,96.07100677490234,0,quarterly
2015,1.0,Dresden,100.288467023315,96.90262603759766,1,quarterly
2015,1.0,Duisburg,99.54206085205078,101.57618713378906,0,quarterly
2015,1.0,Duisburg,100.37393796087837,102.433349609375,1,quarterly
2015,1.0,Düsseldorf,99.39917755126953,99.79750061035156,0,quarterly
2015,1.0,Düsseldorf,100.2298605784583,100.65308380126953,1,quarterly
2015,1.0,Erfurt,98.61414337158203,101.39614868164062,0,quarterly
2015,1.0,Erfurt,99.4382658357471,102.26061248779297,1,quarterly
2015,1.0,Frankfurt am Main,99.66434478759766,97.41651916503906,0,quarterly
2015,1.0,Frankfurt am Main,100.49724382831904,98.25499725341797,1,quarterly
2015,1.0,Hamburg,100.44496154785156,97.12030792236328,0,quarterly
2015,1.0,Hamburg,101.28438423504022,97.9564437866211,1,quarterly
2015,1.0,Karlsruhe,98.29071044921875,98.07276153564453,0,quarterly
2015,1.0,Karlsruhe,99.11212997110944,98.91397857666016,1,quarterly
2015,1.0,Köln,99.4535903930664,97.65373229980469,0,quarterly
2015,1.0,Köln,100.2847281506187,98.493408203125,1,quarterly
2015,1.0,Leipzig,98.21792602539062,95.5097885131836,0,quarterly
2015,1.0,Leipzig,99.03873728484889,96.33588409423828,1,quarterly
2015,1.0,Lübeck,99.00333404541016,104.4135971069336,0,quarterly
2015,1.0,Lübeck,99.83070899209122,105.29932403564453,1,quarterly
2015,1.0,Kreis Mettmann,99.55006408691406,97.73912811279297,0,quarterly
2015,1.0,Kreis Mettmann,100.38200807910556,98.57549285888672,1,quarterly
2015,1.0,München,100.17880249023438,94.52076721191406,0,quarterly
2015,1.0,München,101.016000875199,95.34165954589844,1,quarterly
2015,1.0,Münster,99.7132339477539,96.69722747802734,0,quarterly
2015,1.0,Münster,100.54654155720348,97.53056335449219,1,quarterly
2015,1.0,Potsdam,100.21649169921875,96.00353240966797,0,quarterly
2015,1.0,Potsdam,101.0540050544576,96.82980346679688,1,quarterly
2015,1.0,Rhein-Erft-Kreis,98.98636627197266,90.89102935791016,0,quarterly
2015,1.0,Rhein-Erft-Kreis,99.81359941827115,91.6871109008789,1,quarterly
2015,1.0,Stuttgart,99.36331176757812,95.94906616210938,0,quarterly
2015,1.0,Stuttgart,100.19369506293305,96.77766418457031,1,quarterly
2015,1.0,Wiesbaden,99.67028045654297,96.16049194335938,0,quarterly
2015,1.0,Wiesbaden,100.5032291018946,96.9917984008789,1,quarterly
2015,2.0,Berlin,100.16533660888672,98.5734634399414,0,quarterly
2015,2.0,Berlin,99.83086536186234,98.23471069335938,1,quarterly
2015,2.0,Bonn,100.42218017578125,100.32267761230469,0,quarterly
2015,2.0,Bonn,100.08685127888496,99.954833984375,1,quarterly
2015,2.0,Dortmund,99.37825012207031,99.86296844482422,0,quarterly
2015,2.0,Dortmund,99.04640710760295,99.51848602294922,1,quarterly
2015,2.0,Dresden,99.56592559814453,100.42453002929688,0,quarterly
2015,2.0,Dresden,99.23345589931067,100.08233642578125,1,quarterly
2015,2.0,Duisburg,100.34548950195312,95.0509033203125,0,quarterly
2015,2.0,Duisburg,100.01041668990796,94.70658874511719,1,quarterly
2015,2.0,Düsseldorf,99.7674560546875,101.49635314941406,0,quarterly
2015,2.0,Düsseldorf,99.43431340705324,101.1421890258789,1,quarterly
2015,2.0,Erfurt,98.88834381103516,99.7694091796875,0,quarterly
2015,2.0,Erfurt,98.55813668758883,99.41658020019531,1,quarterly
2015,2.0,Frankfurt am Main,100.06043243408203,99.81903839111328,0,quarterly
2015,2.0,Frankfurt am Main,99.7263114821932,99.47406768798828,1,quarterly
2015,2.0,Hamburg,100.3346176147461,99.95272827148438,0,quarterly
2015,2.0,Hamburg,99.99958110601497,99.60751342773438,1,quarterly
2015,2.0,Karlsruhe,100.07522583007812,99.76374816894531,0,quarterly
2015,2.0,Karlsruhe,99.74105548020617,99.41604614257812,1,quarterly
2015,2.0,Köln,99.55068969726562,98.4842529296875,0,quarterly
2015,2.0,Köln,99.21827087402345,98.14305114746094,1,quarterly
2015,2.0,Leipzig,99.67768096923828,97.13710021972656,0,quarterly
2015,2.0,Leipzig,99.34483809781202,96.80545043945312,1,quarterly
2015,2.0,Lübeck,100.37519836425781,99.09945678710938,0,quarterly
2015,2.0,Lübeck,100.04002634863025,98.74480438232422,1,quarterly
2015,2.0,Kreis Mettmann,100.73053741455078,102.34735870361328,0,quarterly
2015,2.0,Kreis Mettmann,100.39417885376407,101.98859405517578,1,quarterly
2015,2.0,München,100.59684753417969,98.43368530273438,0,quarterly
2015,2.0,München,100.26093538951373,98.10105895996094,1,quarterly
2015,2.0,Münster,99.6348648071289,100.36947631835938,0,quarterly
2015,2.0,Münster,99.30216490706997,100.02367401123047,1,quarterly
2015,2.0,Potsdam,99.15579223632812,95.87125396728516,0,quarterly
2015,2.0,Potsdam,98.82469205135621,95.53987884521484,1,quarterly
2015,2.0,Rhein-Erft-Kreis,99.79072570800781,100.73282623291016,0,quarterly
2015,2.0,Rhein-Erft-Kreis,99.45750535854347,100.39977264404297,1,quarterly
2015,2.0,Stuttgart,99.74549865722656,97.87925720214844,0,quarterly
2015,2.0,Stuttgart,99.41242932954867,97.54376983642578,1,quarterly
2015,2.0,Wiesbaden,99.6586685180664,101.02362823486328,0,quarterly
2015,2.0,Wiesbaden,99.3258891328567,100.67827606201172,1,quarterly
2015,3.0,Berlin,99.29607391357422,101.5848388671875,0,quarterly
2015,3.0,Berlin,98.79088336208409,101.03434753417969,1,quarterly
2015,3.0,Bonn,100.67320251464844,96.17453002929688,0,quarterly
2015,3.0,Bonn,100.16100551939846,95.63127899169922,1,quarterly
2015,3.0,Dortmund,100.07864379882812,99.48258209228516,0,quarterly
2015,3.0,Dortmund,99.56947175143057,98.94219207763672,1,quarterly
2015,3.0,Dresden,100.25732421875,101.78076934814453,0,quarterly
2015,3.0,Dresden,99.74724309553179,101.23217010498047,1,quarterly
2015,3.0,Duisburg,100.04869079589844,98.3603744506836,0,quarterly
2015,3.0,Duisburg,99.53967114097193,97.80911254882812,1,quarterly
2015,3.0,Düsseldorf,99.98313903808594,100.58953094482422,0,quarterly
2015,3.0,Düsseldorf,99.47445289210268,100.03912353515625,1,quarterly
2015,3.0,Erfurt,100.4424819946289,100.74366760253906,0,quarterly
2015,3.0,Erfurt,99.93145884062113,100.18769073486328,1,quarterly
2015,3.0,Frankfurt am Main,100.0705795288086,100.7406005859375,0,quarterly
2015,3.0,Frankfurt am Main,99.56144851015324,100.1927261352539,1,quarterly
2015,3.0,Hamburg,99.06929779052734,100.39459228515625,0,quarterly
2015,3.0,Hamburg,98.56526101229483,99.84881591796875,1,quarterly
2015,3.0,Karlsruhe,100.55963134765625,99.69556427001953,0,quarterly
2015,3.0,Karlsruhe,100.04801217062432,99.15045928955078,1,quarterly
2015,3.0,Köln,100.01637268066406,101.37882995605469,0,quarterly
2015,3.0,Köln,99.50751745123611,100.82662200927734,1,quarterly
2015,3.0,Leipzig,100.40943145751953,102.75796508789062,0,quarterly
2015,3.0,Leipzig,99.89857645536723,102.20339965820312,1,quarterly
2015,3.0,Lübeck,99.47956848144531,102.42872619628906,0,quarterly
2015,3.0,Lübeck,98.9734443611011,101.85912322998047,1,quarterly
2015,3.0,Kreis Mettmann,99.55845642089844,96.16574096679688,0,quarterly
2015,3.0,Kreis Mettmann,99.05193094086228,95.63800811767578,1,quarterly
2015,3.0,München,99.81805419921875,102.90662384033203,0,quarterly
2015,3.0,München,99.31020795855605,102.35485076904297,1,quarterly
2015,3.0,Münster,100.63603210449219,100.1186752319336,0,quarterly
2015,3.0,Münster,100.1240242218553,99.57524871826172,1,quarterly
2015,3.0,Potsdam,100.22513580322266,101.43531799316406,0,quarterly
2015,3.0,Potsdam,99.7152184456273,100.88362121582031,1,quarterly
2015,3.0,Rhein-Erft-Kreis,100.52678680419922,101.36817169189453,0,quarterly
2015,3.0,Rhein-Erft-Kreis,100.01533473098485,100.83203125,1,quarterly
2015,3.0,Stuttgart,100.2611312866211,101.96062469482422,0,quarterly
2015,3.0,Stuttgart,99.7510307941102,101.40901184082031,1,quarterly
2015,3.0,Wiesbaden,100.20478820800781,100.75438690185547,0,quarterly
2015,3.0,Wiesbaden,99.69497437326531,100.210205078125,1,quarterly
2015,4.0,Berlin,100.77974700927734,103.38257598876953,0,quarterly
2015,4.0,Berlin,100.79752121509908,103.43968963623047,1,quarterly
2015,4.0,Bonn,99.98613739013672,98.74382019042969,0,quarterly
2015,4.0,Bonn,100.00377162953534,98.77556610107422,1,quarterly
2015,4.0,Dortmund,101.53884887695312,104.46566009521484,0,quarterly
2015,4.0,Dortmund,101.5567569631748,104.52200317382812,1,quarterly
2015,4.0,Dresden,100.7194595336914,101.72369384765625,0,quarterly
2015,4.0,Dresden,100.7372231068014,101.7828598022461,1,quarterly
2015,4.0,Duisburg,100.06376647949219,105.01253509521484,0,quarterly
2015,4.0,Duisburg,100.08141441008821,105.05094909667969,1,quarterly
2015,4.0,Düsseldorf,100.85022735595703,98.11662292480469,0,quarterly
2015,4.0,Düsseldorf,100.86801399217502,98.16561126708984,1,quarterly
2015,4.0,Erfurt,102.0550308227539,98.09077453613281,0,quarterly
2015,4.0,Erfurt,102.0730299463558,98.13512420654297,1,quarterly
2015,4.0,Frankfurt am Main,100.20465850830078,102.02384185791016,0,quarterly
2015,4.0,Frankfurt am Main,100.22233128757914,102.07820892333984,1,quarterly
2015,4.0,Hamburg,100.15111541748047,102.5323715209961,0,quarterly
2015,4.0,Hamburg,100.16877875353293,102.58722686767578,1,quarterly
2015,4.0,Karlsruhe,101.0744400024414,102.46792602539062,0,quarterly
2015,4.0,Karlsruhe,101.09226618233602,102.51951599121094,1,quarterly
2015,4.0,Köln,100.9793701171875,102.48318481445312,0,quarterly
2015,4.0,Köln,100.99717952990659,102.53691864013672,1,quarterly
2015,4.0,Leipzig,101.69495391845703,104.59514617919922,0,quarterly
2015,4.0,Leipzig,101.71288953643207,104.65526580810547,1,quarterly
2015,4.0,Lübeck,101.14189147949219,94.05821990966797,0,quarterly
2015,4.0,Lübeck,101.15972955559087,94.09674835205078,1,quarterly
2015,4.0,Kreis Mettmann,100.16094207763672,103.74776458740234,0,quarterly
2015,4.0,Kreis Mettmann,100.17860714678622,103.79790496826172,1,quarterly
2015,4.0,München,99.40630340576172,104.13892364501953,0,quarterly
2015,4.0,München,99.42383538167103,104.20243835449219,1,quarterly
2015,4.0,Münster,100.01585388183594,102.81462860107422,0,quarterly
2015,4.0,Münster,100.03349336223837,102.87052154541016,1,quarterly
2015,4.0,Potsdam,100.40257263183594,106.68989562988281,0,quarterly
2015,4.0,Potsdam,100.42028031660347,106.74669647216797,1,quarterly
2015,4.0,Rhein-Erft-Kreis,100.69611358642578,107.00797271728516,0,quarterly
2015,4.0,Rhein-Erft-Kreis,100.71387304208477,107.08108520507812,1,quarterly
2015,4.0,Stuttgart,100.63004302978516,104.21105194091797,0,quarterly
2015,4.0,Stuttgart,100.64779083278866,104.26956176757812,1,quarterly
2015,4.0,Wiesbaden,100.46626281738281,102.0615005493164,0,quarterly
2015,4.0,Wiesbaden,100.4839817349873,102.1197280883789,1,quarterly
2015,,Berlin,100.0,100.0,0,annual
2015,,Berlin,100.0,100.0,1,annual
2015,,Bocholt,100.0,100.0,0,annual
2015,,Bocholt,100.0,100.0,1,annual
2015,,Bonn,100.0,100.0,0,annual
2015,,Bonn,100.0,100.0,1,annual
2015,,Chemnitz,100.0,100.0,0,annual
2015,,Chemnitz,100.0,100.0,1,annual
2015,,Dortmund,100.0,100.0,0,annual
2015,,Dortmund,100.0,100.0,1,annual
2015,,Dresden,100.0,100.0,0,annual
2015,,Dresden,100.0,100.0,1,annual
2015,,Duisburg,100.0,100.0,0,annual
2015,,Duisburg,100.0,100.0,1,annual
2015,,Düsseldorf,100.0,100.0,0,annual
2015,,Düsseldorf,100.0,100.0,1,annual
2015,,Erfurt,100.0,100.0,0,annual
2015,,Erfurt,100.0,100.0,1,annual
2015,,Frankfurt am Main,100.0,100.0,0,annual
2015,,Frankfurt am Main,100.0,100.0,1,annual
2015,,Hamburg,100.0,100.0,0,annual
2015,,Hamburg,100.0,100.0,1,annual
2015,,Karlsruhe,100.0,100.0,0,annual
2015,,Karlsruhe,100.0,100.0,1,annual
2015,,Köln,100.0,100.0,0,annual
2015,,Köln,100.0,100.0,1,annual
2015,,Leipzig,100.0,100.0,0,annual
2015,,Leipzig,100.0,100.0,1,annual
2015,,Lübeck,100.0,100.0,0,annual
2015,,Lübeck,100.0,100.0,1,annual
2015,,Kreis Mettmann,100.0,100.0,0,annual
2015,,Kreis Mettmann,100.0,100.0,1,annual
2015,,München,100.0,100.0,0,annual
2015,,München,100.0,100.0,1,annual
2015,,Münster,100.0,100.0,0,annual
2015,,Münster,100.0,100.0,1,annual
2015,,Potsdam,100.0,100.0,0,annual
2015,,Potsdam,100.0,100.0,1,annual
2015,,Rhein-Erft-Kreis,100.0,100.0,0,annual
2015,,Rhein-Erft-Kreis,100.0,100.0,1,annual
2015,,Stuttgart,100.0,100.0,0,annual
2015,,Stuttgart,100.0,100.0,1,annual
2015,,Wiesbaden,100.0,100.0,0,annual
2015,,Wiesbaden,100.0,100.0,1,annual
2016,1.0,Berlin,102.89673614501953,107.52119445800781,0,quarterly
2016,1.0,Berlin,103.46230331177408,108.1215591430664,1,quarterly
2016,1.0,Bonn,101.58113861083984,113.83318328857422,0,quarterly
2016,1.0,Bonn,102.13947465639588,114.44237518310547,1,quarterly
2016,1.0,Dortmund,102.27356719970703,105.21497344970703,0,quarterly
2016,1.0,Dortmund,102.83570914708132,105.80107879638672,1,quarterly
2016,1.0,Dresden,101.55274200439453,107.60913848876953,0,quarterly
2016,1.0,Dresden,102.1109219693123,108.2131576538086,1,quarterly
2016,1.0,Duisburg,100.91533660888672,110.33728790283203,0,quarterly
2016,1.0,Duisburg,101.47001310443203,110.93268585205078,1,quarterly
2016,1.0,Düsseldorf,102.02964782714844,104.5708236694336,0,quarterly
2016,1.0,Düsseldorf,102.59044908293598,105.14913177490234,1,quarterly
2016,1.0,Erfurt,101.6711654663086,106.51625061035156,0,quarterly
2016,1.0,Erfurt,102.22999634032554,107.10026550292969,1,quarterly
2016,1.0,Frankfurt am Main,101.4338150024414,104.87909698486328,0,quarterly
2016,1.0,Frankfurt am Main,101.9913412905754,105.46265411376953,1,quarterly
2016,1.0,Hamburg,101.24583435058594,104.85494232177734,0,quarterly
2016,1.0,Hamburg,101.80232741173279,105.43859100341797,1,quarterly
2016,1.0,Karlsruhe,101.4571533203125,107.20307159423828,0,quarterly
2016,1.0,Karlsruhe,102.0148078864348,107.79638671875,1,quarterly
2016,1.0,Köln,101.79192352294922,104.1703872680664,0,quarterly
2016,1.0,Köln,102.35141813805764,104.74909973144531,1,quarterly
2016,1.0,Leipzig,103.55219268798828,103.495361328125,0,quarterly
2016,1.0,Leipzig,104.12136254141518,104.07557678222656,1,quarterly
2016,1.0,Lübeck,102.09645080566406,108.09405517578125,0,quarterly
2016,1.0,Lübeck,102.65761924094343,108.68211364746094,1,quarterly
2016,1.0,Kreis Mettmann,102.24784088134766,106.28520965576172,0,quarterly
2016,1.0,Kreis Mettmann,102.80984142519904,106.87129211425781,1,quarterly
2016,1.0,München,103.11079406738281,106.7748031616211,0,quarterly
2016,1.0,München,103.6775377936397,107.3771743774414,1,quarterly
2016,1.0,Münster,100.56295013427734,103.36229705810547,0,quarterly
2016,1.0,Münster,101.11568975380973,103.93852996826172,1,quarterly
2016,1.0,Potsdam,102.07486724853516,104.8807373046875,0,quarterly
2016,1.0,Potsdam,102.63591705078777,105.46424865722656,1,quarterly
2016,1.0,Rhein-Erft-Kreis,101.54270935058594,108.34898376464844,0,quarterly
2016,1.0,Rhein-Erft-Kreis,102.10083417148456,108.96821594238281,1,quarterly
2016,1.0,Stuttgart,102.03828430175781,107.64771270751953,0,quarterly
2016,1.0,Stuttgart,102.5991330275299,108.249755859375,1,quarterly
2016,1.0,Wiesbaden,102.5427017211914,108.81565856933594,0,quarterly
2016,1.0,Wiesbaden,103.10632295405613,109.42523193359375,1,quarterly
2016,2.0,Berlin,105.04534149169922,111.6894760131836,0,quarterly
2016,2.0,Berlin,104.54758364328298,111.15794372558594,1,quarterly
2016,2.0,Bonn,102.1304702758789,110.26392364501953,0,quarterly
2016,2.0,Bonn,101.64652455853096,109.7138442993164,1,quarterly
2016,2.0,Dortmund,104.01480102539062,108.42076110839844,0,quarterly
2016,2.0,Dortmund,103.5219263978572,107.90337371826172,1,quarterly
2016,2.0,Dresden,102.91844940185547,105.46332550048828,0,quarterly
2016,2.0,Dresden,102.43076984168525,104.96448516845703,1,quarterly
2016,2.0,Duisburg,102.41519165039062,111.5418472290039,0,quarterly
2016,2.0,Duisburg,101.9298967794604,110.99031066894531,1,quarterly
2016,2.0,Düsseldorf,102.70880126953125,109.41461181640625,0,quarterly
2016,2.0,Düsseldorf,102.22211512802946,108.88812255859375,1,quarterly
2016,2.0,Erfurt,102.0233154296875,107.63645935058594,0,quarterly
2016,2.0,Erfurt,101.53987746608597,107.11347198486328,1,quarterly
2016,2.0,Frankfurt am Main,102.48534393310547,107.60833740234375,0,quarterly
2016,2.0,Frankfurt am Main,101.99971664525118,107.09413146972656,1,quarterly
2016,2.0,Hamburg,102.28632354736328,107.1457290649414,0,quarterly
2016,2.0,Hamburg,101.80163931854989,106.63397216796875,1,quarterly
2016,2.0,Karlsruhe,101.263671875,110.24093627929688,0,quarterly
2016,2.0,Karlsruhe,100.78383348598194,109.71092987060547,1,quarterly
2016,2.0,Köln,101.89412689208984,109.04374694824219,0,quarterly
2016,2.0,Köln,101.41130108898588,108.5217514038086,1,quarterly
2016,2.0,Leipzig,104.21112060546875,104.41099548339844,0,quarterly
2016,2.0,Leipzig,103.71731571667486,103.91641998291016,1,quarterly
2016,2.0,Lübeck,103.33811950683594,110.34416198730469,0,quarterly
2016,2.0,Lübeck,102.84845133788465,109.80335235595703,1,quarterly
2016,2.0,Kreis Mettmann,103.36695098876953,103.45750427246094,0,quarterly
2016,2.0,Kreis Mettmann,102.87714620170448,102.9580307006836,1,quarterly
2016,2.0,München,104.52262878417969,110.60464477539062,0,quarterly
2016,2.0,München,104.0273478124049,110.0845947265625,1,quarterly
2016,2.0,Münster,100.81171417236328,102.47083282470703,0,quarterly
2016,2.0,Münster,100.33401738706075,101.9822769165039,1,quarterly
2016,2.0,Potsdam,103.66926574707031,100.54732513427734,0,quarterly
2016,2.0,Potsdam,103.17802844009054,100.06681823730469,1,quarterly
2016,2.0,Rhein-Erft-Kreis,103.18681335449219,111.47213745117188,0,quarterly
2016,2.0,Rhein-Erft-Kreis,102.69786215046075,110.95613861083984,1,quarterly
2016,2.0,Stuttgart,104.18861389160156,110.49447631835938,0,quarterly
2016,2.0,Stuttgart,103.69491565097799,109.96961212158203,1,quarterly
2016,2.0,Wiesbaden,103.67878723144531,109.46089172363281,0,quarterly
2016,2.0,Wiesbaden,103.1875048068667,108.94192504882812,1,quarterly
2016,3.0,Berlin,106.78580474853516,117.08943939208984,0,quarterly
2016,3.0,Berlin,105.72316667753891,115.87860870361328,1,quarterly
2016,3.0,Bonn,102.9634780883789,110.69070434570312,0,quarterly
2016,3.0,Bonn,101.93887643840726,109.52075958251953,1,quarterly
2016,3.0,Dortmund,105.40825653076172,111.0094985961914,0,quarterly
2016,3.0,Dortmund,104.35932660369234,109.86009979248047,1,quarterly
2016,3.0,Dresden,104.17943572998047,105.85808563232422,0,quarterly
2016,3.0,Dresden,103.142733942863,104.76646423339844,1,quarterly
2016,3.0,Duisburg,103.20196533203125,106.17991638183594,0,quarterly
2016,3.0,Duisburg,102.17499046751908,105.06230163574219,1,quarterly
2016,3.0,Düsseldorf,102.7747802734375,109.06507110595703,0,quarterly
2016,3.0,Düsseldorf,101.75205637756008,107.93148803710938,1,quarterly
2016,3.0,Erfurt,102.89752197265625,113.77489471435547,0,quarterly
2016,3.0,Erfurt,101.87357665973002,112.58704376220703,1,quarterly
2016,3.0,Frankfurt am Main,103.83576202392578,115.82051849365234,0,quarterly
2016,3.0,Frankfurt am Main,102.80248017417652,114.62057495117188,1,quarterly
2016,3.0,Hamburg,103.31166076660156,110.6283950805664,0,quarterly
2016,3.0,Hamburg,102.28359430995069,109.48247528076172,1,quarterly
2016,3.0,Karlsruhe,103.2060546875,113.4604721069336,0,quarterly
2016,3.0,Karlsruhe,102.1790391293318,112.28167724609375,1,quarterly
2016,3.0,Köln,103.54125213623047,109.95314025878906,0,quarterly
2016,3.0,Köln,102.5109009889251,108.81304931640625,1,quarterly
2016,3.0,Leipzig,105.16197204589844,109.37476348876953,0,quarterly
2016,3.0,Leipzig,104.11549292463165,108.24613189697266,1,quarterly
2016,3.0,Lübeck,104.24017333984375,117.73881530761719,0,quarterly
2016,3.0,Lübeck,103.20286714564489,116.50464630126953,1,quarterly
2016,3.0,Kreis Mettmann,103.84867858886719,111.64884948730469,0,quarterly
2016,3.0,Kreis Mettmann,102.81526820486484,110.48664093017578,1,quarterly
2016,3.0,München,104.90969848632812,113.44345092773438,0,quarterly
2016,3.0,München,103.86572976884895,112.27677917480469,1,quarterly
2016,3.0,Münster,100.41348266601562,106.47455596923828,0,quarterly
2016,3.0,Münster,99.41425631965339,105.37256622314453,1,quarterly
2016,3.0,Potsdam,104.6300048828125,96.98646545410156,0,quarterly
2016,3.0,Potsdam,103.58881942919513,95.98160552978516,1,quarterly
2016,3.0,Rhein-Erft-Kreis,103.62591552734375,113.72679138183594,0,quarterly
2016,3.0,Rhein-Erft-Kreis,102.59472188470085,112.56544494628906,1,quarterly
2016,3.0,Stuttgart,104.8768081665039,114.09368133544922,0,quarterly
2016,3.0,Stuttgart,103.83316674445595,112.91484832763672,1,quarterly
2016,3.0,Wiesbaden,104.922119140625,111.84314727783203,0,quarterly
2016,3.0,Wiesbaden,103.87802682375775,110.68856811523438,1,quarterly
2016,4.0,Berlin,108.22699737548828,123.09849548339844,0,quarterly
2016,4.0,Berlin,107.22489554793746,121.90595245361328,1,quarterly
2016,4.0,Bonn,103.11910247802734,125.67803955078125,0,quarterly
2016,4.0,Bonn,102.16429597360117,124.43177795410156,1,quarterly
2016,4.0,Dortmund,106.10614013671875,116.30013275146484,0,quarterly
2016,4.0,Dortmund,105.12367587619357,115.17195129394531,1,quarterly
2016,4.0,Dresden,105.56131744384766,109.41600799560547,0,quarterly
2016,4.0,Dresden,104.58389783788611,108.35918426513672,1,quarterly
2016,4.0,Duisburg,103.7077407836914,116.84542846679688,0,quarterly
2016,4.0,Duisburg,102.74748392458315,115.69188690185547,1,quarterly
2016,4.0,Düsseldorf,104.91812133789062,112.81424713134766,0,quarterly
2016,4.0,Düsseldorf,103.94665725142869,111.71540069580078,1,quarterly
2016,4.0,Erfurt,103.3398208618164,113.71469116210938,0,quarterly
2016,4.0,Erfurt,102.38297066865145,112.60176086425781,1,quarterly
2016,4.0,Frankfurt am Main,103.78177642822266,121.92250061035156,0,quarterly
2016,4.0,Frankfurt am Main,102.82083405388727,120.73899841308594,1,quarterly
2016,4.0,Hamburg,103.38883972167969,112.20346069335938,0,quarterly
2016,4.0,Hamburg,102.43153565018265,111.11453247070312,1,quarterly
2016,4.0,Karlsruhe,104.01789855957031,112.14974975585938,0,quarterly
2016,4.0,Karlsruhe,103.05476986920392,111.05784606933594,1,quarterly
2016,4.0,Köln,104.29622650146484,110.42521667480469,0,quarterly
2016,4.0,Köln,103.33052070052535,109.35237884521484,1,quarterly
2016,4.0,Leipzig,106.44337463378906,111.51617431640625,0,quarterly
2016,4.0,Leipzig,105.45778783162436,110.43830871582031,1,quarterly
2016,4.0,Lübeck,104.88411712646484,121.7474594116211,0,quarterly
2016,4.0,Lübeck,103.9129678938124,120.55079650878906,1,quarterly
2016,4.0,Kreis Mettmann,104.13371276855469,109.95816802978516,0,quarterly
2016,4.0,Kreis Mettmann,103.1695117244014,108.88540649414062,1,quarterly
2016,4.0,München,105.88080596923828,117.84184265136719,0,quarterly
2016,4.0,München,104.90042813618979,116.7069320678711,1,quarterly
2016,4.0,Münster,102.49716186523438,105.94251251220703,0,quarterly
2016,4.0,Münster,101.54811407018592,104.91525268554688,1,quarterly
2016,4.0,Potsdam,104.47660064697266,100.66077423095703,0,quarterly
2016,4.0,Potsdam,103.50922471505626,99.68360900878906,1,quarterly
2016,4.0,Rhein-Erft-Kreis,104.59273529052734,108.7916488647461,0,quarterly
2016,4.0,Rhein-Erft-Kreis,103.62428403783727,107.75179290771484,1,quarterly
2016,4.0,Stuttgart,104.86691284179688,118.79695892333984,0,quarterly
2016,4.0,Stuttgart,103.89592290807654,117.64714813232422,1,quarterly
2016,4.0,Wiesbaden,104.63024139404297,114.46263122558594,0,quarterly
2016,4.0,Wiesbaden,103.66144286261665,113.35579681396484,1,quarterly
2016,,Berlin,105.41429901123047,114.686279296875,0,annual
2016,,Berlin,104.92399994606194,114.12506866455078,1,annual
2016,,Bocholt,101.19461059570312,110.79957580566406,0,annual
2016,,Bocholt,100.72393798828124,110.25738525390625,1,annual
2016,,Bonn,102.35881042480469,115.65007019042969,0,annual
2016,,Bonn,101.88272293445675,115.08414459228516,1,annual
2016,,Chemnitz,101.24536895751953,104.53206634521484,0,annual
2016,,Chemnitz,100.77446026469386,104.02055358886719,1,annual
2016,,Dortmund,104.2454605102539,110.10030364990234,0,annual
2016,,Dortmund,103.76059790322947,109.56153869628906,1,annual
2016,,Dresden,102.95829010009766,106.81391906738281,0,annual
2016,,Dresden,102.47941433219022,106.29122924804688,1,annual
2016,,Duisburg,102.52554321289062,111.2679443359375,0,annual
2016,,Duisburg,102.04868022120274,110.72346496582031,1,annual
2016,,Düsseldorf,103.02986907958984,108.11568450927734,0,annual
2016,,Düsseldorf,102.55066038619638,107.58663177490234,1,annual
2016,,Erfurt,102.33013916015625,110.07257843017578,0,annual
2016,,Erfurt,101.85418502452761,109.53395080566406,1,annual
2016,,Frankfurt am Main,103.00731658935547,112.39388275146484,0,annual
2016,,Frankfurt am Main,102.52821279126543,111.8438949584961,1,annual
2016,,Hamburg,102.48023223876953,108.0022964477539,0,annual
2016,,Hamburg,102.0035799957985,107.47379302978516,1,annual
2016,,Karlsruhe,102.66488647460938,111.8979263305664,0,annual
2016,,Karlsruhe,102.18737537472747,111.3503646850586,1,annual
2016,,Köln,102.80748748779297,108.0785140991211,0,annual
2016,,Köln,102.32931312738462,107.54964447021484,1,annual
2016,,Leipzig,104.67374420166016,107.07029724121094,0,annual
2016,,Leipzig,104.18688957746637,106.5463638305664,1,annual
2016,,Lübeck,103.48998260498047,114.61762237548828,0,annual
2016,,Lübeck,103.00863384867822,114.05675506591797,1,annual
2016,,Kreis Mettmann,103.36170196533203,107.83612823486328,0,annual
2016,,Kreis Mettmann,102.88094986316769,107.30844116210938,1,annual
2016,,München,104.46473693847656,112.12467956542969,0,annual
2016,,München,103.9788544410883,111.57600402832031,1,annual
2016,,Münster,100.96041107177734,104.06425476074219,0,annual
2016,,Münster,100.49082776446674,103.5550308227539,1,annual
2016,,Potsdam,103.231689453125,101.45793914794922,0,annual
2016,,Potsdam,102.75154206031975,100.96146392822266,1,annual
2016,,Rhein-Erft-Kreis,103.1764144897461,108.48002624511719,0,annual
2016,,Rhein-Erft-Kreis,102.69652418979378,107.94918823242188,1,annual
2016,,Stuttgart,104.08331298828125,112.77825927734375,0,annual
2016,,Stuttgart,103.5992045557776,112.22638702392578,1,annual
2016,,Wiesbaden,103.85723876953125,111.1112289428711,0,annual
2016,,Wiesbaden,103.37418184502178,110.56752014160156,1,annual
2017,1.0,Berlin,110.96092987060547,127.3336181640625,0,quarterly
2017,1.0,Berlin,109.81840022621354,125.97528076171875,1,quarterly
2017,1.0,Bonn,104.1014404296875,122.7643814086914,0,quarterly
2017,1.0,Bonn,103.02954078128408,121.4267578125,1,quarterly
2017,1.0,Dortmund,106.93040466308594,106.1068115234375,0,quarterly
2017,1.0,Dortmund,105.8293760635882,104.97354125976562,1,quarterly
2017,1.0,Dresden,106.81645965576172,110.58590698242188,0,quarterly
2017,1.0,Dresden,105.71660431201128,109.40943145751953,1,quarterly
2017,1.0,Duisburg,104.75078582763672,105.88733673095703,0,quarterly
2017,1.0,Duisburg,103.6722000747867,104.73824310302734,1,quarterly
2017,1.0,Düsseldorf,105.7889404296875,113.6382064819336,0,quarterly
2017,1.0,Düsseldorf,104.69966512683382,112.41999816894531,1,quarterly
2017,1.0,Erfurt,103.4246826171875,114.31941223144531,0,quarterly
2017,1.0,Erfurt,102.35975133020423,113.08856964111328,1,quarterly
2017,1.0,Frankfurt am Main,105.9108657836914,120.7475357055664,0,quarterly
2017,1.0,Frankfurt am Main,104.8203350539815,119.4571304321289,1,quarterly
2017,1.0,Hamburg,105.3222427368164,114.505126953125,0,quarterly
2017,1.0,Hamburg,104.23777287268514,113.28167724609375,1,quarterly
2017,1.0,Karlsruhe,103.22175598144531,112.86453247070312,0,quarterly
2017,1.0,Karlsruhe,102.15891416592954,111.65509033203125,1,quarterly
2017,1.0,Köln,105.3353500366211,116.32199096679688,0,quarterly
2017,1.0,Köln,104.25074521076408,115.07788848876953,1,quarterly
2017,1.0,Leipzig,107.2490463256836,113.62801361083984,0,quarterly
2017,1.0,Leipzig,106.14473677363902,112.41839599609375,1,quarterly
2017,1.0,Lübeck,105.42218017578125,116.54200744628906,0,quarterly
2017,1.0,Lübeck,104.33668128740932,115.28234100341797,1,quarterly
2017,1.0,Kreis Mettmann,104.90217590332031,117.21635437011719,0,quarterly
2017,1.0,Kreis Mettmann,103.82203133468228,115.95793151855469,1,quarterly
2017,1.0,München,108.9915542602539,119.13146209716797,0,quarterly
2017,1.0,München,107.8693026544328,117.86739349365234,1,quarterly
2017,1.0,Münster,103.35845184326172,111.99083709716797,0,quarterly
2017,1.0,Münster,102.2942025136365,110.79519653320312,1,quarterly
2017,1.0,Potsdam,105.67547607421875,101.12132263183594,0,quarterly
2017,1.0,Potsdam,104.58736907799207,100.04061126708984,1,quarterly
2017,1.0,Rhein-Erft-Kreis,104.93917083740234,113.30441284179688,0,quarterly
2017,1.0,Rhein-Erft-Kreis,103.85864534361409,112.11038970947266,1,quarterly
2017,1.0,Stuttgart,107.36640930175781,123.15846252441406,0,quarterly
2017,1.0,Stuttgart,106.26089130022139,121.84576416015625,1,quarterly
2017,1.0,Wiesbaden,105.8674545288086,116.4594497680664,0,quarterly
2017,1.0,Wiesbaden,104.7773707910774,115.21920013427734,1,quarterly
2017,2.0,Berlin,112.5294418334961,131.936767578125,0,quarterly
2017,2.0,Berlin,110.44556328102392,129.4618682861328,1,quarterly
2017,2.0,Bonn,105.25715637207031,117.82649993896484,0,quarterly
2017,2.0,Bonn,103.30794977258752,115.58960723876953,1,quarterly
2017,2.0,Dortmund,108.32672119140625,109.96198272705078,0,quarterly
2017,2.0,Dortmund,106.3206707989728,107.89788818359375,1,quarterly
2017,2.0,Dresden,106.86846160888672,113.5154037475586,0,quarterly
2017,2.0,Dresden,104.88941602353697,111.38932037353516,1,quarterly
2017,2.0,Duisburg,105.64497375488281,102.63886260986328,0,quarterly
2017,2.0,Duisburg,103.68858535201461,100.69476318359375,1,quarterly
2017,2.0,Düsseldorf,105.61221313476562,119.10847473144531,0,quarterly
2017,2.0,Düsseldorf,103.65643141004774,116.86801147460938,1,quarterly
2017,2.0,Erfurt,104.8344497680664,113.18354797363281,0,quarterly
2017,2.0,Erfurt,102.89307106865778,111.0492935180664,1,quarterly
2017,2.0,Frankfurt am Main,106.6000747680664,124.63298797607422,0,quarterly
2017,2.0,Frankfurt am Main,104.62599930939851,122.29271697998047,1,quarterly
2017,2.0,Hamburg,106.17549133300781,119.30682373046875,0,quarterly
2017,2.0,Hamburg,104.2092785305447,117.06681060791016,1,quarterly
2017,2.0,Karlsruhe,104.02997589111328,120.48731231689453,0,quarterly
2017,2.0,Karlsruhe,102.10349485609267,118.2214126586914,1,quarterly
2017,2.0,Köln,106.68936157226562,119.4200668334961,0,quarterly
2017,2.0,Köln,104.7136326542607,117.17668151855469,1,quarterly
2017,2.0,Leipzig,108.63931274414062,118.24854278564453,0,quarterly
2017,2.0,Leipzig,106.62747361924913,116.03301239013672,1,quarterly
2017,2.0,Lübeck,107.24231719970703,115.79102325439453,0,quarterly
2017,2.0,Lübeck,105.25634836267541,113.602783203125,1,quarterly
2017,2.0,Kreis Mettmann,105.0661392211914,118.64152526855469,0,quarterly
2017,2.0,Kreis Mettmann,103.12046997635453,116.4079818725586,1,quarterly
2017,2.0,München,110.35371398925781,123.19852447509766,0,quarterly
2017,2.0,München,108.31012669316044,120.89449310302734,1,quarterly
2017,2.0,Münster,104.41876220703125,117.2861328125,0,quarterly
2017,2.0,Münster,102.48508142541957,115.08504486083984,1,quarterly
2017,2.0,Potsdam,105.36669921875,109.39277648925781,0,quarterly
2017,2.0,Potsdam,103.41546404803242,107.338623046875,1,quarterly
2017,2.0,Rhein-Erft-Kreis,106.3433609008789,110.6811294555664,0,quarterly
2017,2.0,Rhein-Erft-Kreis,104.37403940271449,108.61914825439453,1,quarterly
2017,2.0,Stuttgart,109.21733856201172,125.60871124267578,0,quarterly
2017,2.0,Stuttgart,107.1947952553078,123.25362396240234,1,quarterly
2017,2.0,Wiesbaden,106.68148040771484,119.78168487548828,0,quarterly
2017,2.0,Wiesbaden,104.7058974372016,117.53692626953125,1,quarterly
2017,3.0,Berlin,114.16470336914062,134.44049072265625,0,quarterly
2017,3.0,Berlin,111.28017064393202,131.0186004638672,1,quarterly
2017,3.0,Bonn,105.78427124023438,125.41108703613281,0,quarterly
2017,3.0,Bonn,103.11148198751619,122.19080352783203,1,quarterly
2017,3.0,Dortmund,108.89862823486328,115.7159423828125,0,quarterly
2017,3.0,Dortmund,106.14715034718283,112.7691650390625,1,quarterly
2017,3.0,Dresden,107.5480728149414,114.9372787475586,0,quarterly
2017,3.0,Dresden,104.83071862040782,112.01507568359375,1,quarterly
2017,3.0,Duisburg,106.65686798095703,115.33954620361328,0,quarterly
2017,3.0,Duisburg,103.96203133723057,112.38286590576172,1,quarterly
2017,3.0,Düsseldorf,106.6539077758789,120.20502471923828,0,quarterly
2017,3.0,Düsseldorf,103.95914592592118,117.13924407958984,1,quarterly
2017,3.0,Erfurt,105.4489517211914,119.19298553466797,0,quarterly
2017,3.0,Erfurt,102.78463479045661,116.14754486083984,1,quarterly
2017,3.0,Frankfurt am Main,106.71708679199219,127.58721923828125,0,quarterly
2017,3.0,Frankfurt am Main,104.02072863482086,124.33733367919922,1,quarterly
2017,3.0,Hamburg,105.91854095458984,119.31710815429688,0,quarterly
2017,3.0,Hamburg,103.24235918760382,116.27812957763672,1,quarterly
2017,3.0,Karlsruhe,105.68097686767578,121.61067199707031,0,quarterly
2017,3.0,Karlsruhe,103.01079749339796,118.5095443725586,1,quarterly
2017,3.0,Köln,108.05095672607422,122.48788452148438,0,quarterly
2017,3.0,Köln,105.32089645815863,119.36686706542969,1,quarterly
2017,3.0,Leipzig,110.21147155761719,120.2900161743164,0,quarterly
2017,3.0,Leipzig,107.42682282627143,117.23091125488281,1,quarterly
2017,3.0,Lübeck,108.32772064208984,122.90325927734375,0,quarterly
2017,3.0,Lübeck,105.59066754233268,119.75792694091797,1,quarterly
2017,3.0,Kreis Mettmann,106.18113708496094,117.7146987915039,0,quarterly
2017,3.0,Kreis Mettmann,103.49832045527904,114.7105941772461,1,quarterly
2017,3.0,München,111.51066589355469,125.80645751953125,0,quarterly
2017,3.0,München,108.69319117950305,122.61137390136719,1,quarterly
2017,3.0,Münster,105.53272247314453,114.63764190673828,0,quarterly
2017,3.0,Münster,102.86628895586159,111.71881103515625,1,quarterly
2017,3.0,Potsdam,107.14293670654297,111.32909393310547,0,quarterly
2017,3.0,Potsdam,104.43581884888367,108.4932861328125,1,quarterly
2017,3.0,Rhein-Erft-Kreis,107.03728485107422,112.81379699707031,0,quarterly
2017,3.0,Rhein-Erft-Kreis,104.33283643699586,109.95673370361328,1,quarterly
2017,3.0,Stuttgart,110.10494995117188,127.32315826416016,0,quarterly
2017,3.0,Stuttgart,107.3229926388958,124.08353424072266,1,quarterly
2017,3.0,Wiesbaden,107.53607940673828,125.70746612548828,0,quarterly
2017,3.0,Wiesbaden,104.81902824262855,122.51006317138672,1,quarterly
2017,4.0,Berlin,115.53166198730469,139.4021453857422,0,quarterly
2017,4.0,Berlin,112.84534191009385,136.1193084716797,1,quarterly
2017,4.0,Bonn,106.4561538696289,125.06053924560547,0,quarterly
2017,4.0,Bonn,103.98085576897442,122.0872573852539,1,quarterly
2017,4.0,Dortmund,109.96749114990234,117.50723266601562,0,quarterly
2017,4.0,Dortmund,107.41054810731936,114.73851013183594,1,quarterly
2017,4.0,Dresden,107.89340209960938,115.78231811523438,0,quarterly
2017,4.0,Dresden,105.38468537838182,113.05902099609375,1,quarterly
2017,4.0,Duisburg,107.2132339477539,113.72652435302734,0,quarterly
2017,4.0,Duisburg,104.72033236612339,111.02761840820312,1,quarterly
2017,4.0,Düsseldorf,107.60600280761719,121.86300659179688,0,quarterly
2017,4.0,Düsseldorf,105.10396863968259,118.98689270019531,1,quarterly
2017,4.0,Erfurt,104.90293884277344,117.49835968017578,0,quarterly
2017,4.0,Erfurt,102.46375580044233,114.71984100341797,1,quarterly
2017,4.0,Frankfurt am Main,107.99591064453125,131.37954711914062,0,quarterly
2017,4.0,Frankfurt am Main,105.48481041425022,128.28314208984375,1,quarterly
2017,4.0,Hamburg,107.54023742675781,122.31461334228516,0,quarterly
2017,4.0,Hamburg,105.03973242286318,119.43209838867188,1,quarterly
2017,4.0,Karlsruhe,107.19345092773438,122.56690216064453,0,quarterly
2017,4.0,Karlsruhe,104.70100933709638,119.67466735839844,1,quarterly
2017,4.0,Köln,107.79833984375,124.62062072753906,0,quarterly
2017,4.0,Köln,105.29183349188878,121.68246459960938,1,quarterly
2017,4.0,Leipzig,111.51879119873047,124.29608917236328,0,quarterly
2017,4.0,Leipzig,108.92577762452645,121.3717041015625,1,quarterly
2017,4.0,Lübeck,110.18172454833984,121.72004699707031,0,quarterly
2017,4.0,Lübeck,107.61980019180766,118.8366470336914,1,quarterly
2017,4.0,Kreis Mettmann,106.8277587890625,120.68810272216797,0,quarterly
2017,4.0,Kreis Mettmann,104.34382020199335,117.83782958984375,1,quarterly
2017,4.0,München,112.76012420654297,127.69024658203125,0,quarterly
2017,4.0,München,110.13824739498884,124.69038391113281,1,quarterly
2017,4.0,Münster,107.06985473632812,110.51823425292969,0,quarterly
2017,4.0,Münster,104.58028698066084,107.91464233398438,1,quarterly
2017,4.0,Potsdam,106.60455322265625,114.53792572021484,0,quarterly
2017,4.0,Potsdam,104.12580456866752,111.83839416503906,1,quarterly
2017,4.0,Rhein-Erft-Kreis,106.00485229492188,114.94290924072266,0,quarterly
2017,4.0,Rhein-Erft-Kreis,103.54004777204648,112.25074768066406,1,quarterly
2017,4.0,Stuttgart,113.18627166748047,128.2684783935547,0,quarterly
2017,4.0,Stuttgart,110.55448615678294,125.24896240234375,1,quarterly
2017,4.0,Wiesbaden,107.88639068603516,124.10503387451172,0,quarterly
2017,4.0,Wiesbaden,105.37783699285315,121.18462371826172,1,quarterly
2017,,Berlin,113.00749206542969,132.1790008544922,0,annual
2017,,Berlin,110.81886347969076,129.5762481689453,1,annual
2017,,Bocholt,102.92964935302734,116.45877838134766,0,annual
2017,,Bocholt,100.93619946066366,114.16557312011719,1,annual
2017,,Bonn,105.29757690429688,123.60468292236328,0,annual
2017,,Bonn,103.25826709740056,121.17076873779297,1,annual
2017,,Chemnitz,102.36717224121094,112.19248962402344,0,annual
2017,,Chemnitz,100.38461590522343,109.9832992553711,1,annual
2017,,Dortmund,108.2786636352539,112.67774200439453,0,annual
2017,,Dortmund,106.18161879224016,110.45899200439453,1,annual
2017,,Dresden,106.97652435302734,113.4469985961914,0,annual
2017,,Dresden,104.90469818537403,111.21309661865234,1,annual
2017,,Duisburg,106.09492492675781,110.81929016113281,0,annual
2017,,Duisburg,104.04017279260651,108.63713073730469,1,annual
2017,,Düsseldorf,106.42022705078125,117.39419555664062,0,annual
2017,,Düsseldorf,104.35917475444931,115.08257293701172,1,annual
2017,,Erfurt,104.54350280761719,115.33745574951172,0,annual
2017,,Erfurt,102.51879723707367,113.06632995605469,1,annual
2017,,Frankfurt am Main,107.04911041259766,125.2822265625,0,annual
2017,,Frankfurt am Main,104.97587846270815,122.8152847290039,1,annual
2017,,Hamburg,106.1216049194336,117.34994506835938,0,annual
2017,,Hamburg,104.06633607091611,115.03919982910156,1,annual
2017,,Karlsruhe,105.33544158935547,120.05387115478516,0,annual
2017,,Karlsruhe,103.29539845291973,117.68988037109375,1,annual
2017,,Köln,107.00428771972656,120.26578521728516,0,annual
2017,,Köln,104.93192385588263,117.89762115478516,1,annual
2017,,Leipzig,109.35643005371094,119.50779724121094,0,annual
2017,,Leipzig,107.23851198938175,117.15455627441406,1,annual
2017,,Lübeck,107.8021011352539,120.4992446899414,0,annual
2017,,Lübeck,105.71428593083606,118.12648010253906,1,annual
2017,,Kreis Mettmann,106.0311279296875,118.61019897460938,0,annual
2017,,Kreis Mettmann,103.97761135902779,116.2746353149414,1,annual
2017,,München,110.90536499023438,124.66470336914062,0,annual
2017,,München,108.75744853183798,122.20991516113281,1,annual
2017,,Münster,105.1565933227539,113.27757263183594,0,annual
2017,,Münster,103.12001396045952,111.04701232910156,1,annual
2017,,Potsdam,105.48783874511719,109.8141860961914,0,annual
2017,,Potsdam,103.44484411612649,107.65182495117188,1,annual
2017,,Rhein-Erft-Kreis,106.20146942138672,110.76074981689453,0,annual
2017,,Rhein-Erft-Kreis,104.14465382823516,108.57974243164062,1,annual
2017,,Stuttgart,110.64449310302734,126.2085189819336,0,annual
2017,,Stuttgart,108.50162897929587,123.72333526611328,1,annual
2017,,Wiesbaden,106.9254379272461,121.35478973388672,0,annual
2017,,Wiesbaden,104.85460115604575,118.96517944335938,1,annual
2018,1.0,Berlin,117.4797592163086,142.4873046875,0,quarterly
2018,1.0,Berlin,114.74814235544024,139.13180541992188,1,quarterly
2018,1.0,Bonn,107.09236907958984,125.15188598632812,0,quarterly
2018,1.0,Bonn,104.6022778247251,122.17642211914062,1,quarterly
2018,1.0,Dortmund,112.01473236083984,120.7448501586914,0,quarterly
2018,1.0,Dortmund,109.41018725772007,117.89983367919922,1,quarterly
2018,1.0,Dresden,108.3848648071289,117.9594955444336,0,quarterly
2018,1.0,Dresden,105.86472068915398,115.18498229980469,1,quarterly
2018,1.0,Duisburg,108.62511444091797,120.88795471191406,0,quarterly
2018,1.0,Duisburg,106.09938408447223,118.01909637451172,1,quarterly
2018,1.0,Düsseldorf,108.59178924560547,125.64456176757812,0,quarterly
2018,1.0,Düsseldorf,106.0668337602185,122.67919158935547,1,quarterly
2018,1.0,Erfurt,107.09483337402344,123.14066314697266,0,quarterly
2018,1.0,Erfurt,104.60468481985652,120.22870635986328,1,quarterly
2018,1.0,Frankfurt am Main,109.66670989990234,136.0052032470703,0,quarterly
2018,1.0,Frankfurt am Main,107.11676056533692,132.7997589111328,1,quarterly
2018,1.0,Hamburg,109.13462829589844,123.585205078125,0,quarterly
2018,1.0,Hamburg,106.59705082088185,120.67274475097656,1,quarterly
2018,1.0,Karlsruhe,107.95818328857422,123.15752410888672,0,quarterly
2018,1.0,Karlsruhe,105.44796028754813,120.25135040283203,1,quarterly
2018,1.0,Köln,109.4041976928711,128.4192657470703,0,quarterly
2018,1.0,Köln,106.86035224186566,125.39154052734375,1,quarterly
2018,1.0,Leipzig,112.8154296875,128.43240356445312,0,quarterly
2018,1.0,Leipzig,110.19226692349508,125.41069793701172,1,quarterly
2018,1.0,Lübeck,110.46400451660156,133.7003173828125,0,quarterly
2018,1.0,Lübeck,107.89551664031131,130.53311157226562,1,quarterly
2018,1.0,Kreis Mettmann,108.185302734375,127.34161376953125,0,quarterly
2018,1.0,Kreis Mettmann,105.66979879549443,124.33419799804688,1,quarterly
2018,1.0,München,114.56013488769531,131.4832305908203,0,quarterly
2018,1.0,München,111.89640457253189,128.39425659179688,1,quarterly
2018,1.0,Münster,107.9984130859375,117.27254486083984,0,quarterly
2018,1.0,Münster,105.48725466936817,114.50984191894531,1,quarterly
2018,1.0,Potsdam,109.66520690917969,121.11940002441406,0,quarterly
2018,1.0,Potsdam,107.11529252186669,118.2647476196289,1,quarterly
2018,1.0,Rhein-Erft-Kreis,107.56381225585938,123.684814453125,0,quarterly
2018,1.0,Rhein-Erft-Kreis,105.06275909455366,120.78789520263672,1,quarterly
2018,1.0,Stuttgart,113.58042907714844,132.7352752685547,0,quarterly
2018,1.0,Stuttgart,110.9394786938527,129.610595703125,1,quarterly
2018,1.0,Wiesbaden,108.82682800292969,123.9384536743164,0,quarterly
2018,1.0,Wiesbaden,106.29640744137345,121.02195739746094,1,quarterly
2018,2.0,Berlin,119.93744659423828,147.2781524658203,0,quarterly
2018,2.0,Berlin,115.67436388366077,142.0526885986328,1,quarterly
2018,2.0,Bonn,108.37155151367188,131.41250610351562,0,quarterly
2018,2.0,Bonn,104.51956949558388,126.72068786621094,1,quarterly
2018,2.0,Dortmund,113.15271759033203,128.8650665283203,0,quarterly
2018,2.0,Dortmund,109.13079276441718,124.29126739501953,1,quarterly
2018,2.0,Dresden,109.271240234375,121.15251922607422,0,quarterly
2018,2.0,Dresden,105.38727948454773,116.8573989868164,1,quarterly
2018,2.0,Duisburg,109.25404357910156,117.29764556884766,0,quarterly
2018,2.0,Duisburg,105.37069407093283,113.11478424072266,1,quarterly
2018,2.0,Düsseldorf,109.95674896240234,128.83206176757812,0,quarterly
2018,2.0,Düsseldorf,106.04842234111969,124.25445556640625,1,quarterly
2018,2.0,Erfurt,107.23275756835938,123.25929260253906,0,quarterly
2018,2.0,Erfurt,103.4212530901643,118.87409210205078,1,quarterly
2018,2.0,Frankfurt am Main,110.91226959228516,143.3115692138672,0,quarterly
2018,2.0,Frankfurt am Main,106.96997973772943,138.22413635253906,1,quarterly
2018,2.0,Hamburg,109.9575424194336,125.91808319091797,0,quarterly
2018,2.0,Hamburg,106.04918759534148,121.4483642578125,1,quarterly
2018,2.0,Karlsruhe,109.18865203857422,130.83010864257812,0,quarterly
2018,2.0,Karlsruhe,105.30762682155688,126.18204498291016,1,quarterly
2018,2.0,Köln,110.5669174194336,131.00491333007812,0,quarterly
2018,2.0,Köln,106.63690283768842,126.353271484375,1,quarterly
2018,2.0,Leipzig,113.99767303466797,132.85691833496094,0,quarterly
2018,2.0,Leipzig,109.94571492850376,128.14596557617188,1,quarterly
2018,2.0,Lübeck,111.11146545410156,124.228759765625,0,quarterly
2018,2.0,Lübeck,107.16209533847108,119.8039779663086,1,quarterly
2018,2.0,Kreis Mettmann,109.9072036743164,128.95437622070312,0,quarterly
2018,2.0,Kreis Mettmann,106.00063810153884,124.37044525146484,1,quarterly
2018,2.0,München,115.2486572265625,133.61865234375,0,quarterly
2018,2.0,München,111.1522338659585,128.88522338867188,1,quarterly
2018,2.0,Münster,108.9251708984375,123.94661712646484,0,quarterly
2018,2.0,Münster,105.05351091242161,119.54790496826172,1,quarterly
2018,2.0,Potsdam,111.12474060058594,126.06150817871094,0,quarterly
2018,2.0,Potsdam,107.174898630259,121.58637237548828,1,quarterly
2018,2.0,Rhein-Erft-Kreis,108.82272338867188,126.73118591308594,0,quarterly
2018,2.0,Rhein-Erft-Kreis,104.9547048192446,122.25070190429688,1,quarterly
2018,2.0,Stuttgart,115.90606689453125,135.47068786621094,0,quarterly
2018,2.0,Stuttgart,111.78627642157937,130.66531372070312,1,quarterly
2018,2.0,Wiesbaden,109.57091522216797,125.14509582519531,0,quarterly
2018,2.0,Wiesbaden,105.67630275933921,120.70708465576172,1,quarterly
2018,3.0,Berlin,121.60669708251953,150.71188354492188,0,quarterly
2018,3.0,Berlin,116.29537591146178,144.15939331054688,1,quarterly
2018,3.0,Bonn,108.2621078491211,136.38143920898438,0,quarterly
2018,3.0,Bonn,103.5336279278863,130.421875,1,quarterly
2018,3.0,Dortmund,113.92166900634766,125.50370788574219,0,quarterly
2018,3.0,Dortmund,108.94600083220871,120.04561614990234,1,quarterly
2018,3.0,Dresden,109.7925796508789,121.96098327636719,0,quarterly
2018,3.0,Dresden,104.99725450255215,116.66189575195312,1,quarterly
2018,3.0,Duisburg,110.3546371459961,123.79145812988281,0,quarterly
2018,3.0,Duisburg,105.53476344940032,118.38729095458984,1,quarterly
2018,3.0,Düsseldorf,110.58697509765625,130.24484252929688,0,quarterly
2018,3.0,Düsseldorf,105.75695375696603,124.57556915283203,1,quarterly
2018,3.0,Erfurt,106.81688690185547,122.68341064453125,0,quarterly
2018,3.0,Erfurt,102.15152877241525,117.33773803710938,1,quarterly
2018,3.0,Frankfurt am Main,111.44143676757812,145.41647338867188,0,quarterly
2018,3.0,Frankfurt am Main,106.57409576879185,139.09149169921875,1,quarterly
2018,3.0,Hamburg,110.13687133789062,129.10496520996094,0,quarterly
2018,3.0,Hamburg,105.32650882920368,123.48973083496094,1,quarterly
2018,3.0,Karlsruhe,109.45297241210938,127.55457305908203,0,quarterly
2018,3.0,Karlsruhe,104.67248002513867,122.00291442871094,1,quarterly
2018,3.0,Köln,111.31893920898438,130.34957885742188,0,quarterly
2018,3.0,Köln,106.45694844083482,124.67887115478516,1,quarterly
2018,3.0,Leipzig,114.7667007446289,134.32737731933594,0,quarterly
2018,3.0,Leipzig,109.7541247761873,128.4901123046875,1,quarterly
2018,3.0,Lübeck,112.54877471923828,133.18626403808594,0,quarterly
2018,3.0,Lübeck,107.63306938158522,127.3775405883789,1,quarterly
2018,3.0,Kreis Mettmann,109.0320053100586,133.4777374267578,0,quarterly
2018,3.0,Kreis Mettmann,104.26989917594305,127.66571044921875,1,quarterly
2018,3.0,München,116.79135131835938,138.42532348632812,0,quarterly
2018,3.0,München,111.69034626077843,132.41461181640625,1,quarterly
2018,3.0,Münster,110.40845489501953,120.92453002929688,0,quarterly
2018,3.0,Münster,105.58623064243776,115.66607666015625,1,quarterly
2018,3.0,Potsdam,111.83232116699219,131.5323028564453,0,quarterly
2018,3.0,Potsdam,106.94790781416741,125.8111572265625,1,quarterly
2018,3.0,Rhein-Erft-Kreis,109.07530212402344,135.22402954101562,0,quarterly
2018,3.0,Rhein-Erft-Kreis,104.31130494862344,129.36180114746094,1,quarterly
2018,3.0,Stuttgart,116.70785522460938,138.83038330078125,0,quarterly
2018,3.0,Stuttgart,111.61049696100503,132.79563903808594,1,quarterly
2018,3.0,Wiesbaden,111.20941162109375,130.7482147216797,0,quarterly
2018,3.0,Wiesbaden,106.35220460425342,125.06593322753906,1,quarterly
2018,4.0,Berlin,121.6976089477539,155.55789184570312,0,quarterly
2018,4.0,Berlin,116.53953737634455,148.9371795654297,1,quarterly
2018,4.0,Bonn,111.01143646240234,137.898681640625,0,quarterly
2018,4.0,Bonn,106.3062911479709,131.99908447265625,1,quarterly
2018,4.0,Dortmund,115.37615203857422,131.59475708007812,0,quarterly
2018,4.0,Dortmund,110.48601118047188,125.99230194091797,1,quarterly
2018,4.0,Dresden,110.52981567382812,125.2450180053711,0,quarterly
2018,4.0,Dresden,105.84508353365068,119.91796112060547,1,quarterly
2018,4.0,Duisburg,110.35961151123047,123.31370544433594,0,quarterly
2018,4.0,Duisburg,105.68209336038296,118.04332733154297,1,quarterly
2018,4.0,Düsseldorf,112.3643798828125,133.23095703125,0,quarterly
2018,4.0,Düsseldorf,107.6018909684954,127.55374145507812,1,quarterly
2018,4.0,Erfurt,107.08853149414062,130.7098388671875,0,quarterly
2018,4.0,Erfurt,102.54965587694554,125.1341323852539,1,quarterly
2018,4.0,Frankfurt am Main,111.8314437866211,144.01116943359375,0,quarterly
2018,4.0,Frankfurt am Main,107.09154301147048,137.87921142578125,1,quarterly
2018,4.0,Hamburg,110.72367095947266,132.6542205810547,0,quarterly
2018,4.0,Hamburg,106.03072239297018,127.006103515625,1,quarterly
2018,4.0,Karlsruhe,110.20440673828125,132.18714904785156,0,quarterly
2018,4.0,Karlsruhe,105.53346683768878,126.554931640625,1,quarterly
2018,4.0,Köln,112.57518768310547,131.919677734375,0,quarterly
2018,4.0,Köln,107.80376382149461,126.3014907836914,1,quarterly
2018,4.0,Leipzig,115.68899536132812,141.1046600341797,0,quarterly
2018,4.0,Leipzig,110.78559484871526,135.10211181640625,1,quarterly
2018,4.0,Lübeck,113.70240783691406,126.85057830810547,0,quarterly
2018,4.0,Lübeck,108.88320750475171,121.4343490600586,1,quarterly
2018,4.0,Kreis Mettmann,112.1596450805664,133.48475646972656,0,quarterly
2018,4.0,Kreis Mettmann,107.40583371359205,127.794677734375,1,quarterly
2018,4.0,München,116.55021667480469,139.10415649414062,0,quarterly
2018,4.0,München,111.61031387416706,133.19139099121094,1,quarterly
2018,4.0,Münster,110.03511047363281,120.04668426513672,0,quarterly
2018,4.0,Münster,105.37134608172435,114.93636322021484,1,quarterly
2018,4.0,Potsdam,112.91669464111328,129.125244140625,0,quarterly
2018,4.0,Potsdam,108.13079623602727,123.62706756591797,1,quarterly
2018,4.0,Rhein-Erft-Kreis,110.85755157470703,134.3262939453125,0,quarterly
2018,4.0,Rhein-Erft-Kreis,106.15892856807896,128.62603759765625,1,quarterly
2018,4.0,Stuttgart,116.76264190673828,139.06382751464844,0,quarterly
2018,4.0,Stuttgart,111.81373560505112,133.1463165283203,1,quarterly
2018,4.0,Wiesbaden,111.2011489868164,131.09072875976562,0,quarterly
2018,4.0,Wiesbaden,106.48796283421747,125.51363372802734,1,quarterly
2018,,Berlin,119.8407211303711,147.8413848876953,0,annual
2018,,Berlin,115.49268918860301,142.4625244140625,1,annual
2018,,Bocholt,105.86669921875,127.50569915771484,0,annual
2018,,Bocholt,102.0256693465088,122.86670684814453,1,annual
2018,,Bonn,108.49105072021484,134.10430908203125,0,annual
2018,,Bonn,104.55480476409859,129.22523498535156,1,annual
2018,,Chemnitz,103.37336730957031,120.79315948486328,0,annual
2018,,Chemnitz,99.62279990017386,116.39839172363281,1,annual
2018,,Dortmund,113.3089828491211,128.29006958007812,0,annual
2018,,Dortmund,109.19793384949708,123.6225357055664,1,annual
2018,,Dresden,109.1285629272461,121.35169982910156,0,annual
2018,,Dresden,105.16918690804869,116.93660736083984,1,annual
2018,,Duisburg,109.6605224609375,123.72168731689453,0,annual
2018,,Duisburg,105.68184601512047,119.22036743164062,1,annual
2018,,Düsseldorf,110.34056854248047,127.94869995117188,0,annual
2018,,Düsseldorf,106.3372188298762,123.29359436035156,1,annual
2018,,Erfurt,106.89604949951172,124.07838439941406,0,annual
2018,,Erfurt,103.01767299035276,119.56409454345703,1,annual
2018,,Frankfurt am Main,111.12037658691406,140.4503936767578,0,annual
2018,,Frankfurt am Main,107.08873406821131,135.34043884277344,1,annual
2018,,Hamburg,109.9031753540039,126.50677490234375,0,annual
2018,,Hamburg,105.9156950348468,121.90412902832031,1,annual
2018,,Karlsruhe,109.31363677978516,129.1219482421875,0,annual
2018,,Karlsruhe,105.3475459560135,124.42415618896484,1,annual
2018,,Köln,111.00852966308594,129.7731170654297,0,annual
2018,,Köln,106.98094514731247,125.0516357421875,1,annual
2018,,Leipzig,114.23628997802734,134.33700561523438,0,annual
2018,,Leipzig,110.09159664634088,129.44947814941406,1,annual
2018,,Lübeck,111.98977661132812,133.6822967529297,0,annual
2018,,Lübeck,107.92659073206588,128.81857299804688,1,annual
2018,,Kreis Mettmann,109.95343017578125,130.6659698486328,0,annual
2018,,Kreis Mettmann,105.96412652338437,125.91199493408203,1,annual
2018,,München,115.64144897460938,136.29684448242188,0,annual
2018,,München,111.44577400543965,131.3380126953125,1,annual
2018,,Münster,109.12968444824219,120.16398620605469,0,annual
2018,,Münster,105.17026773829234,115.79210662841797,1,annual
2018,,Potsdam,110.65293884277344,127.19055938720703,0,annual
2018,,Potsdam,106.63825578679038,122.56304168701172,1,annual
2018,,Rhein-Erft-Kreis,109.14457702636719,127.0897445678711,0,annual
2018,,Rhein-Erft-Kreis,105.18461998751434,122.46588897705078,1,annual
2018,,Stuttgart,116.11653900146484,136.2447052001953,0,annual
2018,,Stuttgart,111.90362693131226,131.2877655029297,1,annual
2018,,Wiesbaden,110.02307891845703,127.03946685791016,0,annual
2018,,Wiesbaden,106.03124828729197,122.41744232177734,1,annual
2019,1.0,Berlin,122.0328140258789,157.1424560546875,0,quarterly
2019,1.0,Berlin,117.57527834535493,151.37229919433594,1,quarterly
2019,1.0,Bonn,110.50650024414062,136.1182098388672,0,quarterly
2019,1.0,Bonn,106.46999029638486,131.0897979736328,1,quarterly
2019,1.0,Dortmund,116.6273422241211,129.8400115966797,0,quarterly
2019,1.0,Dortmund,112.36725412045372,125.07073974609375,1,quarterly
2019,1.0,Dresden,111.29657745361328,129.6883087158203,0,quarterly
2019,1.0,Dresden,107.23120807669737,124.92990112304688,1,quarterly
2019,1.0,Duisburg,112.41358947753906,125.0146713256836,0,quarterly
2019,1.0,Duisburg,108.30741860807404,120.40176391601562,1,quarterly
2019,1.0,Düsseldorf,112.81136322021484,136.692626953125,0,quarterly
2019,1.0,Düsseldorf,108.69066272882064,131.6663818359375,1,quarterly
2019,1.0,Erfurt,108.0294189453125,129.7561492919922,0,quarterly
2019,1.0,Erfurt,104.0833902206706,124.97907257080078,1,quarterly
2019,1.0,Frankfurt am Main,112.49772644042969,150.87806701660156,0,quarterly
2019,1.0,Frankfurt am Main,108.38848227041737,145.33509826660156,1,quarterly
2019,1.0,Hamburg,110.37481689453125,131.71682739257812,0,quarterly
2019,1.0,Hamburg,106.34311699097631,126.87808227539062,1,quarterly
2019,1.0,Karlsruhe,111.136474609375,135.3558807373047,0,quarterly
2019,1.0,Karlsruhe,107.07695336557347,130.3793487548828,1,quarterly
2019,1.0,Köln,112.58236694335938,138.33815002441406,0,quarterly
2019,1.0,Köln,108.47003107981496,133.25473022460938,1,quarterly
2019,1.0,Leipzig,117.14018249511719,141.92613220214844,0,quarterly
2019,1.0,Leipzig,112.86136169381744,136.71775817871094,1,quarterly
2019,1.0,Lübeck,114.39968872070312,135.20684814453125,0,quarterly
2019,1.0,Lübeck,110.22097090300838,130.22357177734375,1,quarterly
2019,1.0,Kreis Mettmann,112.46009063720703,139.68814086914062,0,quarterly
2019,1.0,Kreis Mettmann,108.35222120346602,134.54959106445312,1,quarterly
2019,1.0,München,118.17790985107422,141.2123260498047,0,quarterly
2019,1.0,München,113.86118361628301,136.03492736816406,1,quarterly
2019,1.0,Münster,111.39263916015625,128.48719787597656,0,quarterly
2019,1.0,Münster,107.32376090337172,123.76815795898438,1,quarterly
2019,1.0,Potsdam,114.95687103271484,139.62168884277344,0,quarterly
2019,1.0,Potsdam,110.75780082000097,134.49220275878906,1,quarterly
2019,1.0,Rhein-Erft-Kreis,111.36563110351562,139.05108642578125,0,quarterly
2019,1.0,Rhein-Erft-Kreis,107.29773937955096,133.96275329589844,1,quarterly
2019,1.0,Stuttgart,118.54014587402344,143.52467346191406,0,quarterly
2019,1.0,Stuttgart,114.21018811613774,138.25579833984375,1,quarterly
2019,1.0,Wiesbaden,111.89308166503906,137.37677001953125,0,quarterly
2019,1.0,Wiesbaden,107.8059235682019,132.3347930908203,1,quarterly
2019,2.0,Berlin,123.42198181152344,162.43446350097656,0,quarterly
2019,2.0,Berlin,117.08364985833883,154.04603576660156,1,quarterly
2019,2.0,Bonn,112.24600982666016,138.37269592285156,0,quarterly
2019,2.0,Bonn,106.48161955955,131.19656372070312,1,quarterly
2019,2.0,Dortmund,116.02532958984375,136.35763549804688,0,quarterly
2019,2.0,Dortmund,110.06685247641418,129.31417846679688,1,quarterly
2019,2.0,Dresden,111.8641586303711,130.50694274902344,0,quarterly
2019,2.0,Dresden,106.1193783193099,123.77093505859375,1,quarterly
2019,2.0,Duisburg,113.17070007324219,128.61314392089844,0,quarterly
2019,2.0,Duisburg,107.35882236790843,121.94856262207031,1,quarterly
2019,2.0,Düsseldorf,113.2748794555664,142.67376708984375,0,quarterly
2019,2.0,Düsseldorf,107.45765162136453,135.2986297607422,1,quarterly
2019,2.0,Erfurt,108.24459838867188,128.77272033691406,0,quarterly
2019,2.0,Erfurt,102.68570047878191,122.11040496826172,1,quarterly
2019,2.0,Frankfurt am Main,113.90628814697266,155.58702087402344,0,quarterly
2019,2.0,Frankfurt am Main,108.05663433949182,147.54933166503906,1,quarterly
2019,2.0,Hamburg,111.77700805664062,136.58364868164062,0,quarterly
2019,2.0,Hamburg,106.03670336052345,129.5279541015625,1,quarterly
2019,2.0,Karlsruhe,111.53590393066406,141.933349609375,0,quarterly
2019,2.0,Karlsruhe,105.80798112927334,134.59706115722656,1,quarterly
2019,2.0,Köln,114.48771667480469,137.10238647460938,0,quarterly
2019,2.0,Köln,108.6082036237567,130.01849365234375,1,quarterly
2019,2.0,Leipzig,117.96734619140625,144.0323944091797,0,quarterly
2019,2.0,Leipzig,111.90913687712695,136.5973358154297,1,quarterly
2019,2.0,Lübeck,115.71269226074219,148.17132568359375,0,quarterly
2019,2.0,Lübeck,109.77027062741203,140.49942016601562,1,quarterly
2019,2.0,Kreis Mettmann,113.27825164794922,136.5767364501953,0,quarterly
2019,2.0,Kreis Mettmann,107.4608506349147,129.5146942138672,1,quarterly
2019,2.0,München,119.82821655273438,142.1268310546875,0,quarterly
2019,2.0,München,113.6744423001935,134.7948760986328,1,quarterly
2019,2.0,Münster,112.44145965576172,133.39065551757812,0,quarterly
2019,2.0,Münster,106.66703206889008,126.50099182128906,1,quarterly
2019,2.0,Potsdam,115.4948959350586,143.2147674560547,0,quarterly
2019,2.0,Potsdam,109.56365922511165,135.81617736816406,1,quarterly
2019,2.0,Rhein-Erft-Kreis,113.602294921875,135.0034637451172,0,quarterly
2019,2.0,Rhein-Erft-Kreis,107.76825267680717,128.04835510253906,1,quarterly
2019,2.0,Stuttgart,120.72685241699219,147.36605834960938,0,quarterly
2019,2.0,Stuttgart,114.52692874820389,139.7570343017578,1,quarterly
2019,2.0,Wiesbaden,113.0417251586914,139.1119384765625,0,quarterly
2019,2.0,Wiesbaden,107.23647095599516,131.93031311035156,1,quarterly
2019,3.0,Berlin,122.8314437866211,168.220703125,0,quarterly
2019,3.0,Berlin,115.8259257921397,158.58087158203125,1,quarterly
2019,3.0,Bonn,112.44328308105469,144.26400756835938,0,quarterly
2019,3.0,Bonn,106.03023916738627,135.9656219482422,1,quarterly
2019,3.0,Dortmund,117.1703109741211,140.26206970214844,0,quarterly
2019,3.0,Dortmund,110.48766769774537,132.22267150878906,1,quarterly
2019,3.0,Dresden,111.94884490966797,136.708740234375,0,quarterly
2019,3.0,Dresden,105.56400057910325,128.8784637451172,1,quarterly
2019,3.0,Duisburg,113.59855651855469,130.7396240234375,0,quarterly
2019,3.0,Duisburg,107.11962321528492,123.22464752197266,1,quarterly
2019,3.0,Düsseldorf,114.52349853515625,145.73074340820312,0,quarterly
2019,3.0,Düsseldorf,107.99181246971582,137.37240600585938,1,quarterly
2019,3.0,Erfurt,108.045166015625,135.44676208496094,0,quarterly
2019,3.0,Erfurt,101.88296249993502,127.67223358154297,1,quarterly
2019,3.0,Frankfurt am Main,114.16898345947266,155.69793701171875,0,quarterly
2019,3.0,Frankfurt am Main,107.6575166609028,146.77285766601562,1,quarterly
2019,3.0,Hamburg,111.11173248291016,141.0397186279297,0,quarterly
2019,3.0,Hamburg,104.77463167784893,132.95516967773438,1,quarterly
2019,3.0,Karlsruhe,112.63456726074219,136.665771484375,0,quarterly
2019,3.0,Karlsruhe,106.21061372392234,128.827880859375,1,quarterly
2019,3.0,Köln,114.8180923461914,142.89805603027344,0,quarterly
2019,3.0,Köln,108.26960453861845,134.70555114746094,1,quarterly
2019,3.0,Leipzig,119.05223846435547,148.93943786621094,0,quarterly
2019,3.0,Leipzig,112.26226211030259,140.40765380859375,1,quarterly
2019,3.0,Lübeck,116.27275848388672,137.0741424560547,0,quarterly
2019,3.0,Lübeck,109.64130584671126,129.20071411132812,1,quarterly
2019,3.0,Kreis Mettmann,113.12537384033203,138.68270874023438,0,quarterly
2019,3.0,Kreis Mettmann,106.67342784311987,130.72650146484375,1,quarterly
2019,3.0,München,118.17888641357422,146.93600463867188,0,quarterly
2019,3.0,München,111.4387204608213,138.5238494873047,1,quarterly
2019,3.0,Münster,113.14818572998047,143.70343017578125,0,quarterly
2019,3.0,Münster,106.6949386888459,135.46737670898438,1,quarterly
2019,3.0,Potsdam,117.03167724609375,152.2462921142578,0,quarterly
2019,3.0,Potsdam,110.356940748686,143.5189971923828,1,quarterly
2019,3.0,Rhein-Erft-Kreis,113.39777374267578,150.25051879882812,0,quarterly
2019,3.0,Rhein-Erft-Kreis,106.93029180158203,141.6589813232422,1,quarterly
2019,3.0,Stuttgart,120.31201171875,149.80787658691406,0,quarterly
2019,3.0,Stuttgart,113.45018597556222,141.22445678710938,1,quarterly
2019,3.0,Wiesbaden,113.9770278930664,137.55010986328125,0,quarterly
2019,3.0,Wiesbaden,107.47650900924168,129.67019653320312,1,quarterly
2019,4.0,Berlin,122.58969116210938,171.3451690673828,0,quarterly
2019,4.0,Berlin,115.98367343682388,162.03549194335938,1,quarterly
2019,4.0,Bonn,112.71674346923828,155.83741760253906,0,quarterly
2019,4.0,Bonn,106.64275145379551,147.3363037109375,1,quarterly
2019,4.0,Dortmund,119.24629974365234,145.7937469482422,0,quarterly
2019,4.0,Dortmund,112.8204480891312,137.87054443359375,1,quarterly
2019,4.0,Dresden,112.28297424316406,144.82923889160156,0,quarterly
2019,4.0,Dresden,106.23235684567625,136.96426391601562,1,quarterly
2019,4.0,Duisburg,114.5495376586914,135.52609252929688,0,quarterly
2019,4.0,Duisburg,108.3767814585317,128.138671875,1,quarterly
2019,4.0,Düsseldorf,114.3442153930664,151.7881317138672,0,quarterly
2019,4.0,Düsseldorf,108.18252343911905,143.53343200683594,1,quarterly
2019,4.0,Erfurt,109.01333618164062,137.3731231689453,0,quarterly
2019,4.0,Erfurt,103.1389104915055,129.89622497558594,1,quarterly
2019,4.0,Frankfurt am Main,113.53522491455078,160.95384216308594,0,quarterly
2019,4.0,Frankfurt am Main,107.41712720894519,152.20579528808594,1,quarterly
2019,4.0,Hamburg,112.16285705566406,144.60122680664062,0,quarterly
2019,4.0,Hamburg,106.11871243955137,136.74224853515625,1,quarterly
2019,4.0,Karlsruhe,111.8731689453125,148.26028442382812,0,quarterly
2019,4.0,Karlsruhe,105.84463481629416,140.19802856445312,1,quarterly
2019,4.0,Köln,114.83143615722656,143.89736938476562,0,quarterly
2019,4.0,Köln,108.64348923050248,136.0751953125,1,quarterly
2019,4.0,Leipzig,119.6971435546875,151.92710876464844,0,quarterly
2019,4.0,Leipzig,113.24699718028577,143.67568969726562,1,quarterly
2019,4.0,Lübeck,115.97034454345703,142.02886962890625,0,quarterly
2019,4.0,Lübeck,109.72102500933347,134.29287719726562,1,quarterly
2019,4.0,Kreis Mettmann,113.98017120361328,146.0980682373047,0,quarterly
2019,4.0,Kreis Mettmann,107.83809657919434,138.1505889892578,1,quarterly
2019,4.0,München,116.41432189941406,150.72381591796875,0,quarterly
2019,4.0,München,110.14107765958912,142.54273986816406,1,quarterly
2019,4.0,Münster,114.0980453491211,140.50950622558594,0,quarterly
2019,4.0,Münster,107.9496188146256,132.87405395507812,1,quarterly
2019,4.0,Potsdam,117.39883422851562,144.0587615966797,0,quarterly
2019,4.0,Potsdam,111.07253735567437,136.2289276123047,1,quarterly
2019,4.0,Rhein-Erft-Kreis,114.48910522460938,161.64788818359375,0,quarterly
2019,4.0,Rhein-Erft-Kreis,108.31960556035365,152.88507080078125,1,quarterly
2019,4.0,Stuttgart,120.0270767211914,151.51698303222656,0,quarterly
2019,4.0,Stuttgart,113.55915116547823,143.28591918945312,1,quarterly
2019,4.0,Wiesbaden,114.14247131347656,141.64251708984375,0,quarterly
2019,4.0,Wiesbaden,107.99165078724151,133.9490966796875,1,quarterly
2019,,Berlin,122.67204284667969,163.18594360351562,0,annual
2019,,Berlin,116.56721765809654,155.00791931152344,1,annual
2019,,Bocholt,108.86830139160156,127.71926879882812,0,annual
2019,,Bocholt,103.4504251326696,121.31864929199219,1,annual
2019,,Bonn,111.89794921875,145.45559692382812,0,annual
2019,,Bonn,106.32930127673106,138.1661376953125,1,annual
2019,,Chemnitz,104.53849792480469,143.10635375976562,0,annual
2019,,Chemnitz,99.33609613464597,135.9346160888672,1,annual
2019,,Dortmund,116.98651885986328,140.5452117919922,0,annual
2019,,Dortmund,111.16463613510128,133.5018310546875,1,annual
2019,,Dresden,111.51084899902344,134.99302673339844,0,annual
2019,,Dresden,105.96146526029852,128.22789001464844,1,annual
2019,,Duisburg,113.4537353515625,132.2235565185547,0,annual
2019,,Duisburg,107.80766306613785,125.59720611572266,1,annual
2019,,Düsseldorf,113.74545288085938,142.4059600830078,0,annual
2019,,Düsseldorf,108.08486315136616,135.2693328857422,1,annual
2019,,Erfurt,108.19337463378906,131.6623992919922,0,annual
2019,,Erfurt,102.80908638542519,125.06417846679688,1,annual
2019,,Frankfurt am Main,113.7466812133789,155.12002563476562,0,annual
2019,,Frankfurt am Main,108.08603035540743,147.3462371826172,1,annual
2019,,Hamburg,111.28473663330078,137.17822265625,0,annual
2019,,Hamburg,105.74660547041697,130.30357360839844,1,annual
2019,,Karlsruhe,111.9068374633789,141.08551025390625,0,annual
2019,,Karlsruhe,106.33774719417251,134.01504516601562,1,annual
2019,,Köln,114.24639892578125,139.86044311523438,0,annual
2019,,Köln,108.56087940819457,132.85137939453125,1,annual
2019,,Leipzig,118.51046752929688,147.0079345703125,0,annual
2019,,Leipzig,112.61274486572425,139.64068603515625,1,annual
2019,,Lübeck,115.8570327758789,144.8107147216797,0,annual
2019,,Lübeck,110.09135939544387,137.55355834960938,1,annual
2019,,Kreis Mettmann,113.4788589477539,140.41189575195312,0,annual
2019,,Kreis Mettmann,107.83153637612469,133.3751983642578,1,annual
2019,,München,118.2803726196289,145.53004455566406,0,annual
2019,,München,112.39410072485177,138.23684692382812,1,annual
2019,,Münster,112.4742431640625,136.56996154785156,0,annual
2019,,Münster,106.87691571437637,129.72579956054688,1,annual
2019,,Potsdam,115.49127960205078,145.11407470703125,0,annual
2019,,Potsdam,109.74380808029989,137.84173583984375,1,annual
2019,,Rhein-Erft-Kreis,113.44210815429688,143.1644744873047,0,annual
2019,,Rhein-Erft-Kreis,107.79661450117584,135.98983764648438,1,annual
2019,,Stuttgart,120.64659118652344,147.77955627441406,0,annual
2019,,Stuttgart,114.6425634414836,140.37362670898438,1,annual
2019,,Wiesbaden,113.23619079589844,138.3004608154297,0,annual
2019,,Wiesbaden,107.60094470568696,131.3695831298828,1,annual
2020,1.0,Berlin,121.28900909423828,172.49986267089844,0,quarterly
2020,1.0,Berlin,114.56195379304219,163.5175323486328,1,quarterly
2020,1.0,Bonn,113.7134017944336,160.0537567138672,0,quarterly
2020,1.0,Bonn,107.40651258764706,151.68450927734375,1,quarterly
2020,1.0,Dortmund,120.6099624633789,144.22857666015625,0,quarterly
2020,1.0,Dortmund,113.92056914220883,136.71658325195312,1,quarterly
2020,1.0,Dresden,112.91000366210938,150.1959991455078,0,quarterly
2020,1.0,Dresden,106.6476733457399,142.3792266845703,1,quarterly
2020,1.0,Duisburg,117.04679870605469,136.34280395507812,0,quarterly
2020,1.0,Duisburg,110.55502922418992,129.2191162109375,1,quarterly
2020,1.0,Düsseldorf,116.90872955322266,150.8710479736328,0,quarterly
2020,1.0,Düsseldorf,110.42461780418485,143.00738525390625,1,quarterly
2020,1.0,Erfurt,110.76795196533203,140.93148803710938,0,quarterly
2020,1.0,Erfurt,104.62442631502297,133.57958984375,1,quarterly
2020,1.0,Frankfurt am Main,114.83870697021484,162.49717712402344,0,quarterly
2020,1.0,Frankfurt am Main,108.46940493472492,154.03271484375,1,quarterly
2020,1.0,Hamburg,113.34659576416016,148.58285522460938,0,quarterly
2020,1.0,Hamburg,107.06005072927253,140.84349060058594,1,quarterly
2020,1.0,Karlsruhe,113.49962615966797,154.07510375976562,0,quarterly
2020,1.0,Karlsruhe,107.20459359618206,146.04502868652344,1,quarterly
2020,1.0,Köln,116.86405944824219,149.08267211914062,0,quarterly
2020,1.0,Köln,110.38242523833803,141.3157501220703,1,quarterly
2020,1.0,Leipzig,121.0019302368164,160.383056640625,0,quarterly
2020,1.0,Leipzig,114.29079719736608,152.0350799560547,1,quarterly
2020,1.0,Lübeck,119.6795425415039,145.81927490234375,0,quarterly
2020,1.0,Lübeck,113.04175312339586,138.20652770996094,1,quarterly
2020,1.0,Kreis Mettmann,115.76087188720703,151.24501037597656,0,quarterly
2020,1.0,Kreis Mettmann,109.3404237961944,143.35955810546875,1,quarterly
2020,1.0,München,115.86729431152344,153.31887817382812,0,quarterly
2020,1.0,München,109.4409437109676,145.34368896484375,1,quarterly
2020,1.0,Münster,113.58748626708984,141.70132446289062,0,quarterly
2020,1.0,Münster,107.28758071630023,134.32154846191406,1,quarterly
2020,1.0,Potsdam,119.60700988769531,153.19114685058594,0,quarterly
2020,1.0,Potsdam,112.9732433499534,145.21136474609375,1,quarterly
2020,1.0,Rhein-Erft-Kreis,116.41787719726562,164.98497009277344,0,quarterly
2020,1.0,Rhein-Erft-Kreis,109.96098960454587,156.41441345214844,1,quarterly
2020,1.0,Stuttgart,123.57354736328125,152.5901641845703,0,quarterly
2020,1.0,Stuttgart,116.71978465975484,144.64585876464844,1,quarterly
2020,1.0,Wiesbaden,115.05831909179688,149.34521484375,0,quarterly
2020,1.0,Wiesbaden,108.67683670379415,141.57115173339844,1,quarterly
2020,2.0,Berlin,118.39330291748047,174.69461059570312,0,quarterly
2020,2.0,Berlin,111.41858958596609,164.99342346191406,1,quarterly
2020,2.0,Bonn,115.11184692382812,152.7658233642578,0,quarterly
2020,2.0,Bonn,108.33044870644362,144.2490997314453,1,quarterly
2020,2.0,Dortmund,122.39139556884766,148.37075805664062,0,quarterly
2020,2.0,Dortmund,115.1811490658704,140.1295623779297,1,quarterly
2020,2.0,Dresden,113.7069320678711,147.27981567382812,0,quarterly
2020,2.0,Dresden,107.00829932905691,139.1051025390625,1,quarterly
2020,2.0,Duisburg,117.10436248779297,138.41079711914062,0,quarterly
2020,2.0,Duisburg,110.20558242088848,130.7001495361328,1,quarterly
2020,2.0,Düsseldorf,117.59947204589844,160.24871826171875,0,quarterly
2020,2.0,Düsseldorf,110.67152438969299,151.3417205810547,1,quarterly
2020,2.0,Erfurt,111.94677734375,143.4720916748047,0,quarterly
2020,2.0,Erfurt,105.3518377557926,135.49118041992188,1,quarterly
2020,2.0,Frankfurt am Main,117.09505462646484,163.38607788085938,0,quarterly
2020,2.0,Frankfurt am Main,110.19682289855328,154.30987548828125,1,quarterly
2020,2.0,Hamburg,114.75159454345703,151.05430603027344,0,quarterly
2020,2.0,Hamburg,107.99141929239045,142.6634521484375,1,quarterly
2020,2.0,Karlsruhe,116.46110534667969,149.30224609375,0,quarterly
2020,2.0,Karlsruhe,109.60022044822777,141.00425720214844,1,quarterly
2020,2.0,Köln,118.07917785644531,153.6974639892578,0,quarterly
2020,2.0,Köln,111.12297006702644,145.15823364257812,1,quarterly
2020,2.0,Leipzig,122.4930648803711,165.58436584472656,0,quarterly
2020,2.0,Leipzig,115.27682889754138,156.39259338378906,1,quarterly
2020,2.0,Lübeck,121.66397857666016,153.3870086669922,0,quarterly
2020,2.0,Lübeck,114.49658521543971,144.84841918945312,1,quarterly
2020,2.0,Kreis Mettmann,116.84913635253906,155.1497039794922,0,quarterly
2020,2.0,Kreis Mettmann,109.96539201049602,146.52377319335938,1,quarterly
2020,2.0,München,121.31915283203125,154.80841064453125,0,quarterly
2020,2.0,München,114.17207363266664,146.219970703125,1,quarterly
2020,2.0,Münster,113.9065933227539,151.73988342285156,0,quarterly
2020,2.0,Münster,107.19619826308286,143.3121795654297,1,quarterly
2020,2.0,Potsdam,121.70325469970703,155.45616149902344,0,quarterly
2020,2.0,Potsdam,114.53354752771965,146.82040405273438,1,quarterly
2020,2.0,Rhein-Erft-Kreis,118.15098571777344,170.3151092529297,0,quarterly
2020,2.0,Rhein-Erft-Kreis,111.19054762786145,160.87815856933594,1,quarterly
2020,2.0,Stuttgart,124.12911224365234,156.06463623046875,0,quarterly
2020,2.0,Stuttgart,116.81649444635784,147.3993377685547,1,quarterly
2020,2.0,Wiesbaden,117.01876831054688,149.66600036621094,0,quarterly
2020,2.0,Wiesbaden,110.1250307150865,141.35726928710938,1,quarterly
2020,3.0,Berlin,118.23265075683594,177.03733825683594,0,quarterly
2020,3.0,Berlin,112.08581786058451,168.43592834472656,1,quarterly
2020,3.0,Bonn,116.32581329345703,159.43984985351562,0,quarterly
2020,3.0,Bonn,110.27811554449929,151.6584014892578,1,quarterly
2020,3.0,Dortmund,122.0858154296875,155.55311584472656,0,quarterly
2020,3.0,Dortmund,115.73865919454327,147.99359130859375,1,quarterly
2020,3.0,Dresden,113.78062438964844,155.43955993652344,0,quarterly
2020,3.0,Dresden,107.86524923331599,147.8917999267578,1,quarterly
2020,3.0,Duisburg,117.98757934570312,150.51832580566406,0,quarterly
2020,3.0,Duisburg,111.85348754086968,143.1786346435547,1,quarterly
2020,3.0,Düsseldorf,118.19971466064453,161.91558837890625,0,quarterly
2020,3.0,Düsseldorf,112.05459408901959,154.0406951904297,1,quarterly
2020,3.0,Erfurt,112.93022918701172,146.42938232421875,0,quarterly
2020,3.0,Erfurt,107.05906548303969,139.3011016845703,1,quarterly
2020,3.0,Frankfurt am Main,118.71900177001953,168.23768615722656,0,quarterly
2020,3.0,Frankfurt am Main,112.54688382443676,160.06069946289062,1,quarterly
2020,3.0,Hamburg,115.37721252441406,155.73191833496094,0,quarterly
2020,3.0,Hamburg,109.37883186659178,148.16307067871094,1,quarterly
2020,3.0,Karlsruhe,116.28572082519531,157.36558532714844,0,quarterly
2020,3.0,Karlsruhe,110.24010745564739,149.71261596679688,1,quarterly
2020,3.0,Köln,119.65006256103516,157.69984436035156,0,quarterly
2020,3.0,Köln,113.42953941551828,150.0337371826172,1,quarterly
2020,3.0,Leipzig,121.1092529296875,169.5524139404297,0,quarterly
2020,3.0,Leipzig,114.81286749653256,161.31826782226562,1,quarterly
2020,3.0,Lübeck,122.62468719482422,158.64569091796875,0,quarterly
2020,3.0,Lübeck,116.24951539315416,150.9163055419922,1,quarterly
2020,3.0,Kreis Mettmann,116.4194564819336,158.36709594726562,0,quarterly
2020,3.0,Kreis Mettmann,110.36689028904136,150.66238403320312,1,quarterly
2020,3.0,München,121.30750274658203,156.47930908203125,0,quarterly
2020,3.0,München,115.00081044397636,148.88526916503906,1,quarterly
2020,3.0,Münster,116.02495574951172,152.95095825195312,0,quarterly
2020,3.0,Münster,109.9928993740356,145.51852416992188,1,quarterly
2020,3.0,Potsdam,124.86329650878906,155.1325225830078,0,quarterly
2020,3.0,Potsdam,118.37174097314322,147.59242248535156,1,quarterly
2020,3.0,Rhein-Erft-Kreis,118.50245666503906,175.48895263671875,0,quarterly
2020,3.0,Rhein-Erft-Kreis,112.34159674815054,166.98460388183594,1,quarterly
2020,3.0,Stuttgart,124.324462890625,160.4488525390625,0,quarterly
2020,3.0,Stuttgart,117.86092093827054,152.65476989746094,1,quarterly
2020,3.0,Wiesbaden,116.24501037597656,151.24659729003906,0,quarterly
2020,3.0,Wiesbaden,110.20151351423655,143.9008331298828,1,quarterly
2020,4.0,Berlin,119.70711517333984,181.42739868164062,0,quarterly
2020,4.0,Berlin,113.3699148543771,172.4397430419922,1,quarterly
2020,4.0,Bonn,117.83587646484375,161.93443298339844,0,quarterly
2020,4.0,Bonn,111.59773804811768,153.87689208984375,1,quarterly
2020,4.0,Dortmund,122.68844604492188,157.9841766357422,0,quarterly
2020,4.0,Dortmund,116.1934164196312,150.15589904785156,1,quarterly
2020,4.0,Dresden,113.91087341308594,159.00225830078125,0,quarterly
2020,4.0,Dresden,107.88052156406316,151.1299285888672,1,quarterly
2020,4.0,Duisburg,117.76000213623047,147.1328887939453,0,quarterly
2020,4.0,Duisburg,111.52588044665377,139.8180389404297,1,quarterly
2020,4.0,Düsseldorf,118.55268859863281,166.84030151367188,0,quarterly
2020,4.0,Düsseldorf,112.27660271256622,158.5668487548828,1,quarterly
2020,4.0,Erfurt,113.25425720214844,153.5489959716797,0,quarterly
2020,4.0,Erfurt,107.25866609775944,145.92774963378906,1,quarterly
2020,4.0,Frankfurt am Main,118.32421112060547,169.29164123535156,0,quarterly
2020,4.0,Frankfurt am Main,112.06022065212984,160.90203857421875,1,quarterly
2020,4.0,Hamburg,116.67674255371094,163.80911254882812,0,quarterly
2020,4.0,Hamburg,110.49996777256088,155.69154357910156,1,quarterly
2020,4.0,Karlsruhe,117.9864273071289,162.03334045410156,0,quarterly
2020,4.0,Karlsruhe,111.74031884748294,153.9989013671875,1,quarterly
2020,4.0,Köln,121.51860046386719,160.1396942138672,0,quarterly
2020,4.0,Köln,115.0855015415148,152.2023162841797,1,quarterly
2020,4.0,Leipzig,124.7947006225586,176.7984619140625,0,quarterly
2020,4.0,Leipzig,118.1881675401686,168.0438690185547,1,quarterly
2020,4.0,Lübeck,125.26839447021484,170.4171142578125,0,quarterly
2020,4.0,Lübeck,118.63678440891586,161.9517822265625,1,quarterly
2020,4.0,Kreis Mettmann,117.93035888671875,166.86007690429688,0,quarterly
2020,4.0,Kreis Mettmann,111.68721864505375,158.58309936523438,1,quarterly
2020,4.0,München,122.66529083251953,160.8518829345703,0,quarterly
2020,4.0,München,116.17148702592152,152.8922882080078,1,quarterly
2020,4.0,Münster,117.0210952758789,151.2445526123047,0,quarterly
2020,4.0,Münster,110.82609073305095,143.75083923339844,1,quarterly
2020,4.0,Potsdam,126.9834976196289,159.1581573486328,0,quarterly
2020,4.0,Potsdam,120.26109134951825,151.27066040039062,1,quarterly
2020,4.0,Rhein-Erft-Kreis,121.57025146484375,176.40711975097656,0,quarterly
2020,4.0,Rhein-Erft-Kreis,115.13441817921321,167.69007873535156,1,quarterly
2020,4.0,Stuttgart,125.27711486816406,165.6103057861328,0,quarterly
2020,4.0,Stuttgart,118.64504315587145,157.40762329101562,1,quarterly
2020,4.0,Wiesbaden,116.40049743652344,158.04544067382812,0,quarterly
2020,4.0,Wiesbaden,110.23834685412896,150.21881103515625,1,quarterly
2020,,Berlin,119.44462585449219,174.9090576171875,0,annual
2020,,Berlin,112.8950788701375,165.90318298339844,1,annual
2020,,Bocholt,112.61028289794922,137.8597869873047,0,annual
2020,,Bocholt,106.43548571904498,130.76153564453125,1,annual
2020,,Bonn,115.42704010009766,160.26364135742188,0,annual
2020,,Bonn,109.09779073460895,152.0118408203125,1,annual
2020,,Chemnitz,106.30403137207031,158.27536010742188,0,annual
2020,,Chemnitz,100.47502698516844,150.1259307861328,1,annual
2020,,Dortmund,121.49474334716797,153.36558532714844,0,annual
2020,,Dortmund,114.8327815869649,145.46896362304688,1,annual
2020,,Dresden,113.2572250366211,152.0634307861328,0,annual
2020,,Dresden,107.04695386377969,144.2338409423828,1,annual
2020,,Duisburg,117.4052963256836,146.2869873046875,0,annual
2020,,Duisburg,110.96757257715859,138.7548370361328,1,annual
2020,,Düsseldorf,117.81716918945312,157.77037048339844,0,annual
2020,,Düsseldorf,111.35686107889808,149.64695739746094,1,annual
2020,,Erfurt,111.93202209472656,145.005126953125,0,annual
2020,,Erfurt,105.79441621653235,137.53897094726562,1,annual
2020,,Frankfurt am Main,117.29276275634766,165.53701782226562,0,annual
2020,,Frankfurt am Main,110.86120959854125,157.01370239257812,1,annual
2020,,Hamburg,114.91829681396484,153.1652374267578,0,annual
2020,,Hamburg,108.61694353866575,145.2789306640625,1,annual
2020,,Karlsruhe,116.108642578125,156.82266235351562,0,annual
2020,,Karlsruhe,109.7420186767578,148.74803161621094,1,annual
2020,,Köln,118.88810729980469,154.77099609375,0,annual
2020,,Köln,112.36907608286538,146.80201721191406,1,annual
2020,,Leipzig,122.36216735839844,168.0322265625,0,annual
2020,,Leipzig,115.65264184824625,159.38043212890625,1,annual
2020,,Lübeck,122.46056365966797,161.57203674316406,0,annual
2020,,Lübeck,115.74564275232947,153.25286865234375,1,annual
2020,,Kreis Mettmann,116.7340087890625,158.98153686523438,0,annual
2020,,Kreis Mettmann,110.33309397379556,150.79576110839844,1,annual
2020,,München,120.4859390258789,156.8003692626953,0,annual
2020,,München,113.8792933692932,148.72689819335938,1,annual
2020,,Münster,114.90604400634766,150.4177703857422,0,annual
2020,,Münster,108.60536259333291,142.6729278564453,1,annual
2020,,Potsdam,122.48087310791016,156.43988037109375,0,annual
2020,,Potsdam,115.7648385658264,148.3849639892578,1,annual
2020,,Rhein-Erft-Kreis,118.60331726074219,167.1290283203125,0,annual
2020,,Rhein-Erft-Kreis,112.0999020309448,158.5237274169922,1,annual
2020,,Stuttgart,124.89209747314453,158.4570770263672,0,annual
2020,,Stuttgart,118.04384746170042,150.29830932617188,1,annual
2020,,Wiesbaden,115.9388427734375,151.52027893066406,0,annual
2020,,Wiesbaden,109.58152956136064,143.7186737060547,1,annual
2021,1.0,Berlin,120.7017593383789,187.89320373535156,0,quarterly
2021,1.0,Berlin,112.32354401180615,175.47889709472656,1,quarterly
2021,1.0,Bonn,119.12935638427734,171.96975708007812,0,quarterly
2021,1.0,Bonn,110.86028553581176,160.57044982910156,1,quarterly
2021,1.0,Dortmund,124.71646118164062,157.42453002929688,0,quarterly
2021,1.0,Dortmund,116.05957521514341,147.02139282226562,1,quarterly
2021,1.0,Dresden,115.5741195678711,163.41795349121094,0,quarterly
2021,1.0,Dresden,107.55182672618919,152.62521362304688,1,quarterly
2021,1.0,Duisburg,120.08960723876953,158.534423828125,0,quarterly
2021,1.0,Duisburg,111.75388294241253,148.0322723388672,1,quarterly
2021,1.0,Düsseldorf,118.98015594482422,172.0844268798828,0,quarterly
2021,1.0,Düsseldorf,110.72144147737089,160.70608520507812,1,quarterly
2021,1.0,Erfurt,114.56909942626953,166.5855712890625,0,quarterly
2021,1.0,Erfurt,106.61656758227348,155.56349182128906,1,quarterly
2021,1.0,Frankfurt am Main,118.87052154541016,181.79800415039062,0,quarterly
2021,1.0,Frankfurt am Main,110.61941707975403,169.78311157226562,1,quarterly
2021,1.0,Hamburg,117.6874008178711,168.35284423828125,0,quarterly
2021,1.0,Hamburg,109.51841976339792,157.22686767578125,1,quarterly
2021,1.0,Karlsruhe,117.76123809814453,167.48028564453125,0,quarterly
2021,1.0,Karlsruhe,109.5871318107282,156.4070281982422,1,quarterly
2021,1.0,Köln,122.21062469482422,171.64944458007812,0,quarterly
2021,1.0,Köln,113.72767519598754,160.3038787841797,1,quarterly
2021,1.0,Leipzig,126.52079010009766,184.9662628173828,0,quarterly
2021,1.0,Leipzig,117.73866108592941,172.74920654296875,1,quarterly
2021,1.0,Lübeck,125.50318908691406,182.68356323242188,0,quarterly
2021,1.0,Lübeck,116.79169434064482,170.58912658691406,1,quarterly
2021,1.0,Kreis Mettmann,119.75761413574219,166.03253173828125,0,quarterly
2021,1.0,Kreis Mettmann,111.44493432290679,155.05186462402344,1,quarterly
2021,1.0,München,122.96928405761719,164.825927734375,0,quarterly
2021,1.0,München,114.43367408774976,153.94454956054688,1,quarterly
2021,1.0,Münster,118.31968688964844,157.43072509765625,0,quarterly
2021,1.0,Münster,110.10681725487304,147.02781677246094,1,quarterly
2021,1.0,Potsdam,125.04501342773438,175.2343292236328,0,quarterly
2021,1.0,Potsdam,116.36532181632451,163.65313720703125,1,quarterly
2021,1.0,Rhein-Erft-Kreis,121.71455383300781,187.53297424316406,0,quarterly
2021,1.0,Rhein-Erft-Kreis,113.26603787118268,175.16537475585938,1,quarterly
2021,1.0,Stuttgart,125.52767181396484,178.30006408691406,0,quarterly
2021,1.0,Stuttgart,116.81447765950026,166.5210723876953,1,quarterly
2021,1.0,Wiesbaden,117.82439422607422,159.12161254882812,0,quarterly
2021,1.0,Wiesbaden,109.64590411159614,148.6109619140625,1,quarterly
2021,2.0,Berlin,124.3857650756836,197.03135681152344,0,quarterly
2021,2.0,Berlin,114.54882652552807,182.100830078125,1,quarterly
2021,2.0,Bonn,119.47742462158203,181.5666961669922,0,quarterly
2021,2.0,Bonn,110.02865784816368,167.76931762695312,1,quarterly
2021,2.0,Dortmund,125.47883605957031,179.47377014160156,0,quarterly
2021,2.0,Dortmund,115.555452954502,165.8715362548828,1,quarterly
2021,2.0,Dresden,115.13318634033203,174.20449829101562,0,quarterly
2021,2.0,Dresden,106.02797982072477,161.00843811035156,1,quarterly
2021,2.0,Duisburg,120.96402740478516,162.4911346435547,0,quarterly
2021,2.0,Duisburg,111.39769396111348,150.14996337890625,1,quarterly
2021,2.0,Düsseldorf,119.22354125976562,185.00668334960938,0,quarterly
2021,2.0,Düsseldorf,109.79485262814728,170.97828674316406,1,quarterly
2021,2.0,Erfurt,114.99996948242188,172.65834045410156,0,quarterly
2021,2.0,Erfurt,105.90529830055448,159.55873107910156,1,quarterly
2021,2.0,Frankfurt am Main,118.05862426757812,186.86431884765625,0,quarterly
2021,2.0,Frankfurt am Main,108.72206206908666,172.7008514404297,1,quarterly
2021,2.0,Hamburg,117.74506378173828,174.71612548828125,0,quarterly
2021,2.0,Hamburg,108.43329923777816,161.47378540039062,1,quarterly
2021,2.0,Karlsruhe,118.71987915039062,163.86607360839844,0,quarterly
2021,2.0,Karlsruhe,109.33102219257313,151.4413299560547,1,quarterly
2021,2.0,Köln,122.89692687988281,175.790771484375,0,quarterly
2021,2.0,Köln,113.17773178561474,162.46524047851562,1,quarterly
2021,2.0,Leipzig,128.1649169921875,192.90257263183594,0,quarterly
2021,2.0,Leipzig,118.02910754509509,178.28890991210938,1,quarterly
2021,2.0,Lübeck,127.03478240966797,182.74261474609375,0,quarterly
2021,2.0,Lübeck,116.98834865950425,168.87075805664062,1,quarterly
2021,2.0,Kreis Mettmann,120.20223999023438,182.4040985107422,0,quarterly
2021,2.0,Kreis Mettmann,110.69615183251369,168.57034301757812,1,quarterly
2021,2.0,München,122.93033599853516,172.10153198242188,0,quarterly
2021,2.0,München,113.20849877357794,159.06927490234375,1,quarterly
2021,2.0,Münster,119.41175079345703,161.15892028808594,0,quarterly
2021,2.0,Münster,109.96817777682608,148.94540405273438,1,quarterly
2021,2.0,Potsdam,126.97737884521484,187.01065063476562,0,quarterly
2021,2.0,Potsdam,116.9354848053286,172.8360137939453,1,quarterly
2021,2.0,Rhein-Erft-Kreis,122.55772399902344,202.47816467285156,0,quarterly
2021,2.0,Rhein-Erft-Kreis,112.8653544654859,187.15936279296875,1,quarterly
2021,2.0,Stuttgart,123.9668197631836,184.3958282470703,0,quarterly
2021,2.0,Stuttgart,114.1630131336496,170.42431640625,1,quarterly
2021,2.0,Wiesbaden,117.6227798461914,168.5095977783203,0,quarterly
2021,2.0,Wiesbaden,108.32068601944651,155.74319458007812,1,quarterly
2021,3.0,Berlin,126.10282897949219,203.24644470214844,0,quarterly
2021,3.0,Berlin,115.08354411694566,186.15211486816406,1,quarterly
2021,3.0,Bonn,120.6572494506836,186.2581329345703,0,quarterly
2021,3.0,Bonn,110.11381745008477,170.55325317382812,1,quarterly
2021,3.0,Dortmund,127.53141021728516,183.79176330566406,0,quarterly
2021,3.0,Dortmund,116.38729117190604,168.3314971923828,1,quarterly
2021,3.0,Dresden,115.6132583618164,178.0102081298828,0,quarterly
2021,3.0,Dresden,105.51058708880929,163.04318237304688,1,quarterly
2021,3.0,Duisburg,121.54328918457031,170.4995880126953,0,quarterly
2021,3.0,Duisburg,110.9224320833116,156.13035583496094,1,quarterly
2021,3.0,Düsseldorf,120.26945495605469,186.4211883544922,0,quarterly
2021,3.0,Düsseldorf,109.75990972896463,170.73291015625,1,quarterly
2021,3.0,Erfurt,115.5113296508789,184.60064697265625,0,quarterly
2021,3.0,Erfurt,105.41756524784911,169.05760192871094,1,quarterly
2021,3.0,Frankfurt am Main,119.627197265625,192.1391143798828,0,quarterly
2021,3.0,Frankfurt am Main,109.17377465293845,175.97555541992188,1,quarterly
2021,3.0,Hamburg,117.8111343383789,184.7543487548828,0,quarterly
2021,3.0,Hamburg,107.51640534807643,169.21238708496094,1,quarterly
2021,3.0,Karlsruhe,119.09346008300781,171.85719299316406,0,quarterly
2021,3.0,Karlsruhe,108.6866772015992,157.39520263671875,1,quarterly
2021,3.0,Köln,123.25336456298828,181.1795654296875,0,quarterly
2021,3.0,Köln,112.4830753840854,165.93655395507812,1,quarterly
2021,3.0,Leipzig,129.55862426757812,202.3027801513672,0,quarterly
2021,3.0,Leipzig,118.23736051197871,185.29196166992188,1,quarterly
2021,3.0,Lübeck,127.07457733154297,188.3970184326172,0,quarterly
2021,3.0,Lübeck,115.97037786404573,172.52700805664062,1,quarterly
2021,3.0,Kreis Mettmann,120.85877990722656,187.88148498535156,0,quarterly
2021,3.0,Kreis Mettmann,110.29773750464788,172.06756591796875,1,quarterly
2021,3.0,München,123.35386657714844,176.23976135253906,0,quarterly
2021,3.0,München,112.57479519778065,161.4261474609375,1,quarterly
2021,3.0,Münster,120.53882598876953,163.8621063232422,0,quarterly
2021,3.0,Münster,110.00574222438237,150.0789337158203,1,quarterly
2021,3.0,Potsdam,125.91720581054688,185.80303955078125,0,quarterly
2021,3.0,Potsdam,114.91414131825096,170.1724090576172,1,quarterly
2021,3.0,Rhein-Erft-Kreis,124.85858154296875,220.74620056152344,0,quarterly
2021,3.0,Rhein-Erft-Kreis,113.94802316224266,202.2064666748047,1,quarterly
2021,3.0,Stuttgart,124.94855499267578,185.8708038330078,0,quarterly
2021,3.0,Stuttgart,114.03013443248543,170.23941040039062,1,quarterly
2021,3.0,Wiesbaden,118.99591827392578,168.21609497070312,0,quarterly
2021,3.0,Wiesbaden,108.59765892041086,154.07083129882812,1,quarterly
2021,4.0,Berlin,127.3625259399414,209.95106506347656,0,quarterly
2021,4.0,Berlin,115.19503741713042,190.57537841796875,1,quarterly
2021,4.0,Bonn,121.6748275756836,186.2642059326172,0,quarterly
2021,4.0,Bonn,110.05070927937825,169.03549194335938,1,quarterly
2021,4.0,Dortmund,127.12899017333984,184.7096405029297,0,quarterly
2021,4.0,Dortmund,114.98381232424406,167.66122436523438,1,quarterly
2021,4.0,Dresden,116.1126480102539,181.01010131835938,0,quarterly
2021,4.0,Dresden,105.01990859109247,164.31008911132812,1,quarterly
2021,4.0,Duisburg,123.26161193847656,180.53314208984375,0,quarterly
2021,4.0,Duisburg,111.48590132425846,163.84178161621094,1,quarterly
2021,4.0,Düsseldorf,121.32584381103516,188.93692016601562,0,quarterly
2021,4.0,Düsseldorf,109.73506543100164,171.491455078125,1,quarterly
2021,4.0,Erfurt,116.59771728515625,192.7629852294922,0,quarterly
2021,4.0,Erfurt,105.45863711708469,174.95599365234375,1,quarterly
2021,4.0,Frankfurt am Main,119.53973388671875,191.3425750732422,0,quarterly
2021,4.0,Frankfurt am Main,108.11959025065103,173.6808319091797,1,quarterly
2021,4.0,Hamburg,118.54373931884766,188.02450561523438,0,quarterly
2021,4.0,Hamburg,107.21874731693542,170.66940307617188,1,quarterly
2021,4.0,Karlsruhe,119.14857482910156,179.5181884765625,0,quarterly
2021,4.0,Karlsruhe,107.76580029598644,162.94309997558594,1,quarterly
2021,4.0,Köln,124.92670440673828,182.98233032226562,0,quarterly
2021,4.0,Köln,112.991920365329,166.09083557128906,1,quarterly
2021,4.0,Leipzig,131.926513671875,209.09976196289062,0,quarterly
2021,4.0,Leipzig,119.32300782028757,189.80690002441406,1,quarterly
2021,4.0,Lübeck,129.58380126953125,194.54954528808594,0,quarterly
2021,4.0,Lübeck,117.20410478461112,176.5700225830078,1,quarterly
2021,4.0,Kreis Mettmann,122.59720611572266,208.62611389160156,0,quarterly
2021,4.0,Kreis Mettmann,110.88496904023334,189.35963439941406,1,quarterly
2021,4.0,München,125.69508361816406,181.5553436279297,0,quarterly
2021,4.0,München,113.68689301413211,164.80967712402344,1,quarterly
2021,4.0,Münster,120.7945327758789,162.1253204345703,0,quarterly
2021,4.0,Münster,109.25451281850226,147.1620330810547,1,quarterly
2021,4.0,Potsdam,130.178466796875,197.9342041015625,0,quarterly
2021,4.0,Potsdam,117.74195936285136,179.6639404296875,1,quarterly
2021,4.0,Rhein-Erft-Kreis,125.81195831298828,207.07968139648438,0,quarterly
2021,4.0,Rhein-Erft-Kreis,113.79260216793566,187.9935760498047,1,quarterly
2021,4.0,Stuttgart,126.08978271484375,192.28260803222656,0,quarterly
2021,4.0,Stuttgart,114.04388481273986,174.5390625,1,quarterly
2021,4.0,Wiesbaden,119.59642791748047,173.89048767089844,0,quarterly
2021,4.0,Wiesbaden,108.17086805742133,157.84556579589844,1,quarterly
2021,,Berlin,125.2596206665039,196.8214111328125,0,annual
2021,,Berlin,114.86858162997147,181.132568359375,1,annual
2021,,Bocholt,119.34517669677734,154.24728393554688,0,annual
2021,,Bocholt,109.44477636601297,141.9520721435547,1,annual
2021,,Bonn,120.05452728271484,181.6077423095703,0,annual
2021,,Bonn,110.09528205373154,167.131591796875,1,annual
2021,,Chemnitz,108.70174407958984,182.72840881347656,0,annual
2021,,Chemnitz,99.68428051024482,168.16293334960938,1,annual
2021,,Dortmund,125.70295715332031,178.8026885986328,0,annual
2021,,Dortmund,115.27514068830523,164.5501251220703,1,annual
2021,,Dresden,115.18321990966797,171.42892456054688,0,annual
2021,,Dresden,105.62807893074499,157.76414489746094,1,annual
2021,,Duisburg,121.43739318847656,170.9471435546875,0,annual
2021,,Duisburg,111.36343091394738,157.3207550048828,1,annual
2021,,Düsseldorf,120.02044677734375,179.619140625,0,annual
2021,,Düsseldorf,110.06402873129308,165.301513671875,1,annual
2021,,Erfurt,115.1681900024414,176.8588104248047,0,annual
2021,,Erfurt,105.61429584473562,162.76119995117188,1,annual
2021,,Frankfurt am Main,119.16521453857422,186.31561279296875,0,annual
2021,,Frankfurt am Main,109.27974315139947,171.4641876220703,1,annual
2021,,Hamburg,117.98452758789062,175.22686767578125,0,annual
2021,,Hamburg,108.19700128572569,161.25933837890625,1,annual
2021,,Karlsruhe,118.56690979003906,171.6483917236328,0,annual
2021,,Karlsruhe,108.73107138087184,157.96612548828125,1,annual
2021,,Köln,123.2679214477539,176.58132934570312,0,annual
2021,,Köln,113.04210584253111,162.50584411621094,1,annual
2021,,Leipzig,129.23068237304688,196.1949005126953,0,annual
2021,,Leipzig,118.51021987993997,180.5559844970703,1,annual
2021,,Lübeck,127.68289184570312,191.67141723632812,0,annual
2021,,Lübeck,117.09082788761035,176.39308166503906,1,annual
2021,,Kreis Mettmann,120.97339630126953,185.7015838623047,0,annual
2021,,Kreis Mettmann,110.93792535971853,170.89910888671875,1,annual
2021,,München,123.83198547363281,173.8502655029297,0,annual
2021,,München,113.55937736432271,159.99246215820312,1,annual
2021,,Münster,119.35472869873047,160.93899536132812,0,annual
2021,,Münster,109.45353597194381,148.11036682128906,1,annual
2021,,Potsdam,126.30887603759766,187.53269958496094,0,annual
2021,,Potsdam,115.8307949562122,172.58425903320312,1,annual
2021,,Rhein-Erft-Kreis,123.55622100830078,191.13502502441406,0,annual
2021,,Rhein-Erft-Kreis,113.30648922025772,175.89944458007812,1,annual
2021,,Stuttgart,125.94161224365234,183.11431884765625,0,annual
2021,,Stuttgart,115.4939979032588,168.51806640625,1,annual
2021,,Wiesbaden,118.32189178466797,166.24334716796875,0,annual
2021,,Wiesbaden,108.50637909295796,152.99191284179688,1,annual
2022,1.0,Berlin,130.17515563964844,215.97479248046875,0,quarterly
2022,1.0,Berlin,115.60026740251274,192.48214721679688,1,quarterly
2022,1.0,Bonn,123.71131134033203,188.98692321777344,0,quarterly
2022,1.0,Bonn,109.86013883667758,168.39100646972656,1,quarterly
2022,1.0,Dortmund,129.70565795898438,205.13609313964844,0,quarterly
2022,1.0,Dortmund,115.18333640548082,182.8200225830078,1,quarterly
2022,1.0,Dresden,116.61145782470703,190.776611328125,0,quarterly
2022,1.0,Dresden,103.55521098088218,170.0298614501953,1,quarterly
2022,1.0,Duisburg,124.59347534179688,183.0789337158203,0,quarterly
2022,1.0,Duisburg,110.64353251852961,163.13409423828125,1,quarterly
2022,1.0,Düsseldorf,123.41864776611328,197.80575561523438,0,quarterly
2022,1.0,Düsseldorf,109.60024295045858,176.2800750732422,1,quarterly
2022,1.0,Erfurt,118.91474914550781,197.715087890625,0,quarterly
2022,1.0,Erfurt,105.60061735110786,176.1909637451172,1,quarterly
2022,1.0,Frankfurt am Main,120.0772705078125,196.8872528076172,0,quarterly
2022,1.0,Frankfurt am Main,106.63297855462022,175.46742248535156,1,quarterly
2022,1.0,Hamburg,120.26536560058594,189.32546997070312,0,quarterly
2022,1.0,Hamburg,106.80001383039819,168.72865295410156,1,quarterly
2022,1.0,Karlsruhe,122.57270812988281,183.87840270996094,0,quarterly
2022,1.0,Karlsruhe,108.84901782094667,163.8690185546875,1,quarterly
2022,1.0,Köln,126.71258544921875,187.46484375,0,quarterly
2022,1.0,Köln,112.52537928006883,167.06866455078125,1,quarterly
2022,1.0,Leipzig,134.1889190673828,215.01290893554688,0,quarterly
2022,1.0,Leipzig,119.16463514424179,191.62916564941406,1,quarterly
2022,1.0,Lübeck,132.7813262939453,203.65194702148438,0,quarterly
2022,1.0,Lübeck,117.91464162432884,181.4738006591797,1,quarterly
2022,1.0,Kreis Mettmann,124.568359375,210.1868896484375,0,quarterly
2022,1.0,Kreis Mettmann,110.62122862756421,187.3108673095703,1,quarterly
2022,1.0,München,126.47093200683594,183.7367401123047,0,quarterly
2022,1.0,München,112.31078224409123,163.7601776123047,1,quarterly
2022,1.0,Münster,122.84374237060547,175.52748107910156,0,quarterly
2022,1.0,Münster,109.08970607323891,156.43310546875,1,quarterly
2022,1.0,Potsdam,133.01034545898438,211.31532287597656,0,quarterly
2022,1.0,Potsdam,118.11801896302856,188.3257293701172,1,quarterly
2022,1.0,Rhein-Erft-Kreis,127.35395050048828,217.36398315429688,0,quarterly
2022,1.0,Rhein-Erft-Kreis,113.09493474604903,193.7455291748047,1,quarterly
2022,1.0,Stuttgart,126.7279052734375,198.97149658203125,0,quarterly
2022,1.0,Stuttgart,112.5389838405362,177.32997131347656,1,quarterly
2022,1.0,Wiesbaden,120.96670532226562,181.4995880126953,0,quarterly
2022,1.0,Wiesbaden,107.42282898255064,161.7598876953125,1,quarterly
2022,2.0,Berlin,134.02740478515625,221.4691925048828,0,quarterly
2022,2.0,Berlin,115.72311396720785,191.90948486328125,1,quarterly
2022,2.0,Bonn,125.89413452148438,196.9337615966797,0,quarterly
2022,2.0,Bonn,108.70061462718299,170.60943603515625,1,quarterly
2022,2.0,Dortmund,132.82420349121094,200.81268310546875,0,quarterly
2022,2.0,Dortmund,114.684235383474,174.00775146484375,1,quarterly
2022,2.0,Dresden,118.92778015136719,194.0482940673828,0,quarterly
2022,2.0,Dresden,102.6856640131552,168.1533966064453,1,quarterly
2022,2.0,Duisburg,127.24453735351562,184.88284301757812,0,quarterly
2022,2.0,Duisburg,109.8665912502721,160.1764678955078,1,quarterly
2022,2.0,Düsseldorf,124.3169937133789,194.67774963378906,0,quarterly
2022,2.0,Düsseldorf,107.33886591787025,168.68496704101562,1,quarterly
2022,2.0,Erfurt,119.899169921875,197.62973022460938,0,quarterly
2022,2.0,Erfurt,103.52438986403062,171.23472595214844,1,quarterly
2022,2.0,Frankfurt am Main,121.39606475830078,197.4392852783203,0,quarterly
2022,2.0,Frankfurt am Main,104.81685189468999,171.0835418701172,1,quarterly
2022,2.0,Hamburg,121.78321075439453,191.11898803710938,0,quarterly
2022,2.0,Hamburg,105.15112487639638,165.60726928710938,1,quarterly
2022,2.0,Karlsruhe,122.59429168701172,182.64898681640625,0,quarterly
2022,2.0,Karlsruhe,105.85143546849018,158.26292419433594,1,quarterly
2022,2.0,Köln,129.71786499023438,192.58872985839844,0,quarterly
2022,2.0,Köln,112.00213342868746,166.87904357910156,1,quarterly
2022,2.0,Leipzig,137.2842559814453,217.39434814453125,0,quarterly
2022,2.0,Leipzig,118.53517290967972,188.38272094726562,1,quarterly
2022,2.0,Lübeck,137.03955078125,202.7513885498047,0,quarterly
2022,2.0,Lübeck,118.3238874056743,175.66490173339844,1,quarterly
2022,2.0,Kreis Mettmann,127.72335052490234,207.3829803466797,0,quarterly
2022,2.0,Kreis Mettmann,110.28001230613904,179.6909637451172,1,quarterly
2022,2.0,München,127.83293151855469,187.36676025390625,0,quarterly
2022,2.0,München,110.37462768601152,162.36807250976562,1,quarterly
2022,2.0,Münster,124.77998352050781,196.2774658203125,0,quarterly
2022,2.0,Münster,107.73862462618754,170.07864379882812,1,quarterly
2022,2.0,Potsdam,136.8238067626953,217.16378784179688,0,quarterly
2022,2.0,Potsdam,118.13760781839908,188.1749725341797,1,quarterly
2022,2.0,Rhein-Erft-Kreis,129.9672393798828,221.42701721191406,0,quarterly
2022,2.0,Rhein-Erft-Kreis,112.21745044508458,191.8980255126953,1,quarterly
2022,2.0,Stuttgart,127.8059310913086,197.78445434570312,0,quarterly
2022,2.0,Stuttgart,110.3513147409883,171.38751220703125,1,quarterly
2022,2.0,Wiesbaden,122.08480072021484,180.11471557617188,0,quarterly
2022,2.0,Wiesbaden,105.41152632221961,156.07745361328125,1,quarterly
2022,3.0,Berlin,135.82713317871094,222.51348876953125,0,quarterly
2022,3.0,Berlin,115.4143950039661,189.7520294189453,1,quarterly
2022,3.0,Bonn,126.01366424560547,198.8973388671875,0,quarterly
2022,3.0,Bonn,107.07574017633033,169.57382202148438,1,quarterly
2022,3.0,Dortmund,132.785400390625,197.5178985595703,0,quarterly
2022,3.0,Dortmund,112.82978807540222,168.43443298339844,1,quarterly
2022,3.0,Dresden,119.5475082397461,191.38790893554688,0,quarterly
2022,3.0,Dresden,101.58134840089903,163.2139434814453,1,quarterly
2022,3.0,Duisburg,128.8945770263672,190.89027404785156,0,quarterly
2022,3.0,Duisburg,109.52369588200904,162.7544403076172,1,quarterly
2022,3.0,Düsseldorf,126.68315124511719,195.68751525878906,0,quarterly
2022,3.0,Düsseldorf,107.64461353177398,166.86688232421875,1,quarterly
2022,3.0,Erfurt,121.08950805664062,192.51119995117188,0,quarterly
2022,3.0,Erfurt,102.89160925819733,164.15061950683594,1,quarterly
2022,3.0,Frankfurt am Main,123.06103515625,189.18017578125,0,quarterly
2022,3.0,Frankfurt am Main,104.56684602503653,161.32334899902344,1,quarterly
2022,3.0,Hamburg,122.65830993652344,187.28343200683594,0,quarterly
2022,3.0,Hamburg,104.22464423884095,159.70623779296875,1,quarterly
2022,3.0,Karlsruhe,124.63030242919922,178.73231506347656,0,quarterly
2022,3.0,Karlsruhe,105.90027645729529,152.4094696044922,1,quarterly
2022,3.0,Köln,130.938232421875,186.76112365722656,0,quarterly
2022,3.0,Köln,111.26022116638494,159.25914001464844,1,quarterly
2022,3.0,Leipzig,138.1854705810547,218.1376190185547,0,quarterly
2022,3.0,Leipzig,117.41831040832503,186.0245819091797,1,quarterly
2022,3.0,Lübeck,138.45278930664062,206.5695343017578,0,quarterly
2022,3.0,Lübeck,117.6454552229486,176.1304168701172,1,quarterly
2022,3.0,Kreis Mettmann,127.21837615966797,208.40794372558594,0,quarterly
2022,3.0,Kreis Mettmann,108.09940233765015,177.7110137939453,1,quarterly
2022,3.0,München,128.94151306152344,178.29571533203125,0,quarterly
2022,3.0,München,109.56357814982012,152.05332946777344,1,quarterly
2022,3.0,Münster,125.72946166992188,175.67221069335938,0,quarterly
2022,3.0,Münster,106.83424889573374,149.80604553222656,1,quarterly
2022,3.0,Potsdam,137.8415985107422,215.54434204101562,0,quarterly
2022,3.0,Potsdam,117.12611704441397,183.8052978515625,1,quarterly
2022,3.0,Rhein-Erft-Kreis,130.86647033691406,223.25477600097656,0,quarterly
2022,3.0,Rhein-Erft-Kreis,111.19924382388969,190.40904235839844,1,quarterly
2022,3.0,Stuttgart,127.22661590576172,189.51699829101562,0,quarterly
2022,3.0,Stuttgart,108.10640377608252,161.6151885986328,1,quarterly
2022,3.0,Wiesbaden,121.43028259277344,177.10971069335938,0,quarterly
2022,3.0,Wiesbaden,103.18117059988285,151.0359344482422,1,quarterly
2022,4.0,Berlin,139.23760986328125,215.3130645751953,0,quarterly
2022,4.0,Berlin,115.9836200844107,179.9977569580078,1,quarterly
2022,4.0,Bonn,127.11249542236328,189.8363800048828,0,quarterly
2022,4.0,Bonn,105.88351373975063,158.66310119628906,1,quarterly
2022,4.0,Dortmund,134.14010620117188,183.1175079345703,0,quarterly
2022,4.0,Dortmund,111.73744745400201,153.08087158203125,1,quarterly
2022,4.0,Dresden,119.73072814941406,184.70123291015625,0,quarterly
2022,4.0,Dresden,99.73457099520083,154.41134643554688,1,quarterly
2022,4.0,Duisburg,130.84671020507812,199.50692749023438,0,quarterly
2022,4.0,Duisburg,108.99407954950031,166.75302124023438,1,quarterly
2022,4.0,Düsseldorf,128.05018615722656,175.96043395996094,0,quarterly
2022,4.0,Düsseldorf,106.66460130693768,147.0918731689453,1,quarterly
2022,4.0,Erfurt,122.97090911865234,189.6132354736328,0,quarterly
2022,4.0,Erfurt,102.4336112825907,158.49728393554688,1,quarterly
2022,4.0,Frankfurt am Main,123.77851104736328,177.41702270507812,0,quarterly
2022,4.0,Frankfurt am Main,103.10633609717937,148.31448364257812,1,quarterly
2022,4.0,Hamburg,123.01122283935547,176.91690063476562,0,quarterly
2022,4.0,Hamburg,102.467192232959,147.89669799804688,1,quarterly
2022,4.0,Karlsruhe,125.21614837646484,169.03883361816406,0,quarterly
2022,4.0,Karlsruhe,104.30387447751647,141.3064422607422,1,quarterly
2022,4.0,Köln,132.06460571289062,185.15939331054688,0,quarterly
2022,4.0,Köln,110.00857505843167,154.78549194335938,1,quarterly
2022,4.0,Leipzig,138.37490844726562,212.8017578125,0,quarterly
2022,4.0,Leipzig,115.26499791487123,177.90232849121094,1,quarterly
2022,4.0,Lübeck,139.578857421875,197.41195678710938,0,quarterly
2022,4.0,Lübeck,116.26787609275165,165.00921630859375,1,quarterly
2022,4.0,Kreis Mettmann,129.36599731445312,195.2232666015625,0,quarterly
2022,4.0,Kreis Mettmann,107.76065963135484,163.19178771972656,1,quarterly
2022,4.0,München,130.21371459960938,165.59397888183594,0,quarterly
2022,4.0,München,108.46680016074981,138.4414825439453,1,quarterly
2022,4.0,Münster,126.31719207763672,176.1239013671875,0,quarterly
2022,4.0,Münster,105.22103353000556,147.23504638671875,1,quarterly
2022,4.0,Potsdam,140.3358612060547,203.66148376464844,0,quarterly
2022,4.0,Potsdam,116.898453128604,170.2538604736328,1,quarterly
2022,4.0,Rhein-Erft-Kreis,132.43080139160156,206.28656005859375,0,quarterly
2022,4.0,Rhein-Erft-Kreis,110.3136126163003,172.47430419921875,1,quarterly
2022,4.0,Stuttgart,127.77865600585938,178.39305114746094,0,quarterly
2022,4.0,Stuttgart,106.4384192434237,149.1346435546875,1,quarterly
2022,4.0,Wiesbaden,122.84518432617188,167.78152465820312,0,quarterly
2022,4.0,Wiesbaden,102.32888371235616,140.26480102539062,1,quarterly
2022,,Berlin,134.96925354003906,215.8681182861328,0,annual
2022,,Berlin,115.81338127183555,185.88589477539062,1,annual
2022,,Bocholt,125.51966857910156,165.07371520996094,0,annual
2022,,Bocholt,107.70495392829244,142.14639282226562,1,annual
2022,,Bonn,125.49462890625,193.134521484375,0,annual
2022,,Bonn,107.68346807797602,166.30979919433594,1,annual
2022,,Chemnitz,111.13134765625,193.3540496826172,0,annual
2022,,Chemnitz,95.35873393230345,166.4988250732422,1,annual
2022,,Dortmund,131.7536163330078,198.1987762451172,0,annual
2022,,Dortmund,113.05413197525904,170.67066955566406,1,annual
2022,,Dresden,118.22986602783203,188.07073974609375,0,annual
2022,,Dresden,101.4497760998389,161.94932556152344,1,annual
2022,,Duisburg,127.58619689941406,192.35275268554688,0,annual
2022,,Duisburg,109.47818469005553,165.63661193847656,1,annual
2022,,Düsseldorf,125.54510498046875,188.77525329589844,0,annual
2022,,Düsseldorf,107.72678020036889,162.55599975585938,1,annual
2022,,Erfurt,120.32474517822266,188.5132598876953,0,annual
2022,,Erfurt,103.24733392430028,162.33038330078125,1,annual
2022,,Frankfurt am Main,122.09921264648438,189.81625366210938,0,annual
2022,,Frankfurt am Main,104.76995535152258,163.45240783691406,1,annual
2022,,Hamburg,122.2707290649414,183.37417602539062,0,annual
2022,,Hamburg,104.91712884358941,157.9050750732422,1,annual
2022,,Karlsruhe,123.51432800292969,178.85916137695312,0,annual
2022,,Karlsruhe,105.98422667644334,154.01715087890625,1,annual
2022,,Köln,129.7063751220703,187.300048828125,0,annual
2022,,Köln,111.2974509482918,161.28567504882812,1,annual
2022,,Leipzig,137.01416015625,215.58055114746094,0,annual
2022,,Leipzig,117.56805904767643,185.6382598876953,1,annual
2022,,Lübeck,137.23526000976562,207.0801544189453,0,annual
2022,,Lübeck,117.75777871317605,178.31849670410156,1,annual
2022,,Kreis Mettmann,127.09207153320312,206.05252075195312,0,annual
2022,,Kreis Mettmann,109.05418938792475,177.43359375,1,annual
2022,,München,128.45086669921875,180.66917419433594,0,annual
2022,,München,110.22013391606436,155.57577514648438,1,annual
2022,,Münster,124.68170928955078,182.2613067626953,0,annual
2022,,Münster,106.98592425193559,156.94677734375,1,annual
2022,,Potsdam,135.82522583007812,213.59243774414062,0,annual
2022,,Potsdam,116.54786740541275,183.92628479003906,1,annual
2022,,Rhein-Erft-Kreis,129.92593383789062,204.4461669921875,0,annual
2022,,Rhein-Erft-Kreis,111.48584820618512,176.05035400390625,1,annual
2022,,Stuttgart,128.22866821289062,189.20486450195312,0,annual
2022,,Stuttgart,110.0294715441523,162.92593383789062,1,annual
2022,,Wiesbaden,121.64854431152344,175.40765380859375,0,annual
2022,,Wiesbaden,104.38324932526089,151.0450439453125,1,annual
2023,1.0,Berlin,144.51243591308594,209.4799041748047,0,quarterly
2023,1.0,Berlin,118.56626505542684,172.48641967773438,1,quarterly
2023,1.0,Bonn,128.09506225585938,195.87107849121094,0,quarterly
2023,1.0,Bonn,105.09651302849805,161.24363708496094,1,quarterly
2023,1.0,Dortmund,135.47860717773438,188.58116149902344,0,quarterly
2023,1.0,Dortmund,111.15439544342183,155.27630615234375,1,quarterly
2023,1.0,Dresden,121.6222915649414,181.46072387695312,0,quarterly
2023,1.0,Dresden,99.78588186701138,149.41970825195312,1,quarterly
2023,1.0,Duisburg,133.434326171875,183.5309295654297,0,quarterly
2023,1.0,Duisburg,109.47715042255544,151.09176635742188,1,quarterly
2023,1.0,Düsseldorf,130.02764892578125,164.88768005371094,0,quarterly
2023,1.0,Düsseldorf,106.68211762993425,135.76182556152344,1,quarterly
2023,1.0,Erfurt,123.31590270996094,176.85714721679688,0,quarterly
2023,1.0,Erfurt,101.17541728417079,145.61013793945312,1,quarterly
2023,1.0,Frankfurt am Main,125.93592071533203,167.7093505859375,0,quarterly
2023,1.0,Frankfurt am Main,103.32502985773262,138.0897216796875,1,quarterly
2023,1.0,Hamburg,125.5609130859375,171.2855682373047,0,quarterly
2023,1.0,Hamburg,103.01735215716892,141.03463745117188,1,quarterly
2023,1.0,Karlsruhe,128.01881408691406,168.14077758789062,0,quarterly
2023,1.0,Karlsruhe,105.03395467113566,138.4408721923828,1,quarterly
2023,1.0,Köln,133.6314239501953,175.1182403564453,0,quarterly
2023,1.0,Köln,109.63886070913738,144.18887329101562,1,quarterly
2023,1.0,Leipzig,142.78883361816406,201.52157592773438,0,quarterly
2023,1.0,Leipzig,117.15212318411578,165.9372100830078,1,quarterly
2023,1.0,Lübeck,141.0366668701172,194.31216430664062,0,quarterly
2023,1.0,Lübeck,115.71454540226193,159.97442626953125,1,quarterly
2023,1.0,Kreis Mettmann,130.75340270996094,190.3894500732422,0,quarterly
2023,1.0,Kreis Mettmann,107.27756753011985,156.75643920898438,1,quarterly
2023,1.0,München,133.9375762939453,161.14625549316406,0,quarterly
2023,1.0,München,109.89004559649361,132.6959686279297,1,quarterly
2023,1.0,Münster,128.0330047607422,176.5498809814453,0,quarterly
2023,1.0,Münster,105.04559751130915,145.37045288085938,1,quarterly
2023,1.0,Potsdam,141.79193115234375,200.58863830566406,0,quarterly
2023,1.0,Potsdam,116.33420740233527,165.16201782226562,1,quarterly
2023,1.0,Rhein-Erft-Kreis,134.87522888183594,195.0722198486328,0,quarterly
2023,1.0,Rhein-Erft-Kreis,110.65934939075399,160.6440887451172,1,quarterly
2023,1.0,Stuttgart,130.1536407470703,175.7768096923828,0,quarterly
2023,1.0,Stuttgart,106.78548852381881,144.7364959716797,1,quarterly
2023,1.0,Wiesbaden,123.61572265625,165.6542205810547,0,quarterly
2023,1.0,Wiesbaden,101.42140671058937,136.40267944335938,1,quarterly
2023,2.0,Berlin,146.01698303222656,210.1839141845703,0,quarterly
2023,2.0,Berlin,118.32842394623562,170.9392547607422,1,quarterly
2023,2.0,Bonn,129.9357147216797,185.03211975097656,0,quarterly
2023,2.0,Bonn,105.2965759054938,150.448974609375,1,quarterly
2023,2.0,Dortmund,136.65249633789062,198.59544372558594,0,quarterly
2023,2.0,Dortmund,110.73968372851925,161.51242065429688,1,quarterly
2023,2.0,Dresden,122.34851837158203,174.2296600341797,0,quarterly
2023,2.0,Dresden,99.14810627111198,141.70237731933594,1,quarterly
2023,2.0,Duisburg,133.8505859375,186.12442016601562,0,quarterly
2023,2.0,Duisburg,108.46908728944878,151.3438262939453,1,quarterly
2023,2.0,Düsseldorf,131.02542114257812,171.6661376953125,0,quarterly
2023,2.0,Düsseldorf,106.1796460845328,139.60594177246094,1,quarterly
2023,2.0,Erfurt,124.15699768066406,183.2442626953125,0,quarterly
2023,2.0,Erfurt,100.61365159289024,149.0147247314453,1,quarterly
2023,2.0,Frankfurt am Main,128.3904266357422,169.8169403076172,0,quarterly
2023,2.0,Frankfurt am Main,104.04431401133094,138.1067352294922,1,quarterly
2023,2.0,Hamburg,126.28803253173828,166.2748565673828,0,quarterly
2023,2.0,Hamburg,102.34058766611716,135.2263641357422,1,quarterly
2023,2.0,Karlsruhe,128.65487670898438,171.2532196044922,0,quarterly
2023,2.0,Karlsruhe,104.25861757882973,139.27072143554688,1,quarterly
2023,2.0,Köln,136.49276733398438,178.049560546875,0,quarterly
2023,2.0,Köln,110.61024343398478,144.8008270263672,1,quarterly
2023,2.0,Leipzig,142.460693359375,210.0657501220703,0,quarterly
2023,2.0,Leipzig,115.4464978623915,170.8469696044922,1,quarterly
2023,2.0,Lübeck,143.74778747558594,191.21426391601562,0,quarterly
2023,2.0,Lübeck,116.4895259751426,155.48934936523438,1,quarterly
2023,2.0,Kreis Mettmann,133.18487548828125,179.94570922851562,0,quarterly
2023,2.0,Kreis Mettmann,107.92961258845999,146.33689880371094,1,quarterly
2023,2.0,München,136.5606689453125,158.00099182128906,0,quarterly
2023,2.0,München,110.66526916102704,128.50709533691406,1,quarterly
2023,2.0,Münster,129.33241271972656,167.03073120117188,0,quarterly
2023,2.0,Münster,104.80767541205623,135.84226989746094,1,quarterly
2023,2.0,Potsdam,146.20982360839844,192.95382690429688,0,quarterly
2023,2.0,Potsdam,118.48469701103565,156.9231719970703,1,quarterly
2023,2.0,Rhein-Erft-Kreis,135.72772216796875,214.40272521972656,0,quarterly
2023,2.0,Rhein-Erft-Kreis,109.99027042219932,174.3931427001953,1,quarterly
2023,2.0,Stuttgart,131.75856018066406,170.94088745117188,0,quarterly
2023,2.0,Stuttgart,106.77376318727437,139.0247802734375,1,quarterly
2023,2.0,Wiesbaden,126.98487091064453,159.18704223632812,0,quarterly
2023,2.0,Wiesbaden,102.90528764422196,129.46664428710938,1,quarterly
2023,3.0,Berlin,150.93557739257812,203.0424041748047,0,quarterly
2023,3.0,Berlin,121.44660320563432,163.95970153808594,1,quarterly
2023,3.0,Bonn,130.31105041503906,178.20436096191406,0,quarterly
2023,3.0,Bonn,104.85158440744704,143.86940002441406,1,quarterly
2023,3.0,Dortmund,137.5809783935547,184.98648071289062,0,quarterly
2023,3.0,Dortmund,110.7011533016244,149.3773193359375,1,quarterly
2023,3.0,Dresden,123.31478118896484,170.74954223632812,0,quarterly
2023,3.0,Dresden,99.2222083034364,137.8867645263672,1,quarterly
2023,3.0,Duisburg,134.03529357910156,190.38888549804688,0,quarterly
2023,3.0,Duisburg,107.84820514856486,153.713134765625,1,quarterly
2023,3.0,Düsseldorf,132.4835968017578,160.98544311523438,0,quarterly
2023,3.0,Düsseldorf,106.59967046861077,129.99119567871094,1,quarterly
2023,3.0,Erfurt,124.7970962524414,169.7589874267578,0,quarterly
2023,3.0,Erfurt,100.4149166923376,137.06910705566406,1,quarterly
2023,3.0,Frankfurt am Main,128.19639587402344,165.7218017578125,0,quarterly
2023,3.0,Frankfurt am Main,103.15007959727399,133.82015991210938,1,quarterly
2023,3.0,Hamburg,126.81179809570312,162.33001708984375,0,quarterly
2023,3.0,Hamburg,102.03599702053528,131.0815887451172,1,quarterly
2023,3.0,Karlsruhe,131.01914978027344,160.74684143066406,0,quarterly
2023,3.0,Karlsruhe,105.42133916060313,129.799072265625,1,quarterly
2023,3.0,Köln,137.32977294921875,175.06546020507812,0,quarterly
2023,3.0,Köln,110.49902701404932,141.36395263671875,1,quarterly
2023,3.0,Leipzig,145.36953735351562,201.00775146484375,0,quarterly
2023,3.0,Leipzig,116.96802587000388,162.32032775878906,1,quarterly
2023,3.0,Lübeck,143.6180419921875,188.66262817382812,0,quarterly
2023,3.0,Lübeck,115.55872816936656,152.32608032226562,1,quarterly
2023,3.0,Kreis Mettmann,134.7066192626953,176.206298828125,0,quarterly
2023,3.0,Kreis Mettmann,108.38837086247806,142.27932739257812,1,quarterly
2023,3.0,München,138.11134338378906,154.2064208984375,0,quarterly
2023,3.0,München,111.12789845764301,124.53108978271484,1,quarterly
2023,3.0,Münster,130.27281188964844,154.4454345703125,0,quarterly
2023,3.0,Münster,104.82081671767827,124.71585083007812,1,quarterly
2023,3.0,Potsdam,150.5903778076172,205.2645721435547,0,quarterly
2023,3.0,Potsdam,121.16884684265001,165.75082397460938,1,quarterly
2023,3.0,Rhein-Erft-Kreis,137.38983154296875,206.61195373535156,0,quarterly
2023,3.0,Rhein-Erft-Kreis,110.54735168560951,166.86398315429688,1,quarterly
2023,3.0,Stuttgart,133.00709533691406,163.5956573486328,0,quarterly
2023,3.0,Stuttgart,107.02089070028941,132.10707092285156,1,quarterly
2023,3.0,Wiesbaden,126.52779388427734,154.6870880126953,0,quarterly
2023,3.0,Wiesbaden,101.80748001102964,124.91433715820312,1,quarterly
2023,4.0,Berlin,151.7597198486328,202.01528930664062,0,quarterly
2023,4.0,Berlin,122.07508812221228,163.08401489257812,1,quarterly
2023,4.0,Bonn,130.88157653808594,180.38394165039062,0,quarterly
2023,4.0,Bonn,105.28076887198374,145.58773803710938,1,quarterly
2023,4.0,Dortmund,140.4266815185547,176.55908203125,0,quarterly
2023,4.0,Dortmund,112.95882423996079,142.53172302246094,1,quarterly
2023,4.0,Dresden,124.64230346679688,171.34071350097656,0,quarterly
2023,4.0,Dresden,100.26191531350426,138.32492065429688,1,quarterly
2023,4.0,Duisburg,137.08419799804688,178.5944366455078,0,quarterly
2023,4.0,Duisburg,110.27013997828708,144.14981079101562,1,quarterly
2023,4.0,Düsseldorf,133.5565948486328,164.56117248535156,0,quarterly
2023,4.0,Düsseldorf,107.43254601228323,132.84078979492188,1,quarterly
2023,4.0,Erfurt,127.02252960205078,172.12362670898438,0,quarterly
2023,4.0,Erfurt,102.17656246428794,138.93896484375,1,quarterly
2023,4.0,Frankfurt am Main,128.7584991455078,165.69296264648438,0,quarterly
2023,4.0,Frankfurt am Main,103.57297144030848,133.75892639160156,1,quarterly
2023,4.0,Hamburg,129.2642059326172,164.67636108398438,0,quarterly
2023,4.0,Hamburg,103.97976054523008,132.93853759765625,1,quarterly
2023,4.0,Karlsruhe,131.1743621826172,157.8484344482422,0,quarterly
2023,4.0,Karlsruhe,105.5162848138471,127.42252349853516,1,quarterly
2023,4.0,Köln,138.86734008789062,171.92825317382812,0,quarterly
2023,4.0,Köln,111.70449441679825,138.79129028320312,1,quarterly
2023,4.0,Leipzig,148.8241729736328,204.37841796875,0,quarterly
2023,4.0,Leipzig,119.71374254375485,164.99542236328125,1,quarterly
2023,4.0,Lübeck,145.04225158691406,189.05923461914062,0,quarterly
2023,4.0,Lübeck,116.6715757091333,152.60299682617188,1,quarterly
2023,4.0,Kreis Mettmann,136.13246154785156,178.5855712890625,0,quarterly
2023,4.0,Kreis Mettmann,109.50456587771151,144.15957641601562,1,quarterly
2023,4.0,München,138.61253356933594,150.24009704589844,0,quarterly
2023,4.0,München,111.49952877612823,121.29363250732422,1,quarterly
2023,4.0,Münster,133.39405822753906,156.54469299316406,0,quarterly
2023,4.0,Münster,107.3018020153722,126.37515258789062,1,quarterly
2023,4.0,Potsdam,149.75149536132812,203.92013549804688,0,quarterly
2023,4.0,Potsdam,120.45967804171514,164.6184844970703,1,quarterly
2023,4.0,Rhein-Erft-Kreis,138.45489501953125,207.9442596435547,0,quarterly
2023,4.0,Rhein-Erft-Kreis,111.3727247738669,167.89231872558594,1,quarterly
2023,4.0,Stuttgart,133.8439483642578,157.76905822753906,0,quarterly
2023,4.0,Stuttgart,107.66369236506468,127.36581420898438,1,quarterly
2023,4.0,Wiesbaden,129.92367553710938,147.43472290039062,0,quarterly
2023,4.0,Wiesbaden,104.51023602424783,119.02406311035156,1,quarterly
2023,,Berlin,149.02366638183594,201.6701202392578,0,annual
2023,,Berlin,120.69597430039865,163.91290283203125,1,annual
2023,,Bocholt,130.2888946533203,160.47238159179688,0,annual
2023,,Bocholt,105.52246809182795,130.42831420898438,1,annual
2023,,Bonn,129.7452850341797,184.50375366210938,0,annual
2023,,Bonn,105.08219243485186,149.96046447753906,1,annual
2023,,Chemnitz,113.58513641357422,186.26133728027344,0,annual
2023,,Chemnitz,91.99390297077682,151.38897705078125,1,annual
2023,,Dortmund,137.05746459960938,187.8919219970703,0,annual
2023,,Dortmund,111.00441041764991,152.71429443359375,1,annual
2023,,Dresden,122.5182876586914,171.9447021484375,0,annual
2023,,Dresden,99.22896448335315,139.75274658203125,1,annual
2023,,Duisburg,134.46261596679688,187.6916961669922,0,annual
2023,,Duisburg,108.90281278887531,152.5515594482422,1,annual
2023,,Düsseldorf,132.01852416992188,163.10214233398438,0,annual
2023,,Düsseldorf,106.92331484827575,132.5657196044922,1,annual
2023,,Erfurt,124.40498352050781,169.66546630859375,0,annual
2023,,Erfurt,100.757021071808,137.90023803710938,1,annual
2023,,Frankfurt am Main,128.1414794921875,165.57164001464844,0,annual
2023,,Frankfurt am Main,103.78325195661169,134.5728759765625,1,annual
2023,,Hamburg,127.25979614257812,163.1769561767578,0,annual
2023,,Hamburg,103.06916651307631,132.62652587890625,1,annual
2023,,Karlsruhe,129.39382934570312,164.79946899414062,0,annual
2023,,Karlsruhe,104.79754444722683,133.9452667236328,1,annual
2023,,Köln,136.52490234375,174.1085205078125,0,annual
2023,,Köln,110.57308214673036,141.51144409179688,1,annual
2023,,Leipzig,144.85545349121094,203.74440002441406,0,annual
2023,,Leipzig,117.32009093811153,165.59881591796875,1,annual
2023,,Lübeck,143.64242553710938,193.5655517578125,0,annual
2023,,Lübeck,116.33764570421981,157.32568359375,1,annual
2023,,Kreis Mettmann,133.69142150878906,181.10903930664062,0,annual
2023,,Kreis Mettmann,108.27821356417347,147.20130920410156,1,annual
2023,,München,137.3254852294922,155.96336364746094,0,annual
2023,,München,111.22148339566553,126.76347351074219,1,annual
2023,,Münster,130.02723693847656,164.87330627441406,0,annual
2023,,Münster,105.31054851158245,134.00527954101562,1,annual
2023,,Potsdam,146.20169067382812,201.70480346679688,0,annual
2023,,Potsdam,118.41042385193931,163.9410858154297,1,annual
2023,,Rhein-Erft-Kreis,136.5835418701172,193.64236450195312,0,annual
2023,,Rhein-Erft-Kreis,110.62057497078467,157.38812255859375,1,annual
2023,,Stuttgart,133.0371856689453,166.43826293945312,0,annual
2023,,Stuttgart,107.74834046395154,135.27723693847656,1,annual
2023,,Wiesbaden,126.59010314941406,154.1363983154297,0,annual
2023,,Wiesbaden,102.52677448733604,125.27857208251953,1,annual
2024,1.0,Berlin,159.56973266601562,199.91522216796875,0,quarterly
2024,1.0,Berlin,127.7053279634455,160.56874084472656,1,quarterly
2024,1.0,Bonn,135.76358032226562,174.87657165527344,0,quarterly
2024,1.0,Bonn,108.65301496014233,140.4256591796875,1,quarterly
2024,1.0,Dortmund,141.9178466796875,190.0827178955078,0,quarterly
2024,1.0,Dortmund,113.57833876947613,152.66943359375,1,quarterly
2024,1.0,Dresden,127.30719757080078,167.46827697753906,0,quarterly
2024,1.0,Dresden,101.88528329438489,134.5117950439453,1,quarterly
2024,1.0,Duisburg,139.9690399169922,186.0402069091797,0,quarterly
2024,1.0,Duisburg,112.01868831064957,149.39666748046875,1,quarterly
2024,1.0,Düsseldorf,137.04049682617188,165.60140991210938,0,quarterly
2024,1.0,Düsseldorf,109.67494460926063,133.00135803222656,1,quarterly
2024,1.0,Erfurt,127.0486831665039,171.4106903076172,0,quarterly
2024,1.0,Erfurt,101.67839150963079,137.66053771972656,1,quarterly
2024,1.0,Frankfurt am Main,133.40090942382812,165.5003662109375,0,quarterly
2024,1.0,Frankfurt am Main,106.76214469976424,132.92466735839844,1,quarterly
2024,1.0,Hamburg,134.30313110351562,160.4699249267578,0,quarterly
2024,1.0,Hamburg,107.4842021574989,128.88465881347656,1,quarterly
2024,1.0,Karlsruhe,133.0684814453125,162.45291137695312,0,quarterly
2024,1.0,Karlsruhe,106.49609910758781,130.4732208251953,1,quarterly
2024,1.0,Köln,143.0328826904297,178.52798461914062,0,quarterly
2024,1.0,Köln,114.47071376480764,143.38682556152344,1,quarterly
2024,1.0,Leipzig,152.7601318359375,197.1808624267578,0,quarterly
2024,1.0,Leipzig,122.25553311340695,158.37608337402344,1,quarterly
2024,1.0,Lübeck,148.1404571533203,174.53358459472656,0,quarterly
2024,1.0,Lübeck,118.55835909066887,140.16259765625,1,quarterly
2024,1.0,Kreis Mettmann,138.76315307617188,180.64479064941406,0,quarterly
2024,1.0,Kreis Mettmann,111.05360444467553,145.0810089111328,1,quarterly
2024,1.0,München,142.19082641601562,151.0345916748047,0,quarterly
2024,1.0,München,113.79680731092643,121.31555938720703,1,quarterly
2024,1.0,Münster,137.09231567382812,158.96868896484375,0,quarterly
2024,1.0,Münster,109.71641577565332,127.68000793457031,1,quarterly
2024,1.0,Potsdam,155.12757873535156,193.33889770507812,0,quarterly
2024,1.0,Potsdam,124.15022565737776,155.28363037109375,1,quarterly
2024,1.0,Rhein-Erft-Kreis,141.80528259277344,205.42724609375,0,quarterly
2024,1.0,Rhein-Erft-Kreis,113.48825255202064,165.01747131347656,1,quarterly
2024,1.0,Stuttgart,137.09361267089844,156.52783203125,0,quarterly
2024,1.0,Stuttgart,109.71745377599001,125.7218017578125,1,quarterly
2024,1.0,Wiesbaden,131.54029846191406,155.48385620117188,0,quarterly
2024,1.0,Wiesbaden,105.27307826383216,124.8844223022461,1,quarterly
2024,2.0,Berlin,163.63406372070312,203.95474243164062,0,quarterly
2024,2.0,Berlin,129.64079007545507,162.16546630859375,1,quarterly
2024,2.0,Bonn,136.12461853027344,173.48226928710938,0,quarterly
2024,2.0,Bonn,107.84614580681485,137.90481567382812,1,quarterly
2024,2.0,Dortmund,144.18617248535156,190.76524353027344,0,quarterly
2024,2.0,Dortmund,114.23299583185648,151.67645263671875,1,quarterly
2024,2.0,Dresden,128.32383728027344,170.8063507080078,0,quarterly
2024,2.0,Dresden,101.66589567147675,135.81298828125,1,quarterly
2024,2.0,Duisburg,140.72775268554688,173.6757354736328,0,quarterly
2024,2.0,Duisburg,111.49302675045212,138.06471252441406,1,quarterly
2024,2.0,Düsseldorf,139.04861450195312,167.1235809326172,0,quarterly
2024,2.0,Düsseldorf,110.16271204813862,132.87376403808594,1,quarterly
2024,2.0,Erfurt,128.66961669921875,171.44589233398438,0,quarterly
2024,2.0,Erfurt,101.93984301498595,136.30384826660156,1,quarterly
2024,2.0,Frankfurt am Main,134.5874786376953,173.412353515625,0,quarterly
2024,2.0,Frankfurt am Main,106.62833072846747,137.8783721923828,1,quarterly
2024,2.0,Hamburg,135.5938262939453,159.60397338867188,0,quarterly
2024,2.0,Hamburg,107.42562013313271,126.89974212646484,1,quarterly
2024,2.0,Karlsruhe,135.89601135253906,159.37510681152344,0,quarterly
2024,2.0,Karlsruhe,107.66502939092611,126.7137680053711,1,quarterly
2024,2.0,Köln,143.0855712890625,181.08409118652344,0,quarterly
2024,2.0,Köln,113.36103307911057,143.9768524169922,1,quarterly
2024,2.0,Leipzig,155.06863403320312,201.41456604003906,0,quarterly
2024,2.0,Leipzig,122.85473925709624,160.14935302734375,1,quarterly
2024,2.0,Lübeck,151.13418579101562,182.6430206298828,0,quarterly
2024,2.0,Lübeck,119.73763168774092,145.19967651367188,1,quarterly
2024,2.0,Kreis Mettmann,139.98843383789062,181.7805633544922,0,quarterly
2024,2.0,Kreis Mettmann,110.90729369861381,144.52468872070312,1,quarterly
2024,2.0,München,144.51356506347656,152.0631866455078,0,quarterly
2024,2.0,München,114.49237600935673,120.91316986083984,1,quarterly
2024,2.0,Münster,138.9596710205078,169.26853942871094,0,quarterly
2024,2.0,Münster,110.09224564924556,134.58511352539062,1,quarterly
2024,2.0,Potsdam,155.41404724121094,196.7219696044922,0,quarterly
2024,2.0,Potsdam,123.1283964661787,156.41152954101562,1,quarterly
2024,2.0,Rhein-Erft-Kreis,143.4105224609375,219.83714294433594,0,quarterly
2024,2.0,Rhein-Erft-Kreis,113.61847902709927,174.81649780273438,1,quarterly
2024,2.0,Stuttgart,139.0237274169922,158.13796997070312,0,quarterly
2024,2.0,Stuttgart,110.14299499605514,125.7374496459961,1,quarterly
2024,2.0,Wiesbaden,132.9882354736328,154.9817352294922,0,quarterly
2024,2.0,Wiesbaden,105.36131368691977,123.22901153564453,1,quarterly
2024,3.0,Berlin,163.79713439941406,204.07669067382812,0,quarterly
2024,3.0,Berlin,129.30032700154192,161.6751708984375,1,quarterly
2024,3.0,Bonn,136.31719970703125,182.44615173339844,0,quarterly
2024,3.0,Bonn,107.6078562832091,144.50550842285156,1,quarterly
2024,3.0,Dortmund,145.645263671875,180.50582885742188,0,quarterly
2024,3.0,Dortmund,114.97136557394252,142.99981689453125,1,quarterly
2024,3.0,Dresden,130.44667053222656,172.4950714111328,0,quarterly
2024,3.0,Dresden,102.97370108411148,136.6593475341797,1,quarterly
2024,3.0,Duisburg,142.2167510986328,190.24603271484375,0,quarterly
2024,3.0,Duisburg,112.26492141987008,150.69003295898438,1,quarterly
2024,3.0,Düsseldorf,140.34078979492188,168.3050994873047,0,quarterly
2024,3.0,Düsseldorf,110.78405051879203,133.328857421875,1,quarterly
2024,3.0,Erfurt,130.00634765625,171.1795196533203,0,quarterly
2024,3.0,Erfurt,102.6261132459067,135.5995330810547,1,quarterly
2024,3.0,Frankfurt am Main,136.98312377929688,173.10382080078125,0,quarterly
2024,3.0,Frankfurt am Main,108.13353214816155,137.13494873046875,1,quarterly
2024,3.0,Hamburg,138.20376586914062,158.9233856201172,0,quarterly
2024,3.0,Hamburg,109.09709858628848,125.90130615234375,1,quarterly
2024,3.0,Karlsruhe,137.093017578125,162.9322052001953,0,quarterly
2024,3.0,Karlsruhe,108.22028155422423,129.0730743408203,1,quarterly
2024,3.0,Köln,144.06581115722656,179.82296752929688,0,quarterly
2024,3.0,Köln,113.72455666378505,142.4567108154297,1,quarterly
2024,3.0,Leipzig,156.01771545410156,210.7196502685547,0,quarterly
2024,3.0,Leipzig,123.15930739702254,166.941650390625,1,quarterly
2024,3.0,Lübeck,151.89979553222656,192.88243103027344,0,quarterly
2024,3.0,Lübeck,119.90864984176737,152.78497314453125,1,quarterly
2024,3.0,Kreis Mettmann,139.98239135742188,181.3488311767578,0,quarterly
2024,3.0,Kreis Mettmann,110.50113326669535,143.6596221923828,1,quarterly
2024,3.0,München,144.63255310058594,153.16885375976562,0,quarterly
2024,3.0,München,114.17193884095529,121.35157012939453,1,quarterly
2024,3.0,Münster,138.10598754882812,177.63681030273438,0,quarterly
2024,3.0,Münster,109.01991305531797,140.7275390625,1,quarterly
2024,3.0,Potsdam,154.70159912109375,208.62034606933594,0,quarterly
2024,3.0,Potsdam,122.12037425051818,165.271484375,1,quarterly
2024,3.0,Rhein-Erft-Kreis,147.14967346191406,225.4882354736328,0,quarterly
2024,3.0,Rhein-Erft-Kreis,116.1589362754057,178.66134643554688,1,quarterly
2024,3.0,Stuttgart,138.73602294921875,159.79751586914062,0,quarterly
2024,3.0,Stuttgart,109.517258650476,126.59712982177734,1,quarterly
2024,3.0,Wiesbaden,134.8260955810547,162.86077880859375,0,quarterly
2024,3.0,Wiesbaden,106.43078898109147,129.02513122558594,1,quarterly
2024,4.0,Berlin,160.94029235839844,202.4508514404297,0,quarterly
2024,4.0,Berlin,126.55191319529638,159.76446533203125,1,quarterly
2024,4.0,Bonn,137.0168914794922,182.83856201171875,0,quarterly
2024,4.0,Bonn,107.74026505549085,144.2540740966797,1,quarterly
2024,4.0,Dortmund,147.41810607910156,191.52642822265625,0,quarterly
2024,4.0,Dortmund,115.9190348827766,151.14144897460938,1,quarterly
2024,4.0,Dresden,132.234130859375,179.06655883789062,0,quarterly
2024,4.0,Dresden,103.97944482855179,141.3148193359375,1,quarterly
2024,4.0,Duisburg,144.5188751220703,202.68687438964844,0,quarterly
2024,4.0,Duisburg,113.63928741226576,159.92086791992188,1,quarterly
2024,4.0,Düsseldorf,141.7695770263672,167.570068359375,0,quarterly
2024,4.0,Düsseldorf,111.47743639996233,132.231201171875,1,quarterly
2024,4.0,Erfurt,131.26620483398438,187.87432861328125,0,quarterly
2024,4.0,Erfurt,103.21833716216379,148.2465057373047,1,quarterly
2024,4.0,Frankfurt am Main,137.69497680664062,170.06947326660156,0,quarterly
2024,4.0,Frankfurt am Main,108.2734627662866,134.20802307128906,1,quarterly
2024,4.0,Hamburg,136.36888122558594,158.56399536132812,0,quarterly
2024,4.0,Hamburg,107.23071622716276,125.12889099121094,1,quarterly
2024,4.0,Karlsruhe,136.44796752929688,160.51014709472656,0,quarterly
2024,4.0,Karlsruhe,107.29290402920722,126.66068267822266,1,quarterly
2024,4.0,Köln,144.9468994140625,178.7428436279297,0,quarterly
2024,4.0,Köln,113.97585504397509,141.05126953125,1,quarterly
2024,4.0,Leipzig,156.80148315429688,213.19134521484375,0,quarterly
2024,4.0,Leipzig,123.29745021741785,168.2440948486328,1,quarterly
2024,4.0,Lübeck,152.4379425048828,185.05288696289062,0,quarterly
2024,4.0,Lübeck,119.8662745348295,146.01397705078125,1,quarterly
2024,4.0,Kreis Mettmann,141.54995727539062,181.931640625,0,quarterly
2024,4.0,Kreis Mettmann,111.30474316538272,143.561767578125,1,quarterly
2024,4.0,München,145.59898376464844,155.71060180664062,0,quarterly
2024,4.0,München,114.48860744998908,122.88636016845703,1,quarterly
2024,4.0,Münster,138.0760955810547,170.71629333496094,0,quarterly
2024,4.0,Münster,108.57314726014435,134.7198944091797,1,quarterly
2024,4.0,Potsdam,154.5867462158203,209.33172607421875,0,quarterly
2024,4.0,Potsdam,121.55593979338836,165.1912078857422,1,quarterly
2024,4.0,Rhein-Erft-Kreis,145.0589141845703,241.08331298828125,0,quarterly
2024,4.0,Rhein-Erft-Kreis,114.06393543270912,190.2761993408203,1,quarterly
2024,4.0,Stuttgart,138.69137573242188,160.29092407226562,0,quarterly
2024,4.0,Stuttgart,109.05695948122079,126.49501037597656,1,quarterly
2024,4.0,Wiesbaden,134.72817993164062,156.98439025878906,0,quarterly
2024,4.0,Wiesbaden,105.94058629954712,123.88675689697266,1,quarterly
2024,,Berlin,161.819091796875,199.613037109375,0,annual
2024,,Berlin,128.16704882403326,158.6652069091797,1,annual
2024,,Bocholt,135.01856994628906,161.59451293945312,0,annual
2024,,Bocholt,106.93998745326887,128.44564819335938,1,annual
2024,,Bonn,136.12033081054688,178.34197998046875,0,annual
2024,,Bonn,107.81262514338145,141.7576141357422,1,annual
2024,,Chemnitz,115.73117065429688,180.9510498046875,0,annual
2024,,Chemnitz,91.66361295817283,143.8314666748047,1,annual
2024,,Dortmund,144.0050048828125,188.45166015625,0,annual
2024,,Dortmund,114.05759534782536,149.79342651367188,1,annual
2024,,Dresden,128.68218994140625,171.2628631591797,0,annual
2024,,Dresden,101.92132669800485,136.13067626953125,1,annual
2024,,Duisburg,141.64215087890625,190.70738220214844,0,annual
2024,,Duisburg,112.18612257461973,151.58642578125,1,annual
2024,,Düsseldorf,139.52847290039062,165.05885314941406,0,annual
2024,,Düsseldorf,110.51200695783731,131.19932556152344,1,annual
2024,,Erfurt,128.93385314941406,171.055908203125,0,annual
2024,,Erfurt,102.120653800325,135.96617126464844,1,annual
2024,,Frankfurt am Main,135.64682006835938,169.61793518066406,0,annual
2024,,Frankfurt am Main,107.43758611838909,134.82318115234375,1,annual
2024,,Hamburg,136.2735595703125,155.24778747558594,0,annual
2024,,Hamburg,107.93398831330197,123.40086364746094,1,annual
2024,,Karlsruhe,135.24404907226562,161.35948181152344,0,annual
2024,,Karlsruhe,107.11857573866178,128.2588348388672,1,annual
2024,,Köln,143.51065063476562,179.59413146972656,0,annual
2024,,Köln,113.6660474510832,142.75289916992188,1,annual
2024,,Leipzig,154.84457397460938,205.51673889160156,0,annual
2024,,Leipzig,122.64295796229186,163.3578338623047,1,annual
2024,,Lübeck,150.95330810546875,189.2738494873047,0,annual
2024,,Lübeck,119.56092322152418,150.4469451904297,1,annual
2024,,Kreis Mettmann,139.9473114013672,181.48121643066406,0,annual
2024,,Kreis Mettmann,110.84374342976999,144.25286865234375,1,annual
2024,,München,144.29180908203125,153.5116729736328,0,annual
2024,,München,114.28475548941329,122.02088928222656,1,annual
2024,,Münster,137.65484619140625,170.92454528808594,0,annual
2024,,Münster,109.02802133400344,135.86175537109375,1,annual
2024,,Potsdam,154.520751953125,203.7528533935547,0,annual
2024,,Potsdam,122.38647825784521,161.95578002929688,1,annual
2024,,Rhein-Erft-Kreis,143.80429077148438,210.7642822265625,0,annual
2024,,Rhein-Erft-Kreis,113.8986219224983,167.5289306640625,1,annual
2024,,Stuttgart,139.1868133544922,161.04554748535156,0,annual
2024,,Stuttgart,110.24139923649791,128.00929260253906,1,annual
2024,,Wiesbaden,132.97268676757812,155.1805419921875,0,annual
2024,,Wiesbaden,105.31956796912505,123.34741973876953,1,annual
2025,1.0,Berlin,163.9443817138672,205.7882080078125,0,quarterly
2025,1.0,Berlin,128.30921731980968,161.63612365722656,1,quarterly
2025,1.0,Bonn,141.23448181152344,190.04237365722656,0,quarterly
2025,1.0,Bonn,110.53557084641864,149.234130859375,1,quarterly
2025,1.0,Dortmund,148.3700714111328,188.8082275390625,0,quarterly
2025,1.0,Dortmund,116.12015939449824,148.2972869873047,1,quarterly
2025,1.0,Dresden,135.12330627441406,178.59510803222656,0,quarterly
2025,1.0,Dresden,105.75272838561996,140.28143310546875,1,quarterly
2025,1.0,Duisburg,146.1497344970703,206.52978515625,0,quarterly
2025,1.0,Duisburg,114.38243780470407,162.18833923339844,1,quarterly
2025,1.0,Düsseldorf,145.5813446044922,169.87196350097656,0,quarterly
2025,1.0,Düsseldorf,113.93759387966813,133.4186553955078,1,quarterly
2025,1.0,Erfurt,134.53494262695312,173.98605346679688,0,quarterly
2025,1.0,Erfurt,105.29225222708408,136.64346313476562,1,quarterly
2025,1.0,Frankfurt am Main,141.0701446533203,171.2863006591797,0,quarterly
2025,1.0,Frankfurt am Main,110.40695422701899,134.5340118408203,1,quarterly
2025,1.0,Karlsruhe,141.02903747558594,165.62982177734375,0,quarterly
2025,1.0,Karlsruhe,110.37478215899088,130.08740234375,1,quarterly
2025,1.0,Köln,147.66683959960938,184.32891845703125,0,quarterly
2025,1.0,Köln,115.56978296568931,144.77688598632812,1,quarterly
2025,1.0,Leipzig,162.5897216796875,213.3279266357422,0,quarterly
2025,1.0,Leipzig,127.24900795549377,167.5619354248047,1,quarterly
2025,1.0,Lübeck,154.9143829345703,188.2268829345703,0,quarterly
2025,1.0,Lübeck,121.24199083935252,147.82150268554688,1,quarterly
2025,1.0,Kreis Mettmann,144.87852478027344,181.451416015625,0,quarterly
2025,1.0,Kreis Mettmann,113.38753988806663,142.51097106933594,1,quarterly
2025,1.0,München,149.0377197265625,157.48760986328125,0,quarterly
2025,1.0,München,116.64268680228209,123.70558166503906,1,quarterly
2025,1.0,Münster,142.8704071044922,173.96066284179688,0,quarterly
2025,1.0,Münster,111.81590928644427,136.63601684570312,1,quarterly
2025,1.0,Potsdam,158.12547302246094,190.91595458984375,0,quarterly
2025,1.0,Potsdam,123.75511420237042,149.9517364501953,1,quarterly
2025,1.0,Rhein-Erft-Kreis,147.9436798095703,218.42672729492188,0,quarterly
2025,1.0,Rhein-Erft-Kreis,115.78644882694911,171.58546447753906,1,quarterly
2025,1.0,Stuttgart,141.45651245117188,163.64950561523438,0,quarterly
2025,1.0,Stuttgart,110.7093406169743,128.53948974609375,1,quarterly
2025,1.0,Wiesbaden,136.7578125,163.7866668701172,0,quarterly
2025,1.0,Wiesbaden,107.03195620859785,128.64837646484375,1,quarterly
2025,2.0,Berlin,165.4808807373047,203.7823486328125,0,quarterly
2025,2.0,Berlin,128.4481350480776,158.7461395263672,1,quarterly
2025,2.0,Bonn,142.29339599609375,191.03985595703125,0,quarterly
2025,2.0,Bonn,110.4497466046876,148.785400390625,1,quarterly
2025,2.0,Dortmund,149.85340881347656,201.1531219482422,0,quarterly
2025,2.0,Dortmund,116.31791423230572,156.6959228515625,1,quarterly
2025,2.0,Dresden,136.6363983154297,181.01971435546875,0,quarterly
2025,2.0,Dresden,106.05872089334818,141.01820373535156,1,quarterly
2025,2.0,Düsseldorf,147.65231323242188,171.53240966796875,0,quarterly
2025,2.0,Düsseldorf,114.60939889694286,133.6163787841797,1,quarterly
2025,2.0,Erfurt,136.289306640625,174.87448120117188,0,quarterly
2025,2.0,Erfurt,105.78930440172248,136.21328735351562,1,quarterly
2025,2.0,Frankfurt am Main,141.1498565673828,172.78933715820312,0,quarterly
2025,2.0,Frankfurt am Main,109.56211834021734,134.60000610351562,1,quarterly
2025,2.0,Karlsruhe,140.21865844726562,168.04110717773438,0,quarterly
2025,2.0,Karlsruhe,108.83931180597364,130.89736938476562,1,quarterly
2025,2.0,Köln,148.2003936767578,186.02537536621094,0,quarterly
2025,2.0,Köln,115.03482514931476,144.909423828125,1,quarterly
2025,2.0,Leipzig,163.2189178466797,219.48196411132812,0,quarterly
2025,2.0,Leipzig,126.69237381720784,170.9799346923828,1,quarterly
2025,2.0,Lübeck,156.72447204589844,192.4510498046875,0,quarterly
2025,2.0,Lübeck,121.65131138410759,149.89767456054688,1,quarterly
2025,2.0,Kreis Mettmann,143.7056121826172,191.17189025878906,0,quarterly
2025,2.0,Kreis Mettmann,111.54592481352614,148.91232299804688,1,quarterly
2025,2.0,Münster,147.90673828125,181.89454650878906,0,quarterly
2025,2.0,Münster,114.80688650328071,141.6943359375,1,quarterly
2025,2.0,Potsdam,158.65780639648438,201.2938995361328,0,quarterly
2025,2.0,Potsdam,123.1519874178022,156.80450439453125,1,quarterly
2025,2.0,Rhein-Erft-Kreis,149.1995849609375,224.93482971191406,0,quarterly
2025,2.0,Rhein-Erft-Kreis,115.81040874808055,175.24679565429688,1,quarterly
2025,2.0,Stuttgart,141.86294555664062,162.73617553710938,0,quarterly
2025,2.0,Stuttgart,110.11562609522434,126.77237701416016,1,quarterly
2025,2.0,Wiesbaden,138.4207000732422,162.12136840820312,0,quarterly
2025,2.0,Wiesbaden,107.44371613952319,126.2945785522461,1,quarterly
